Point,Corner,Iin,mc_iteration,temperature,Pass/Fail,/Inv_Out,DELAY
1,C0,40e-9,1,-40,,,1.194e-9
1,C1,40e-9,1,150,,,1.015e-9
2,C0,40e-9,2,-40,,,1.098e-9
2,C1,40e-9,2,150,,,845.9e-12
3,C0,40e-9,3,-40,,,1.085e-9
3,C1,40e-9,3,150,,,893.3e-12
4,C0,40e-9,4,-40,,,1.184e-9
4,C1,40e-9,4,150,,,974.4e-12
5,C0,40e-9,5,-40,,,1.154e-9
5,C1,40e-9,5,150,,,979.1e-12
6,C0,40e-9,6,-40,,,1.091e-9
6,C1,40e-9,6,150,,,694.1e-12
7,C0,40e-9,7,-40,,,1.253e-9
7,C1,40e-9,7,150,,,1.209e-9
8,C0,40e-9,8,-40,,,1.282e-9
8,C1,40e-9,8,150,,,1.129e-9
9,C0,40e-9,9,-40,,,1.112e-9
9,C1,40e-9,9,150,,,927.7e-12
10,C0,40e-9,10,-40,,,1.156e-9
10,C1,40e-9,10,150,,,1.013e-9
11,C0,40e-9,11,-40,,,1.055e-9
11,C1,40e-9,11,150,,,823.4e-12
12,C0,40e-9,12,-40,,,1.187e-9
12,C1,40e-9,12,150,,,972.5e-12
13,C0,40e-9,13,-40,,,1.148e-9
13,C1,40e-9,13,150,,,927.5e-12
14,C0,40e-9,14,-40,,,1.199e-9
14,C1,40e-9,14,150,,,1.036e-9
15,C0,40e-9,15,-40,,,1.03e-9
15,C1,40e-9,15,150,,,757.5e-12
16,C0,40e-9,16,-40,,,1.155e-9
16,C1,40e-9,16,150,,,913.9e-12
17,C0,40e-9,17,-40,,,1.152e-9
17,C1,40e-9,17,150,,,986.8e-12
18,C0,40e-9,18,-40,,,1.107e-9
18,C1,40e-9,18,150,,,833.2e-12
19,C0,40e-9,19,-40,,,1.219e-9
19,C1,40e-9,19,150,,,1.059e-9
20,C0,40e-9,20,-40,,,1.089e-9
20,C1,40e-9,20,150,,,970e-12
21,C0,40e-9,21,-40,,,1.195e-9
21,C1,40e-9,21,150,,,1.025e-9
22,C0,40e-9,22,-40,,,970.6e-12
22,C1,40e-9,22,150,,,eval err
23,C0,40e-9,23,-40,,,1.188e-9
23,C1,40e-9,23,150,,,1.023e-9
24,C0,40e-9,24,-40,,,1.109e-9
24,C1,40e-9,24,150,,,924.6e-12
25,C0,40e-9,25,-40,,,1.153e-9
25,C1,40e-9,25,150,,,972.3e-12
26,C0,40e-9,26,-40,,,1.093e-9
26,C1,40e-9,26,150,,,771.2e-12
27,C0,40e-9,27,-40,,,1.157e-9
27,C1,40e-9,27,150,,,1.018e-9
28,C0,40e-9,28,-40,,,1.227e-9
28,C1,40e-9,28,150,,,1.089e-9
29,C0,40e-9,29,-40,,,1.119e-9
29,C1,40e-9,29,150,,,959.7e-12
30,C0,40e-9,30,-40,,,1.019e-9
30,C1,40e-9,30,150,,,666e-12
31,C0,40e-9,31,-40,,,1.165e-9
31,C1,40e-9,31,150,,,976.7e-12
32,C0,40e-9,32,-40,,,1.194e-9
32,C1,40e-9,32,150,,,1.039e-9
33,C0,40e-9,33,-40,,,1.124e-9
33,C1,40e-9,33,150,,,952.6e-12
34,C0,40e-9,34,-40,,,1.199e-9
34,C1,40e-9,34,150,,,1.037e-9
35,C0,40e-9,35,-40,,,1.127e-9
35,C1,40e-9,35,150,,,909.4e-12
36,C0,40e-9,36,-40,,,1.089e-9
36,C1,40e-9,36,150,,,877.6e-12
37,C0,40e-9,37,-40,,,1.176e-9
37,C1,40e-9,37,150,,,1.037e-9
38,C0,40e-9,38,-40,,,1.14e-9
38,C1,40e-9,38,150,,,965e-12
39,C0,40e-9,39,-40,,,1.136e-9
39,C1,40e-9,39,150,,,858e-12
40,C0,40e-9,40,-40,,,1.062e-9
40,C1,40e-9,40,150,,,840.9e-12
41,C0,40e-9,41,-40,,,1.172e-9
41,C1,40e-9,41,150,,,951.7e-12
42,C0,40e-9,42,-40,,,1.069e-9
42,C1,40e-9,42,150,,,827.5e-12
43,C0,40e-9,43,-40,,,1.215e-9
43,C1,40e-9,43,150,,,949.9e-12
44,C0,40e-9,44,-40,,,1.113e-9
44,C1,40e-9,44,150,,,911.6e-12
45,C0,40e-9,45,-40,,,1.195e-9
45,C1,40e-9,45,150,,,1.057e-9
46,C0,40e-9,46,-40,,,1.14e-9
46,C1,40e-9,46,150,,,1.014e-9
47,C0,40e-9,47,-40,,,1.183e-9
47,C1,40e-9,47,150,,,977.1e-12
48,C0,40e-9,48,-40,,,1.152e-9
48,C1,40e-9,48,150,,,956.8e-12
49,C0,40e-9,49,-40,,,1.033e-9
49,C1,40e-9,49,150,,,627.9e-12
50,C0,40e-9,50,-40,,,1.18e-9
50,C1,40e-9,50,150,,,1.008e-9
51,C0,40e-9,51,-40,,,1.156e-9
51,C1,40e-9,51,150,,,1.085e-9
52,C0,40e-9,52,-40,,,1.161e-9
52,C1,40e-9,52,150,,,955.6e-12
53,C0,40e-9,53,-40,,,1.281e-9
53,C1,40e-9,53,150,,,1.084e-9
54,C0,40e-9,54,-40,,,1.112e-9
54,C1,40e-9,54,150,,,970.9e-12
55,C0,40e-9,55,-40,,,1.102e-9
55,C1,40e-9,55,150,,,815.7e-12
56,C0,40e-9,56,-40,,,1.099e-9
56,C1,40e-9,56,150,,,856.7e-12
57,C0,40e-9,57,-40,,,1.095e-9
57,C1,40e-9,57,150,,,808.6e-12
58,C0,40e-9,58,-40,,,1.178e-9
58,C1,40e-9,58,150,,,1.073e-9
59,C0,40e-9,59,-40,,,1.188e-9
59,C1,40e-9,59,150,,,1.004e-9
60,C0,40e-9,60,-40,,,1.073e-9
60,C1,40e-9,60,150,,,831.9e-12
61,C0,62.86e-9,1,-40,,,1.282e-9
61,C1,62.86e-9,1,150,,,1.147e-9
62,C0,62.86e-9,2,-40,,,1.188e-9
62,C1,62.86e-9,2,150,,,1.02e-9
63,C0,62.86e-9,3,-40,,,1.165e-9
63,C1,62.86e-9,3,150,,,1.03e-9
64,C0,62.86e-9,4,-40,,,1.264e-9
64,C1,62.86e-9,4,150,,,1.117e-9
65,C0,62.86e-9,5,-40,,,1.228e-9
65,C1,62.86e-9,5,150,,,1.104e-9
66,C0,62.86e-9,6,-40,,,1.186e-9
66,C1,62.86e-9,6,150,,,914.2e-12
67,C0,62.86e-9,7,-40,,,1.345e-9
67,C1,62.86e-9,7,150,,,1.304e-9
68,C0,62.86e-9,8,-40,,,1.354e-9
68,C1,62.86e-9,8,150,,,1.238e-9
69,C0,62.86e-9,9,-40,,,1.192e-9
69,C1,62.86e-9,9,150,,,1.062e-9
70,C0,62.86e-9,10,-40,,,1.238e-9
70,C1,62.86e-9,10,150,,,1.137e-9
71,C0,62.86e-9,11,-40,,,1.135e-9
71,C1,62.86e-9,11,150,,,979.1e-12
72,C0,62.86e-9,12,-40,,,1.26e-9
72,C1,62.86e-9,12,150,,,1.107e-9
73,C0,62.86e-9,13,-40,,,1.249e-9
73,C1,62.86e-9,13,150,,,1.082e-9
74,C0,62.86e-9,14,-40,,,1.276e-9
74,C1,62.86e-9,14,150,,,1.161e-9
75,C0,62.86e-9,15,-40,,,1.122e-9
75,C1,62.86e-9,15,150,,,936.9e-12
76,C0,62.86e-9,16,-40,,,1.248e-9
76,C1,62.86e-9,16,150,,,1.073e-9
77,C0,62.86e-9,17,-40,,,1.23e-9
77,C1,62.86e-9,17,150,,,1.116e-9
78,C0,62.86e-9,18,-40,,,1.186e-9
78,C1,62.86e-9,18,150,,,994.9e-12
79,C0,62.86e-9,19,-40,,,1.295e-9
79,C1,62.86e-9,19,150,,,1.178e-9
80,C0,62.86e-9,20,-40,,,1.17e-9
80,C1,62.86e-9,20,150,,,1.101e-9
81,C0,62.86e-9,21,-40,,,1.275e-9
81,C1,62.86e-9,21,150,,,1.154e-9
82,C0,62.86e-9,22,-40,,,1.063e-9
82,C1,62.86e-9,22,150,,,639.8e-12
83,C0,62.86e-9,23,-40,,,1.264e-9
83,C1,62.86e-9,23,150,,,1.149e-9
84,C0,62.86e-9,24,-40,,,1.193e-9
84,C1,62.86e-9,24,150,,,1.059e-9
85,C0,62.86e-9,25,-40,,,1.24e-9
85,C1,62.86e-9,25,150,,,1.116e-9
86,C0,62.86e-9,26,-40,,,1.175e-9
86,C1,62.86e-9,26,150,,,938.5e-12
87,C0,62.86e-9,27,-40,,,1.236e-9
87,C1,62.86e-9,27,150,,,1.144e-9
88,C0,62.86e-9,28,-40,,,1.318e-9
88,C1,62.86e-9,28,150,,,1.209e-9
89,C0,62.86e-9,29,-40,,,1.2e-9
89,C1,62.86e-9,29,150,,,1.095e-9
90,C0,62.86e-9,30,-40,,,1.114e-9
90,C1,62.86e-9,30,150,,,895.9e-12
91,C0,62.86e-9,31,-40,,,1.248e-9
91,C1,62.86e-9,31,150,,,1.115e-9
92,C0,62.86e-9,32,-40,,,1.263e-9
92,C1,62.86e-9,32,150,,,1.152e-9
93,C0,62.86e-9,33,-40,,,1.215e-9
93,C1,62.86e-9,33,150,,,1.091e-9
94,C0,62.86e-9,34,-40,,,1.291e-9
94,C1,62.86e-9,34,150,,,1.169e-9
95,C0,62.86e-9,35,-40,,,1.207e-9
95,C1,62.86e-9,35,150,,,1.061e-9
96,C0,62.86e-9,36,-40,,,1.164e-9
96,C1,62.86e-9,36,150,,,1.012e-9
97,C0,62.86e-9,37,-40,,,1.252e-9
97,C1,62.86e-9,37,150,,,1.16e-9
98,C0,62.86e-9,38,-40,,,1.216e-9
98,C1,62.86e-9,38,150,,,1.097e-9
99,C0,62.86e-9,39,-40,,,1.225e-9
99,C1,62.86e-9,39,150,,,1.028e-9
100,C0,62.86e-9,40,-40,,,1.144e-9
100,C1,62.86e-9,40,150,,,992e-12
101,C0,62.86e-9,41,-40,,,1.253e-9
101,C1,62.86e-9,41,150,,,1.088e-9
102,C0,62.86e-9,42,-40,,,1.157e-9
102,C1,62.86e-9,42,150,,,997.5e-12
103,C0,62.86e-9,43,-40,,,1.295e-9
103,C1,62.86e-9,43,150,,,1.1e-9
104,C0,62.86e-9,44,-40,,,1.191e-9
104,C1,62.86e-9,44,150,,,1.054e-9
105,C0,62.86e-9,45,-40,,,1.278e-9
105,C1,62.86e-9,45,150,,,1.176e-9
106,C0,62.86e-9,46,-40,,,1.252e-9
106,C1,62.86e-9,46,150,,,1.154e-9
107,C0,62.86e-9,47,-40,,,1.259e-9
107,C1,62.86e-9,47,150,,,1.115e-9
108,C0,62.86e-9,48,-40,,,1.236e-9
108,C1,62.86e-9,48,150,,,1.093e-9
109,C0,62.86e-9,49,-40,,,1.125e-9
109,C1,62.86e-9,49,150,,,865e-12
110,C0,62.86e-9,50,-40,,,1.254e-9
110,C1,62.86e-9,50,150,,,1.131e-9
111,C0,62.86e-9,51,-40,,,1.252e-9
111,C1,62.86e-9,51,150,,,1.2e-9
112,C0,62.86e-9,52,-40,,,1.24e-9
112,C1,62.86e-9,52,150,,,1.092e-9
113,C0,62.86e-9,53,-40,,,1.37e-9
113,C1,62.86e-9,53,150,,,1.215e-9
114,C0,62.86e-9,54,-40,,,1.203e-9
114,C1,62.86e-9,54,150,,,1.113e-9
115,C0,62.86e-9,55,-40,,,1.186e-9
115,C1,62.86e-9,55,150,,,981.7e-12
116,C0,62.86e-9,56,-40,,,1.189e-9
116,C1,62.86e-9,56,150,,,1.018e-9
117,C0,62.86e-9,57,-40,,,1.172e-9
117,C1,62.86e-9,57,150,,,967.6e-12
118,C0,62.86e-9,58,-40,,,1.265e-9
118,C1,62.86e-9,58,150,,,1.192e-9
119,C0,62.86e-9,59,-40,,,1.261e-9
119,C1,62.86e-9,59,150,,,1.127e-9
120,C0,62.86e-9,60,-40,,,1.172e-9
120,C1,62.86e-9,60,150,,,999e-12
121,C0,85.71e-9,1,-40,,,1.357e-9
121,C1,85.71e-9,1,150,,,1.25e-9
122,C0,85.71e-9,2,-40,,,1.262e-9
122,C1,85.71e-9,2,150,,,1.147e-9
123,C0,85.71e-9,3,-40,,,1.232e-9
123,C1,85.71e-9,3,150,,,1.139e-9
124,C0,85.71e-9,4,-40,,,1.334e-9
124,C1,85.71e-9,4,150,,,1.224e-9
125,C0,85.71e-9,5,-40,,,1.295e-9
125,C1,85.71e-9,5,150,,,1.203e-9
126,C0,85.71e-9,6,-40,,,1.261e-9
126,C1,85.71e-9,6,150,,,1.065e-9
127,C0,85.71e-9,7,-40,,,1.427e-9
127,C1,85.71e-9,7,150,,,1.384e-9
128,C0,85.71e-9,8,-40,,,1.42e-9
128,C1,85.71e-9,8,150,,,1.324e-9
129,C0,85.71e-9,9,-40,,,1.261e-9
129,C1,85.71e-9,9,150,,,1.169e-9
130,C0,85.71e-9,10,-40,,,1.31e-9
130,C1,85.71e-9,10,150,,,1.234e-9
131,C0,85.71e-9,11,-40,,,1.204e-9
131,C1,85.71e-9,11,150,,,1.101e-9
132,C0,85.71e-9,12,-40,,,1.327e-9
132,C1,85.71e-9,12,150,,,1.212e-9
133,C0,85.71e-9,13,-40,,,1.329e-9
133,C1,85.71e-9,13,150,,,1.2e-9
134,C0,85.71e-9,14,-40,,,1.345e-9
134,C1,85.71e-9,14,150,,,1.257e-9
135,C0,85.71e-9,15,-40,,,1.196e-9
135,C1,85.71e-9,15,150,,,1.067e-9
136,C0,85.71e-9,16,-40,,,1.324e-9
136,C1,85.71e-9,16,150,,,1.193e-9
137,C0,85.71e-9,17,-40,,,1.299e-9
137,C1,85.71e-9,17,150,,,1.215e-9
138,C0,85.71e-9,18,-40,,,1.254e-9
138,C1,85.71e-9,18,150,,,1.118e-9
139,C0,85.71e-9,19,-40,,,1.363e-9
139,C1,85.71e-9,19,150,,,1.271e-9
140,C0,85.71e-9,20,-40,,,1.24e-9
140,C1,85.71e-9,20,150,,,1.197e-9
141,C0,85.71e-9,21,-40,,,1.346e-9
141,C1,85.71e-9,21,150,,,1.252e-9
142,C0,85.71e-9,22,-40,,,1.138e-9
142,C1,85.71e-9,22,150,,,842.6e-12
143,C0,85.71e-9,23,-40,,,1.332e-9
143,C1,85.71e-9,23,150,,,1.245e-9
144,C0,85.71e-9,24,-40,,,1.264e-9
144,C1,85.71e-9,24,150,,,1.165e-9
145,C0,85.71e-9,25,-40,,,1.314e-9
145,C1,85.71e-9,25,150,,,1.221e-9
146,C0,85.71e-9,26,-40,,,1.243e-9
146,C1,85.71e-9,26,150,,,1.066e-9
147,C0,85.71e-9,27,-40,,,1.306e-9
147,C1,85.71e-9,27,150,,,1.238e-9
148,C0,85.71e-9,28,-40,,,1.394e-9
148,C1,85.71e-9,28,150,,,1.301e-9
149,C0,85.71e-9,29,-40,,,1.272e-9
149,C1,85.71e-9,29,150,,,1.197e-9
150,C0,85.71e-9,30,-40,,,1.189e-9
150,C1,85.71e-9,30,150,,,1.045e-9
151,C0,85.71e-9,31,-40,,,1.32e-9
151,C1,85.71e-9,31,150,,,1.221e-9
152,C0,85.71e-9,32,-40,,,1.326e-9
152,C1,85.71e-9,32,150,,,1.243e-9
153,C0,85.71e-9,33,-40,,,1.291e-9
153,C1,85.71e-9,33,150,,,1.198e-9
154,C0,85.71e-9,34,-40,,,1.369e-9
154,C1,85.71e-9,34,150,,,1.269e-9
155,C0,85.71e-9,35,-40,,,1.277e-9
155,C1,85.71e-9,35,150,,,1.174e-9
156,C0,85.71e-9,36,-40,,,1.23e-9
156,C1,85.71e-9,36,150,,,1.122e-9
157,C0,85.71e-9,37,-40,,,1.32e-9
157,C1,85.71e-9,37,150,,,1.253e-9
158,C0,85.71e-9,38,-40,,,1.284e-9
158,C1,85.71e-9,38,150,,,1.199e-9
159,C0,85.71e-9,39,-40,,,1.299e-9
159,C1,85.71e-9,39,150,,,1.156e-9
160,C0,85.71e-9,40,-40,,,1.213e-9
160,C1,85.71e-9,40,150,,,1.109e-9
161,C0,85.71e-9,41,-40,,,1.322e-9
161,C1,85.71e-9,41,150,,,1.197e-9
162,C0,85.71e-9,42,-40,,,1.23e-9
162,C1,85.71e-9,42,150,,,1.123e-9
163,C0,85.71e-9,43,-40,,,1.365e-9
163,C1,85.71e-9,43,150,,,1.215e-9
164,C0,85.71e-9,44,-40,,,1.26e-9
164,C1,85.71e-9,44,150,,,1.164e-9
165,C0,85.71e-9,45,-40,,,1.35e-9
165,C1,85.71e-9,45,150,,,1.268e-9
166,C0,85.71e-9,46,-40,,,1.34e-9
166,C1,85.71e-9,46,150,,,1.257e-9
167,C0,85.71e-9,47,-40,,,1.327e-9
167,C1,85.71e-9,47,150,,,1.22e-9
168,C0,85.71e-9,48,-40,,,1.308e-9
168,C1,85.71e-9,48,150,,,1.201e-9
169,C0,85.71e-9,49,-40,,,1.198e-9
169,C1,85.71e-9,49,150,,,1.016e-9
170,C0,85.71e-9,50,-40,,,1.32e-9
170,C1,85.71e-9,50,150,,,1.228e-9
171,C0,85.71e-9,51,-40,,,1.333e-9
171,C1,85.71e-9,51,150,,,1.29e-9
172,C0,85.71e-9,52,-40,,,1.309e-9
172,C1,85.71e-9,52,150,,,1.199e-9
173,C0,85.71e-9,53,-40,,,1.446e-9
173,C1,85.71e-9,53,150,,,1.311e-9
174,C0,85.71e-9,54,-40,,,1.279e-9
174,C1,85.71e-9,54,150,,,1.214e-9
175,C0,85.71e-9,55,-40,,,1.256e-9
175,C1,85.71e-9,55,150,,,1.108e-9
176,C0,85.71e-9,56,-40,,,1.264e-9
176,C1,85.71e-9,56,150,,,1.14e-9
177,C0,85.71e-9,57,-40,,,1.239e-9
177,C1,85.71e-9,57,150,,,1.091e-9
178,C0,85.71e-9,58,-40,,,1.34e-9
178,C1,85.71e-9,58,150,,,1.282e-9
179,C0,85.71e-9,59,-40,,,1.326e-9
179,C1,85.71e-9,59,150,,,1.225e-9
180,C0,85.71e-9,60,-40,,,1.25e-9
180,C1,85.71e-9,60,150,,,1.125e-9
181,C0,108.6e-9,1,-40,,,1.425e-9
181,C1,108.6e-9,1,150,,,1.332e-9
182,C0,108.6e-9,2,-40,,,1.331e-9
182,C1,108.6e-9,2,150,,,1.241e-9
183,C0,108.6e-9,3,-40,,,1.296e-9
183,C1,108.6e-9,3,150,,,1.226e-9
184,C0,108.6e-9,4,-40,,,1.399e-9
184,C1,108.6e-9,4,150,,,1.309e-9
185,C0,108.6e-9,5,-40,,,1.357e-9
185,C1,108.6e-9,5,150,,,1.284e-9
186,C0,108.6e-9,6,-40,,,1.328e-9
186,C1,108.6e-9,6,150,,,1.179e-9
187,C0,108.6e-9,7,-40,,,1.502e-9
187,C1,108.6e-9,7,150,,,1.457e-9
188,C0,108.6e-9,8,-40,,,1.481e-9
188,C1,108.6e-9,8,150,,,1.399e-9
189,C0,108.6e-9,9,-40,,,1.325e-9
189,C1,108.6e-9,9,150,,,1.253e-9
190,C0,108.6e-9,10,-40,,,1.376e-9
190,C1,108.6e-9,10,150,,,1.313e-9
191,C0,108.6e-9,11,-40,,,1.268e-9
191,C1,108.6e-9,11,150,,,1.192e-9
192,C0,108.6e-9,12,-40,,,1.389e-9
192,C1,108.6e-9,12,150,,,1.296e-9
193,C0,108.6e-9,13,-40,,,1.401e-9
193,C1,108.6e-9,13,150,,,1.292e-9
194,C0,108.6e-9,14,-40,,,1.409e-9
194,C1,108.6e-9,14,150,,,1.336e-9
195,C0,108.6e-9,15,-40,,,1.263e-9
195,C1,108.6e-9,15,150,,,1.17e-9
196,C0,108.6e-9,16,-40,,,1.393e-9
196,C1,108.6e-9,16,150,,,1.284e-9
197,C0,108.6e-9,17,-40,,,1.362e-9
197,C1,108.6e-9,17,150,,,1.296e-9
198,C0,108.6e-9,18,-40,,,1.318e-9
198,C1,108.6e-9,18,150,,,1.213e-9
199,C0,108.6e-9,19,-40,,,1.427e-9
199,C1,108.6e-9,19,150,,,1.348e-9
200,C0,108.6e-9,20,-40,,,1.307e-9
200,C1,108.6e-9,20,150,,,1.277e-9
201,C0,108.6e-9,21,-40,,,1.411e-9
201,C1,108.6e-9,21,150,,,1.332e-9
202,C0,108.6e-9,22,-40,,,1.203e-9
202,C1,108.6e-9,22,150,,,979.2e-12
203,C0,108.6e-9,23,-40,,,1.396e-9
203,C1,108.6e-9,23,150,,,1.325e-9
204,C0,108.6e-9,24,-40,,,1.329e-9
204,C1,108.6e-9,24,150,,,1.25e-9
205,C0,108.6e-9,25,-40,,,1.383e-9
205,C1,108.6e-9,25,150,,,1.305e-9
206,C0,108.6e-9,26,-40,,,1.306e-9
206,C1,108.6e-9,26,150,,,1.171e-9
207,C0,108.6e-9,27,-40,,,1.373e-9
207,C1,108.6e-9,27,150,,,1.318e-9
208,C0,108.6e-9,28,-40,,,1.463e-9
208,C1,108.6e-9,28,150,,,1.379e-9
209,C0,108.6e-9,29,-40,,,1.338e-9
209,C1,108.6e-9,29,150,,,1.28e-9
210,C0,108.6e-9,30,-40,,,1.258e-9
210,C1,108.6e-9,30,150,,,1.155e-9
211,C0,108.6e-9,31,-40,,,1.387e-9
211,C1,108.6e-9,31,150,,,1.304e-9
212,C0,108.6e-9,32,-40,,,1.386e-9
212,C1,108.6e-9,32,150,,,1.319e-9
213,C0,108.6e-9,33,-40,,,1.36e-9
213,C1,108.6e-9,33,150,,,1.283e-9
214,C0,108.6e-9,34,-40,,,1.439e-9
214,C1,108.6e-9,34,150,,,1.351e-9
215,C0,108.6e-9,35,-40,,,1.342e-9
215,C1,108.6e-9,35,150,,,1.262e-9
216,C0,108.6e-9,36,-40,,,1.292e-9
216,C1,108.6e-9,36,150,,,1.211e-9
217,C0,108.6e-9,37,-40,,,1.384e-9
217,C1,108.6e-9,37,150,,,1.331e-9
218,C0,108.6e-9,38,-40,,,1.348e-9
218,C1,108.6e-9,38,150,,,1.281e-9
219,C0,108.6e-9,39,-40,,,1.366e-9
219,C1,108.6e-9,39,150,,,1.252e-9
220,C0,108.6e-9,40,-40,,,1.278e-9
220,C1,108.6e-9,40,150,,,1.201e-9
221,C0,108.6e-9,41,-40,,,1.386e-9
221,C1,108.6e-9,41,150,,,1.284e-9
222,C0,108.6e-9,42,-40,,,1.297e-9
222,C1,108.6e-9,42,150,,,1.217e-9
223,C0,108.6e-9,43,-40,,,1.43e-9
223,C1,108.6e-9,43,150,,,1.304e-9
224,C0,108.6e-9,44,-40,,,1.324e-9
224,C1,108.6e-9,44,150,,,1.249e-9
225,C0,108.6e-9,45,-40,,,1.417e-9
225,C1,108.6e-9,45,150,,,1.346e-9
226,C0,108.6e-9,46,-40,,,1.416e-9
226,C1,108.6e-9,46,150,,,1.34e-9
227,C0,108.6e-9,47,-40,,,1.389e-9
227,C1,108.6e-9,47,150,,,1.304e-9
228,C0,108.6e-9,48,-40,,,1.374e-9
228,C1,108.6e-9,48,150,,,1.286e-9
229,C0,108.6e-9,49,-40,,,1.265e-9
229,C1,108.6e-9,49,150,,,1.132e-9
230,C0,108.6e-9,50,-40,,,1.383e-9
230,C1,108.6e-9,50,150,,,1.307e-9
231,C0,108.6e-9,51,-40,,,1.406e-9
231,C1,108.6e-9,51,150,,,1.367e-9
232,C0,108.6e-9,52,-40,,,1.374e-9
232,C1,108.6e-9,52,150,,,1.285e-9
233,C0,108.6e-9,53,-40,,,1.516e-9
233,C1,108.6e-9,53,150,,,1.393e-9
234,C0,108.6e-9,54,-40,,,1.35e-9
234,C1,108.6e-9,54,150,,,1.298e-9
235,C0,108.6e-9,55,-40,,,1.321e-9
235,C1,108.6e-9,55,150,,,1.209e-9
236,C0,108.6e-9,56,-40,,,1.331e-9
236,C1,108.6e-9,56,150,,,1.235e-9
237,C0,108.6e-9,57,-40,,,1.302e-9
237,C1,108.6e-9,57,150,,,1.189e-9
238,C0,108.6e-9,58,-40,,,1.41e-9
238,C1,108.6e-9,58,150,,,1.36e-9
239,C0,108.6e-9,59,-40,,,1.387e-9
239,C1,108.6e-9,59,150,,,1.306e-9
240,C0,108.6e-9,60,-40,,,1.32e-9
240,C1,108.6e-9,60,150,,,1.22e-9
241,C0,131.4e-9,1,-40,,,1.489e-9
241,C1,131.4e-9,1,150,,,1.406e-9
242,C0,131.4e-9,2,-40,,,1.395e-9
242,C1,131.4e-9,2,150,,,1.321e-9
243,C0,131.4e-9,3,-40,,,1.357e-9
243,C1,131.4e-9,3,150,,,1.3e-9
244,C0,131.4e-9,4,-40,,,1.462e-9
244,C1,131.4e-9,4,150,,,1.384e-9
245,C0,131.4e-9,5,-40,,,1.416e-9
245,C1,131.4e-9,5,150,,,1.355e-9
246,C0,131.4e-9,6,-40,,,1.391e-9
246,C1,131.4e-9,6,150,,,1.268e-9
247,C0,131.4e-9,7,-40,,,1.571e-9
247,C1,131.4e-9,7,150,,,1.527e-9
248,C0,131.4e-9,8,-40,,,1.542e-9
248,C1,131.4e-9,8,150,,,1.468e-9
249,C0,131.4e-9,9,-40,,,1.386e-9
249,C1,131.4e-9,9,150,,,1.327e-9
250,C0,131.4e-9,10,-40,,,1.439e-9
250,C1,131.4e-9,10,150,,,1.384e-9
251,C0,131.4e-9,11,-40,,,1.329e-9
251,C1,131.4e-9,11,150,,,1.269e-9
252,C0,131.4e-9,12,-40,,,1.448e-9
252,C1,131.4e-9,12,150,,,1.369e-9
253,C0,131.4e-9,13,-40,,,1.467e-9
253,C1,131.4e-9,13,150,,,1.369e-9
254,C0,131.4e-9,14,-40,,,1.47e-9
254,C1,131.4e-9,14,150,,,1.408e-9
255,C0,131.4e-9,15,-40,,,1.325e-9
255,C1,131.4e-9,15,150,,,1.251e-9
256,C0,131.4e-9,16,-40,,,1.458e-9
256,C1,131.4e-9,16,150,,,1.361e-9
257,C0,131.4e-9,17,-40,,,1.424e-9
257,C1,131.4e-9,17,150,,,1.369e-9
258,C0,131.4e-9,18,-40,,,1.378e-9
258,C1,131.4e-9,18,150,,,1.292e-9
259,C0,131.4e-9,19,-40,,,1.487e-9
259,C1,131.4e-9,19,150,,,1.418e-9
260,C0,131.4e-9,20,-40,,,1.37e-9
260,C1,131.4e-9,20,150,,,1.35e-9
261,C0,131.4e-9,21,-40,,,1.474e-9
261,C1,131.4e-9,21,150,,,1.405e-9
262,C0,131.4e-9,22,-40,,,1.265e-9
262,C1,131.4e-9,22,150,,,1.09e-9
263,C0,131.4e-9,23,-40,,,1.456e-9
263,C1,131.4e-9,23,150,,,1.397e-9
264,C0,131.4e-9,24,-40,,,1.391e-9
264,C1,131.4e-9,24,150,,,1.324e-9
265,C0,131.4e-9,25,-40,,,1.448e-9
265,C1,131.4e-9,25,150,,,1.381e-9
266,C0,131.4e-9,26,-40,,,1.366e-9
266,C1,131.4e-9,26,150,,,1.256e-9
267,C0,131.4e-9,27,-40,,,1.436e-9
267,C1,131.4e-9,27,150,,,1.39e-9
268,C0,131.4e-9,28,-40,,,1.53e-9
268,C1,131.4e-9,28,150,,,1.451e-9
269,C0,131.4e-9,29,-40,,,1.401e-9
269,C1,131.4e-9,29,150,,,1.354e-9
270,C0,131.4e-9,30,-40,,,1.323e-9
270,C1,131.4e-9,30,150,,,1.241e-9
271,C0,131.4e-9,31,-40,,,1.449e-9
271,C1,131.4e-9,31,150,,,1.378e-9
272,C0,131.4e-9,32,-40,,,1.444e-9
272,C1,131.4e-9,32,150,,,1.388e-9
273,C0,131.4e-9,33,-40,,,1.425e-9
273,C1,131.4e-9,33,150,,,1.357e-9
274,C0,131.4e-9,34,-40,,,1.505e-9
274,C1,131.4e-9,34,150,,,1.425e-9
275,C0,131.4e-9,35,-40,,,1.404e-9
275,C1,131.4e-9,35,150,,,1.337e-9
276,C0,131.4e-9,36,-40,,,1.351e-9
276,C1,131.4e-9,36,150,,,1.285e-9
277,C0,131.4e-9,37,-40,,,1.446e-9
277,C1,131.4e-9,37,150,,,1.403e-9
278,C0,131.4e-9,38,-40,,,1.408e-9
278,C1,131.4e-9,38,150,,,1.354e-9
279,C0,131.4e-9,39,-40,,,1.43e-9
279,C1,131.4e-9,39,150,,,1.331e-9
280,C0,131.4e-9,40,-40,,,1.339e-9
280,C1,131.4e-9,40,150,,,1.278e-9
281,C0,131.4e-9,41,-40,,,1.447e-9
281,C1,131.4e-9,41,150,,,1.358e-9
282,C0,131.4e-9,42,-40,,,1.361e-9
282,C1,131.4e-9,42,150,,,1.296e-9
283,C0,131.4e-9,43,-40,,,1.492e-9
283,C1,131.4e-9,43,150,,,1.381e-9
284,C0,131.4e-9,44,-40,,,1.384e-9
284,C1,131.4e-9,44,150,,,1.324e-9
285,C0,131.4e-9,45,-40,,,1.481e-9
285,C1,131.4e-9,45,150,,,1.417e-9
286,C0,131.4e-9,46,-40,,,1.487e-9
286,C1,131.4e-9,46,150,,,1.416e-9
287,C0,131.4e-9,47,-40,,,1.451e-9
287,C1,131.4e-9,47,150,,,1.378e-9
288,C0,131.4e-9,48,-40,,,1.436e-9
288,C1,131.4e-9,48,150,,,1.36e-9
289,C0,131.4e-9,49,-40,,,1.327e-9
289,C1,131.4e-9,49,150,,,1.222e-9
290,C0,131.4e-9,50,-40,,,1.442e-9
290,C1,131.4e-9,50,150,,,1.378e-9
291,C0,131.4e-9,51,-40,,,1.476e-9
291,C1,131.4e-9,51,150,,,1.438e-9
292,C0,131.4e-9,52,-40,,,1.435e-9
292,C1,131.4e-9,52,150,,,1.359e-9
293,C0,131.4e-9,53,-40,,,1.582e-9
293,C1,131.4e-9,53,150,,,1.467e-9
294,C0,131.4e-9,54,-40,,,1.417e-9
294,C1,131.4e-9,54,150,,,1.373e-9
295,C0,131.4e-9,55,-40,,,1.382e-9
295,C1,131.4e-9,55,150,,,1.29e-9
296,C0,131.4e-9,56,-40,,,1.394e-9
296,C1,131.4e-9,56,150,,,1.313e-9
297,C0,131.4e-9,57,-40,,,1.362e-9
297,C1,131.4e-9,57,150,,,1.27e-9
298,C0,131.4e-9,58,-40,,,1.476e-9
298,C1,131.4e-9,58,150,,,1.432e-9
299,C0,131.4e-9,59,-40,,,1.446e-9
299,C1,131.4e-9,59,150,,,1.377e-9
300,C0,131.4e-9,60,-40,,,1.385e-9
300,C1,131.4e-9,60,150,,,1.3e-9
301,C0,154.3e-9,1,-40,,,1.551e-9
301,C1,154.3e-9,1,150,,,1.474e-9
302,C0,154.3e-9,2,-40,,,1.457e-9
302,C1,154.3e-9,2,150,,,1.394e-9
303,C0,154.3e-9,3,-40,,,1.415e-9
303,C1,154.3e-9,3,150,,,1.368e-9
304,C0,154.3e-9,4,-40,,,1.522e-9
304,C1,154.3e-9,4,150,,,1.453e-9
305,C0,154.3e-9,5,-40,,,1.473e-9
305,C1,154.3e-9,5,150,,,1.421e-9
306,C0,154.3e-9,6,-40,,,1.451e-9
306,C1,154.3e-9,6,150,,,1.344e-9
307,C0,154.3e-9,7,-40,,,1.638e-9
307,C1,154.3e-9,7,150,,,1.593e-9
308,C0,154.3e-9,8,-40,,,1.599e-9
308,C1,154.3e-9,8,150,,,1.533e-9
309,C0,154.3e-9,9,-40,,,1.445e-9
309,C1,154.3e-9,9,150,,,1.395e-9
310,C0,154.3e-9,10,-40,,,1.5e-9
310,C1,154.3e-9,10,150,,,1.451e-9
311,C0,154.3e-9,11,-40,,,1.388e-9
311,C1,154.3e-9,11,150,,,1.339e-9
312,C0,154.3e-9,12,-40,,,1.506e-9
312,C1,154.3e-9,12,150,,,1.437e-9
313,C0,154.3e-9,13,-40,,,1.531e-9
313,C1,154.3e-9,13,150,,,1.44e-9
314,C0,154.3e-9,14,-40,,,1.53e-9
314,C1,154.3e-9,14,150,,,1.475e-9
315,C0,154.3e-9,15,-40,,,1.386e-9
315,C1,154.3e-9,15,150,,,1.324e-9
316,C0,154.3e-9,16,-40,,,1.52e-9
316,C1,154.3e-9,16,150,,,1.433e-9
317,C0,154.3e-9,17,-40,,,1.482e-9
317,C1,154.3e-9,17,150,,,1.436e-9
318,C0,154.3e-9,18,-40,,,1.437e-9
318,C1,154.3e-9,18,150,,,1.362e-9
319,C0,154.3e-9,19,-40,,,1.546e-9
319,C1,154.3e-9,19,150,,,1.485e-9
320,C0,154.3e-9,20,-40,,,1.43e-9
320,C1,154.3e-9,20,150,,,1.418e-9
321,C0,154.3e-9,21,-40,,,1.534e-9
321,C1,154.3e-9,21,150,,,1.472e-9
322,C0,154.3e-9,22,-40,,,1.323e-9
322,C1,154.3e-9,22,150,,,1.181e-9
323,C0,154.3e-9,23,-40,,,1.515e-9
323,C1,154.3e-9,23,150,,,1.464e-9
324,C0,154.3e-9,24,-40,,,1.45e-9
324,C1,154.3e-9,24,150,,,1.392e-9
325,C0,154.3e-9,25,-40,,,1.51e-9
325,C1,154.3e-9,25,150,,,1.45e-9
326,C0,154.3e-9,26,-40,,,1.423e-9
326,C1,154.3e-9,26,150,,,1.329e-9
327,C0,154.3e-9,27,-40,,,1.496e-9
327,C1,154.3e-9,27,150,,,1.457e-9
328,C0,154.3e-9,28,-40,,,1.593e-9
328,C1,154.3e-9,28,150,,,1.518e-9
329,C0,154.3e-9,29,-40,,,1.462e-9
329,C1,154.3e-9,29,150,,,1.422e-9
330,C0,154.3e-9,30,-40,,,1.385e-9
330,C1,154.3e-9,30,150,,,1.316e-9
331,C0,154.3e-9,31,-40,,,1.51e-9
331,C1,154.3e-9,31,150,,,1.448e-9
332,C0,154.3e-9,32,-40,,,1.499e-9
332,C1,154.3e-9,32,150,,,1.453e-9
333,C0,154.3e-9,33,-40,,,1.487e-9
333,C1,154.3e-9,33,150,,,1.426e-9
334,C0,154.3e-9,34,-40,,,1.568e-9
334,C1,154.3e-9,34,150,,,1.493e-9
335,C0,154.3e-9,35,-40,,,1.463e-9
335,C1,154.3e-9,35,150,,,1.407e-9
336,C0,154.3e-9,36,-40,,,1.407e-9
336,C1,154.3e-9,36,150,,,1.353e-9
337,C0,154.3e-9,37,-40,,,1.505e-9
337,C1,154.3e-9,37,150,,,1.47e-9
338,C0,154.3e-9,38,-40,,,1.466e-9
338,C1,154.3e-9,38,150,,,1.421e-9
339,C0,154.3e-9,39,-40,,,1.491e-9
339,C1,154.3e-9,39,150,,,1.404e-9
340,C0,154.3e-9,40,-40,,,1.397e-9
340,C1,154.3e-9,40,150,,,1.348e-9
341,C0,154.3e-9,41,-40,,,1.505e-9
341,C1,154.3e-9,41,150,,,1.427e-9
342,C0,154.3e-9,42,-40,,,1.422e-9
342,C1,154.3e-9,42,150,,,1.368e-9
343,C0,154.3e-9,43,-40,,,1.55e-9
343,C1,154.3e-9,43,150,,,1.451e-9
344,C0,154.3e-9,44,-40,,,1.443e-9
344,C1,154.3e-9,44,150,,,1.393e-9
345,C0,154.3e-9,45,-40,,,1.542e-9
345,C1,154.3e-9,45,150,,,1.483e-9
346,C0,154.3e-9,46,-40,,,1.555e-9
346,C1,154.3e-9,46,150,,,1.486e-9
347,C0,154.3e-9,47,-40,,,1.509e-9
347,C1,154.3e-9,47,150,,,1.446e-9
348,C0,154.3e-9,48,-40,,,1.496e-9
348,C1,154.3e-9,48,150,,,1.428e-9
349,C0,154.3e-9,49,-40,,,1.387e-9
349,C1,154.3e-9,49,150,,,1.298e-9
350,C0,154.3e-9,50,-40,,,1.499e-9
350,C1,154.3e-9,50,150,,,1.444e-9
351,C0,154.3e-9,51,-40,,,1.542e-9
351,C1,154.3e-9,51,150,,,1.506e-9
352,C0,154.3e-9,52,-40,,,1.493e-9
352,C1,154.3e-9,52,150,,,1.427e-9
353,C0,154.3e-9,53,-40,,,1.645e-9
353,C1,154.3e-9,53,150,,,1.537e-9
354,C0,154.3e-9,54,-40,,,1.48e-9
354,C1,154.3e-9,54,150,,,1.443e-9
355,C0,154.3e-9,55,-40,,,1.441e-9
355,C1,154.3e-9,55,150,,,1.362e-9
356,C0,154.3e-9,56,-40,,,1.455e-9
356,C1,154.3e-9,56,150,,,1.385e-9
357,C0,154.3e-9,57,-40,,,1.419e-9
357,C1,154.3e-9,57,150,,,1.341e-9
358,C0,154.3e-9,58,-40,,,1.539e-9
358,C1,154.3e-9,58,150,,,1.499e-9
359,C0,154.3e-9,59,-40,,,1.503e-9
359,C1,154.3e-9,59,150,,,1.443e-9
360,C0,154.3e-9,60,-40,,,1.447e-9
360,C1,154.3e-9,60,150,,,1.372e-9
361,C0,177.1e-9,1,-40,,,1.611e-9
361,C1,177.1e-9,1,150,,,1.538e-9
362,C0,177.1e-9,2,-40,,,1.516e-9
362,C1,177.1e-9,2,150,,,1.461e-9
363,C0,177.1e-9,3,-40,,,1.471e-9
363,C1,177.1e-9,3,150,,,1.432e-9
364,C0,177.1e-9,4,-40,,,1.58e-9
364,C1,177.1e-9,4,150,,,1.519e-9
365,C0,177.1e-9,5,-40,,,1.529e-9
365,C1,177.1e-9,5,150,,,1.484e-9
366,C0,177.1e-9,6,-40,,,1.509e-9
366,C1,177.1e-9,6,150,,,1.413e-9
367,C0,177.1e-9,7,-40,,,1.701e-9
367,C1,177.1e-9,7,150,,,1.656e-9
368,C0,177.1e-9,8,-40,,,1.655e-9
368,C1,177.1e-9,8,150,,,1.596e-9
369,C0,177.1e-9,9,-40,,,1.502e-9
369,C1,177.1e-9,9,150,,,1.459e-9
370,C0,177.1e-9,10,-40,,,1.558e-9
370,C1,177.1e-9,10,150,,,1.515e-9
371,C0,177.1e-9,11,-40,,,1.444e-9
371,C1,177.1e-9,11,150,,,1.405e-9
372,C0,177.1e-9,12,-40,,,1.561e-9
372,C1,177.1e-9,12,150,,,1.501e-9
373,C0,177.1e-9,13,-40,,,1.592e-9
373,C1,177.1e-9,13,150,,,1.506e-9
374,C0,177.1e-9,14,-40,,,1.587e-9
374,C1,177.1e-9,14,150,,,1.539e-9
375,C0,177.1e-9,15,-40,,,1.444e-9
375,C1,177.1e-9,15,150,,,1.391e-9
376,C0,177.1e-9,16,-40,,,1.58e-9
376,C1,177.1e-9,16,150,,,1.5e-9
377,C0,177.1e-9,17,-40,,,1.54e-9
377,C1,177.1e-9,17,150,,,1.5e-9
378,C0,177.1e-9,18,-40,,,1.494e-9
378,C1,177.1e-9,18,150,,,1.429e-9
379,C0,177.1e-9,19,-40,,,1.602e-9
379,C1,177.1e-9,19,150,,,1.548e-9
380,C0,177.1e-9,20,-40,,,1.489e-9
380,C1,177.1e-9,20,150,,,1.483e-9
381,C0,177.1e-9,21,-40,,,1.592e-9
381,C1,177.1e-9,21,150,,,1.537e-9
382,C0,177.1e-9,22,-40,,,1.379e-9
382,C1,177.1e-9,22,150,,,1.257e-9
383,C0,177.1e-9,23,-40,,,1.572e-9
383,C1,177.1e-9,23,150,,,1.528e-9
384,C0,177.1e-9,24,-40,,,1.508e-9
384,C1,177.1e-9,24,150,,,1.456e-9
385,C0,177.1e-9,25,-40,,,1.57e-9
385,C1,177.1e-9,25,150,,,1.517e-9
386,C0,177.1e-9,26,-40,,,1.478e-9
386,C1,177.1e-9,26,150,,,1.396e-9
387,C0,177.1e-9,27,-40,,,1.554e-9
387,C1,177.1e-9,27,150,,,1.522e-9
388,C0,177.1e-9,28,-40,,,1.654e-9
388,C1,177.1e-9,28,150,,,1.583e-9
389,C0,177.1e-9,29,-40,,,1.52e-9
389,C1,177.1e-9,29,150,,,1.488e-9
390,C0,177.1e-9,30,-40,,,1.444e-9
390,C1,177.1e-9,30,150,,,1.385e-9
391,C0,177.1e-9,31,-40,,,1.569e-9
391,C1,177.1e-9,31,150,,,1.513e-9
392,C0,177.1e-9,32,-40,,,1.554e-9
392,C1,177.1e-9,32,150,,,1.514e-9
393,C0,177.1e-9,33,-40,,,1.547e-9
393,C1,177.1e-9,33,150,,,1.491e-9
394,C0,177.1e-9,34,-40,,,1.629e-9
394,C1,177.1e-9,34,150,,,1.558e-9
395,C0,177.1e-9,35,-40,,,1.521e-9
395,C1,177.1e-9,35,150,,,1.473e-9
396,C0,177.1e-9,36,-40,,,1.462e-9
396,C1,177.1e-9,36,150,,,1.416e-9
397,C0,177.1e-9,37,-40,,,1.562e-9
397,C1,177.1e-9,37,150,,,1.534e-9
398,C0,177.1e-9,38,-40,,,1.523e-9
398,C1,177.1e-9,38,150,,,1.485e-9
399,C0,177.1e-9,39,-40,,,1.55e-9
399,C1,177.1e-9,39,150,,,1.471e-9
400,C0,177.1e-9,40,-40,,,1.454e-9
400,C1,177.1e-9,40,150,,,1.413e-9
401,C0,177.1e-9,41,-40,,,1.561e-9
401,C1,177.1e-9,41,150,,,1.491e-9
402,C0,177.1e-9,42,-40,,,1.481e-9
402,C1,177.1e-9,42,150,,,1.436e-9
403,C0,177.1e-9,43,-40,,,1.608e-9
403,C1,177.1e-9,43,150,,,1.517e-9
404,C0,177.1e-9,44,-40,,,1.5e-9
404,C1,177.1e-9,44,150,,,1.458e-9
405,C0,177.1e-9,45,-40,,,1.601e-9
405,C1,177.1e-9,45,150,,,1.545e-9
406,C0,177.1e-9,46,-40,,,1.62e-9
406,C1,177.1e-9,46,150,,,1.553e-9
407,C0,177.1e-9,47,-40,,,1.565e-9
407,C1,177.1e-9,47,150,,,1.51e-9
408,C0,177.1e-9,48,-40,,,1.554e-9
408,C1,177.1e-9,48,150,,,1.493e-9
409,C0,177.1e-9,49,-40,,,1.445e-9
409,C1,177.1e-9,49,150,,,1.369e-9
410,C0,177.1e-9,50,-40,,,1.555e-9
410,C1,177.1e-9,50,150,,,1.507e-9
411,C0,177.1e-9,51,-40,,,1.606e-9
411,C1,177.1e-9,51,150,,,1.571e-9
412,C0,177.1e-9,52,-40,,,1.549e-9
412,C1,177.1e-9,52,150,,,1.491e-9
413,C0,177.1e-9,53,-40,,,1.705e-9
413,C1,177.1e-9,53,150,,,1.603e-9
414,C0,177.1e-9,54,-40,,,1.541e-9
414,C1,177.1e-9,54,150,,,1.51e-9
415,C0,177.1e-9,55,-40,,,1.498e-9
415,C1,177.1e-9,55,150,,,1.429e-9
416,C0,177.1e-9,56,-40,,,1.513e-9
416,C1,177.1e-9,56,150,,,1.451e-9
417,C0,177.1e-9,57,-40,,,1.475e-9
417,C1,177.1e-9,57,150,,,1.406e-9
418,C0,177.1e-9,58,-40,,,1.6e-9
418,C1,177.1e-9,58,150,,,1.564e-9
419,C0,177.1e-9,59,-40,,,1.558e-9
419,C1,177.1e-9,59,150,,,1.506e-9
420,C0,177.1e-9,60,-40,,,1.507e-9
420,C1,177.1e-9,60,150,,,1.439e-9
421,C0,200e-9,1,-40,,,1.669e-9
421,C1,200e-9,1,150,,,1.6e-9
422,C0,200e-9,2,-40,,,1.574e-9
422,C1,200e-9,2,150,,,1.526e-9
423,C0,200e-9,3,-40,,,1.526e-9
423,C1,200e-9,3,150,,,1.493e-9
424,C0,200e-9,4,-40,,,1.636e-9
424,C1,200e-9,4,150,,,1.582e-9
425,C0,200e-9,5,-40,,,1.583e-9
425,C1,200e-9,5,150,,,1.544e-9
426,C0,200e-9,6,-40,,,1.566e-9
426,C1,200e-9,6,150,,,1.479e-9
427,C0,200e-9,7,-40,,,1.764e-9
427,C1,200e-9,7,150,,,1.717e-9
428,C0,200e-9,8,-40,,,1.71e-9
428,C1,200e-9,8,150,,,1.655e-9
429,C0,200e-9,9,-40,,,1.557e-9
429,C1,200e-9,9,150,,,1.52e-9
430,C0,200e-9,10,-40,,,1.616e-9
430,C1,200e-9,10,150,,,1.576e-9
431,C0,200e-9,11,-40,,,1.5e-9
431,C1,200e-9,11,150,,,1.468e-9
432,C0,200e-9,12,-40,,,1.616e-9
432,C1,200e-9,12,150,,,1.562e-9
433,C0,200e-9,13,-40,,,1.652e-9
433,C1,200e-9,13,150,,,1.57e-9
434,C0,200e-9,14,-40,,,1.642e-9
434,C1,200e-9,14,150,,,1.602e-9
435,C0,200e-9,15,-40,,,1.501e-9
435,C1,200e-9,15,150,,,1.455e-9
436,C0,200e-9,16,-40,,,1.638e-9
436,C1,200e-9,16,150,,,1.564e-9
437,C0,200e-9,17,-40,,,1.595e-9
437,C1,200e-9,17,150,,,1.561e-9
438,C0,200e-9,18,-40,,,1.549e-9
438,C1,200e-9,18,150,,,1.492e-9
439,C0,200e-9,19,-40,,,1.658e-9
439,C1,200e-9,19,150,,,1.608e-9
440,C0,200e-9,20,-40,,,1.546e-9
440,C1,200e-9,20,150,,,1.546e-9
441,C0,200e-9,21,-40,,,1.649e-9
441,C1,200e-9,21,150,,,1.599e-9
442,C0,200e-9,22,-40,,,1.434e-9
442,C1,200e-9,22,150,,,1.325e-9
443,C0,200e-9,23,-40,,,1.628e-9
443,C1,200e-9,23,150,,,1.588e-9
444,C0,200e-9,24,-40,,,1.564e-9
444,C1,200e-9,24,150,,,1.517e-9
445,C0,200e-9,25,-40,,,1.628e-9
445,C1,200e-9,25,150,,,1.581e-9
446,C0,200e-9,26,-40,,,1.533e-9
446,C1,200e-9,26,150,,,1.459e-9
447,C0,200e-9,27,-40,,,1.611e-9
447,C1,200e-9,27,150,,,1.584e-9
448,C0,200e-9,28,-40,,,1.714e-9
448,C1,200e-9,28,150,,,1.644e-9
449,C0,200e-9,29,-40,,,1.577e-9
449,C1,200e-9,29,150,,,1.549e-9
450,C0,200e-9,30,-40,,,1.502e-9
450,C1,200e-9,30,150,,,1.451e-9
451,C0,200e-9,31,-40,,,1.625e-9
451,C1,200e-9,31,150,,,1.575e-9
452,C0,200e-9,32,-40,,,1.606e-9
452,C1,200e-9,32,150,,,1.573e-9
453,C0,200e-9,33,-40,,,1.606e-9
453,C1,200e-9,33,150,,,1.553e-9
454,C0,200e-9,34,-40,,,1.688e-9
454,C1,200e-9,34,150,,,1.621e-9
455,C0,200e-9,35,-40,,,1.578e-9
455,C1,200e-9,35,150,,,1.536e-9
456,C0,200e-9,36,-40,,,1.516e-9
456,C1,200e-9,36,150,,,1.477e-9
457,C0,200e-9,37,-40,,,1.618e-9
457,C1,200e-9,37,150,,,1.596e-9
458,C0,200e-9,38,-40,,,1.578e-9
458,C1,200e-9,38,150,,,1.546e-9
459,C0,200e-9,39,-40,,,1.607e-9
459,C1,200e-9,39,150,,,1.536e-9
460,C0,200e-9,40,-40,,,1.511e-9
460,C1,200e-9,40,150,,,1.475e-9
461,C0,200e-9,41,-40,,,1.617e-9
461,C1,200e-9,41,150,,,1.553e-9
462,C0,200e-9,42,-40,,,1.537e-9
462,C1,200e-9,42,150,,,1.5e-9
463,C0,200e-9,43,-40,,,1.663e-9
463,C1,200e-9,43,150,,,1.581e-9
464,C0,200e-9,44,-40,,,1.555e-9
464,C1,200e-9,44,150,,,1.52e-9
465,C0,200e-9,45,-40,,,1.659e-9
465,C1,200e-9,45,150,,,1.606e-9
466,C0,200e-9,46,-40,,,1.682e-9
466,C1,200e-9,46,150,,,1.617e-9
467,C0,200e-9,47,-40,,,1.62e-9
467,C1,200e-9,47,150,,,1.573e-9
468,C0,200e-9,48,-40,,,1.611e-9
468,C1,200e-9,48,150,,,1.555e-9
469,C0,200e-9,49,-40,,,1.502e-9
469,C1,200e-9,49,150,,,1.433e-9
470,C0,200e-9,50,-40,,,1.61e-9
470,C1,200e-9,50,150,,,1.568e-9
471,C0,200e-9,51,-40,,,1.668e-9
471,C1,200e-9,51,150,,,1.633e-9
472,C0,200e-9,52,-40,,,1.605e-9
472,C1,200e-9,52,150,,,1.553e-9
473,C0,200e-9,53,-40,,,1.763e-9
473,C1,200e-9,53,150,,,1.666e-9
474,C0,200e-9,54,-40,,,1.6e-9
474,C1,200e-9,54,150,,,1.575e-9
475,C0,200e-9,55,-40,,,1.553e-9
475,C1,200e-9,55,150,,,1.493e-9
476,C0,200e-9,56,-40,,,1.571e-9
476,C1,200e-9,56,150,,,1.515e-9
477,C0,200e-9,57,-40,,,1.529e-9
477,C1,200e-9,57,150,,,1.469e-9
478,C0,200e-9,58,-40,,,1.659e-9
478,C1,200e-9,58,150,,,1.626e-9
479,C0,200e-9,59,-40,,,1.612e-9
479,C1,200e-9,59,150,,,1.566e-9
480,C0,200e-9,60,-40,,,1.566e-9
480,C1,200e-9,60,150,,,1.503e-9
481,C0,500e-9,1,-40,,,2.358e-9
481,C1,500e-9,1,150,,,2.299e-9
482,C0,500e-9,2,-40,,,2.256e-9
482,C1,500e-9,2,150,,,2.226e-9
483,C0,500e-9,3,-40,,,2.187e-9
483,C1,500e-9,3,150,,,2.182e-9
484,C0,500e-9,4,-40,,,2.305e-9
484,C1,500e-9,4,150,,,2.274e-9
485,C0,500e-9,5,-40,,,2.238e-9
485,C1,500e-9,5,150,,,2.225e-9
486,C0,500e-9,6,-40,,,2.237e-9
486,C1,500e-9,6,150,,,2.177e-9
487,C0,500e-9,7,-40,,,2.478e-9
487,C1,500e-9,7,150,,,2.397e-9
488,C0,500e-9,8,-40,,,2.362e-9
488,C1,500e-9,8,150,,,2.332e-9
489,C0,500e-9,9,-40,,,2.223e-9
489,C1,500e-9,9,150,,,2.212e-9
490,C0,500e-9,10,-40,,,2.3e-9
490,C1,500e-9,10,150,,,2.269e-9
491,C0,500e-9,11,-40,,,2.162e-9
491,C1,500e-9,11,150,,,2.148e-9
492,C0,500e-9,12,-40,,,2.269e-9
492,C1,500e-9,12,150,,,2.241e-9
493,C0,500e-9,13,-40,,,2.354e-9
493,C1,500e-9,13,150,,,2.283e-9
494,C0,500e-9,14,-40,,,2.308e-9
494,C1,500e-9,14,150,,,2.286e-9
495,C0,500e-9,15,-40,,,2.175e-9
495,C1,500e-9,15,150,,,2.158e-9
496,C0,500e-9,16,-40,,,2.323e-9
496,C1,500e-9,16,150,,,2.274e-9
497,C0,500e-9,17,-40,,,2.261e-9
497,C1,500e-9,17,150,,,2.25e-9
498,C0,500e-9,18,-40,,,2.208e-9
498,C1,500e-9,18,150,,,2.169e-9
499,C0,500e-9,19,-40,,,2.32e-9
499,C1,500e-9,19,150,,,2.292e-9
500,C0,500e-9,20,-40,,,2.224e-9
500,C1,500e-9,20,150,,,2.232e-9
501,C0,500e-9,21,-40,,,2.323e-9
501,C1,500e-9,21,150,,,2.292e-9
502,C0,500e-9,22,-40,,,2.089e-9
502,C1,500e-9,22,150,,,2.025e-9
503,C0,500e-9,23,-40,,,2.291e-9
503,C1,500e-9,23,150,,,2.276e-9
504,C0,500e-9,24,-40,,,2.239e-9
504,C1,500e-9,24,150,,,2.211e-9
505,C0,500e-9,25,-40,,,2.317e-9
505,C1,500e-9,25,150,,,2.281e-9
506,C0,500e-9,26,-40,,,2.183e-9
506,C1,500e-9,26,150,,,2.144e-9
507,C0,500e-9,27,-40,,,2.287e-9
507,C1,500e-9,27,150,,,2.275e-9
508,C0,500e-9,28,-40,,,2.409e-9
508,C1,500e-9,28,150,,,2.34e-9
509,C0,500e-9,29,-40,,,2.256e-9
509,C1,500e-9,29,150,,,2.246e-9
510,C0,500e-9,30,-40,,,2.181e-9
510,C1,500e-9,30,150,,,2.142e-9
511,C0,500e-9,31,-40,,,2.302e-9
511,C1,500e-9,31,150,,,2.273e-9
512,C0,500e-9,32,-40,,,2.249e-9
512,C1,500e-9,32,150,,,2.24e-9
513,C0,500e-9,33,-40,,,2.305e-9
513,C1,500e-9,33,150,,,2.257e-9
514,C0,500e-9,34,-40,,,2.386e-9
514,C1,500e-9,34,150,,,2.321e-9
515,C0,500e-9,35,-40,,,2.245e-9
515,C1,500e-9,35,150,,,2.222e-9
516,C0,500e-9,36,-40,,,2.165e-9
516,C1,500e-9,36,150,,,2.154e-9
517,C0,500e-9,37,-40,,,2.283e-9
517,C1,500e-9,37,150,,,2.272e-9
518,C0,500e-9,38,-40,,,2.239e-9
518,C1,500e-9,38,150,,,2.231e-9
519,C0,500e-9,39,-40,,,2.284e-9
519,C1,500e-9,39,150,,,2.239e-9
520,C0,500e-9,40,-40,,,2.175e-9
520,C1,500e-9,40,150,,,2.166e-9
521,C0,500e-9,41,-40,,,2.277e-9
521,C1,500e-9,41,150,,,2.244e-9
522,C0,500e-9,42,-40,,,2.216e-9
522,C1,500e-9,42,150,,,2.198e-9
523,C0,500e-9,43,-40,,,2.325e-9
523,C1,500e-9,43,150,,,2.274e-9
524,C0,500e-9,44,-40,,,2.217e-9
524,C1,500e-9,44,150,,,2.205e-9
525,C0,500e-9,45,-40,,,2.349e-9
525,C1,500e-9,45,150,,,2.297e-9
526,C0,500e-9,46,-40,,,2.41e-9
526,C1,500e-9,46,150,,,2.326e-9
527,C0,500e-9,47,-40,,,2.278e-9
527,C1,500e-9,47,150,,,2.251e-9
528,C0,500e-9,48,-40,,,2.285e-9
528,C1,500e-9,48,150,,,2.252e-9
529,C0,500e-9,49,-40,,,2.171e-9
529,C1,500e-9,49,150,,,2.13e-9
530,C0,500e-9,50,-40,,,2.264e-9
530,C1,500e-9,50,150,,,2.249e-9
531,C0,500e-9,51,-40,,,2.395e-9
531,C1,500e-9,51,150,,,2.332e-9
532,C0,500e-9,52,-40,,,2.27e-9
532,C1,500e-9,52,150,,,2.245e-9
533,C0,500e-9,53,-40,,,2.441e-9
533,C1,500e-9,53,150,,,2.358e-9
534,C0,500e-9,54,-40,,,2.298e-9
534,C1,500e-9,54,150,,,2.274e-9
535,C0,500e-9,55,-40,,,2.216e-9
535,C1,500e-9,55,150,,,2.185e-9
536,C0,500e-9,56,-40,,,2.249e-9
536,C1,500e-9,56,150,,,2.222e-9
537,C0,500e-9,57,-40,,,2.182e-9
537,C1,500e-9,57,150,,,2.148e-9
538,C0,500e-9,58,-40,,,2.358e-9
538,C1,500e-9,58,150,,,2.32e-9
539,C0,500e-9,59,-40,,,2.261e-9
539,C1,500e-9,59,150,,,2.243e-9
540,C0,500e-9,60,-40,,,2.258e-9
540,C1,500e-9,60,150,,,2.217e-9
541,C0,1.833e-6,1,-40,,,4.888e-9
541,C1,1.833e-6,1,150,,,4.802e-9
542,C0,1.833e-6,2,-40,,,4.736e-9
542,C1,1.833e-6,2,150,,,4.73e-9
543,C0,1.833e-6,3,-40,,,4.72e-9
543,C1,1.833e-6,3,150,,,4.683e-9
544,C0,1.833e-6,4,-40,,,4.752e-9
544,C1,1.833e-6,4,150,,,4.751e-9
545,C0,1.833e-6,5,-40,,,4.757e-9
545,C1,1.833e-6,5,150,,,4.709e-9
546,C0,1.833e-6,6,-40,,,4.69e-9
546,C1,1.833e-6,6,150,,,4.653e-9
547,C0,1.833e-6,7,-40,,,4.873e-9
547,C1,1.833e-6,7,150,,,4.852e-9
548,C0,1.833e-6,8,-40,,,4.768e-9
548,C1,1.833e-6,8,150,,,4.769e-9
549,C0,1.833e-6,9,-40,,,4.751e-9
549,C1,1.833e-6,9,150,,,4.719e-9
550,C0,1.833e-6,10,-40,,,4.86e-9
550,C1,1.833e-6,10,150,,,4.774e-9
551,C0,1.833e-6,11,-40,,,4.649e-9
551,C1,1.833e-6,11,150,,,4.628e-9
552,C0,1.833e-6,12,-40,,,4.714e-9
552,C1,1.833e-6,12,150,,,4.693e-9
553,C0,1.833e-6,13,-40,,,4.904e-9
553,C1,1.833e-6,13,150,,,4.81e-9
554,C0,1.833e-6,14,-40,,,4.754e-9
554,C1,1.833e-6,14,150,,,4.752e-9
555,C0,1.833e-6,15,-40,,,4.715e-9
555,C1,1.833e-6,15,150,,,4.679e-9
556,C0,1.833e-6,16,-40,,,4.817e-9
556,C1,1.833e-6,16,150,,,4.783e-9
557,C0,1.833e-6,17,-40,,,4.768e-9
557,C1,1.833e-6,17,150,,,4.736e-9
558,C0,1.833e-6,18,-40,,,4.657e-9
558,C1,1.833e-6,18,150,,,4.626e-9
559,C0,1.833e-6,19,-40,,,4.804e-9
559,C1,1.833e-6,19,150,,,4.763e-9
560,C0,1.833e-6,20,-40,,,4.721e-9
560,C1,1.833e-6,20,150,,,4.732e-9
561,C0,1.833e-6,21,-40,,,4.794e-9
561,C1,1.833e-6,21,150,,,4.774e-9
562,C0,1.833e-6,22,-40,,,4.597e-9
562,C1,1.833e-6,22,150,,,4.508e-9
563,C0,1.833e-6,23,-40,,,4.77e-9
563,C1,1.833e-6,23,150,,,4.747e-9
564,C0,1.833e-6,24,-40,,,4.831e-9
564,C1,1.833e-6,24,150,,,4.74e-9
565,C0,1.833e-6,25,-40,,,4.801e-9
565,C1,1.833e-6,25,150,,,4.787e-9
566,C0,1.833e-6,26,-40,,,4.676e-9
566,C1,1.833e-6,26,150,,,4.603e-9
567,C0,1.833e-6,27,-40,,,4.779e-9
567,C1,1.833e-6,27,150,,,4.764e-9
568,C0,1.833e-6,28,-40,,,4.884e-9
568,C1,1.833e-6,28,150,,,4.825e-9
569,C0,1.833e-6,29,-40,,,4.774e-9
569,C1,1.833e-6,29,150,,,4.753e-9
570,C0,1.833e-6,30,-40,,,4.653e-9
570,C1,1.833e-6,30,150,,,4.64e-9
571,C0,1.833e-6,31,-40,,,4.801e-9
571,C1,1.833e-6,31,150,,,4.767e-9
572,C0,1.833e-6,32,-40,,,4.723e-9
572,C1,1.833e-6,32,150,,,4.685e-9
573,C0,1.833e-6,33,-40,,,4.914e-9
573,C1,1.833e-6,33,150,,,4.787e-9
574,C0,1.833e-6,34,-40,,,4.897e-9
574,C1,1.833e-6,34,150,,,4.813e-9
575,C0,1.833e-6,35,-40,,,4.706e-9
575,C1,1.833e-6,35,150,,,4.697e-9
576,C0,1.833e-6,36,-40,,,4.681e-9
576,C1,1.833e-6,36,150,,,4.631e-9
577,C0,1.833e-6,37,-40,,,4.721e-9
577,C1,1.833e-6,37,150,,,4.739e-9
578,C0,1.833e-6,38,-40,,,4.73e-9
578,C1,1.833e-6,38,150,,,4.709e-9
579,C0,1.833e-6,39,-40,,,4.757e-9
579,C1,1.833e-6,39,150,,,4.735e-9
580,C0,1.833e-6,40,-40,,,4.693e-9
580,C1,1.833e-6,40,150,,,4.663e-9
581,C0,1.833e-6,41,-40,,,4.782e-9
581,C1,1.833e-6,41,150,,,4.733e-9
582,C0,1.833e-6,42,-40,,,4.715e-9
582,C1,1.833e-6,42,150,,,4.702e-9
583,C0,1.833e-6,43,-40,,,4.742e-9
583,C1,1.833e-6,43,150,,,4.742e-9
584,C0,1.833e-6,44,-40,,,4.706e-9
584,C1,1.833e-6,44,150,,,4.683e-9
585,C0,1.833e-6,45,-40,,,4.921e-9
585,C1,1.833e-6,45,150,,,4.795e-9
586,C0,1.833e-6,46,-40,,,4.919e-9
586,C1,1.833e-6,46,150,,,4.84e-9
587,C0,1.833e-6,47,-40,,,4.706e-9
587,C1,1.833e-6,47,150,,,4.699e-9
588,C0,1.833e-6,48,-40,,,4.821e-9
588,C1,1.833e-6,48,150,,,4.762e-9
589,C0,1.833e-6,49,-40,,,4.664e-9
589,C1,1.833e-6,49,150,,,4.617e-9
590,C0,1.833e-6,50,-40,,,4.752e-9
590,C1,1.833e-6,50,150,,,4.718e-9
591,C0,1.833e-6,51,-40,,,4.95e-9
591,C1,1.833e-6,51,150,,,4.836e-9
592,C0,1.833e-6,52,-40,,,4.779e-9
592,C1,1.833e-6,52,150,,,4.733e-9
593,C0,1.833e-6,53,-40,,,4.744e-9
593,C1,1.833e-6,53,150,,,4.825e-9
594,C0,1.833e-6,54,-40,,,4.794e-9
594,C1,1.833e-6,54,150,,,4.787e-9
595,C0,1.833e-6,55,-40,,,4.71e-9
595,C1,1.833e-6,55,150,,,4.666e-9
596,C0,1.833e-6,56,-40,,,4.781e-9
596,C1,1.833e-6,56,150,,,4.737e-9
597,C0,1.833e-6,57,-40,,,4.658e-9
597,C1,1.833e-6,57,150,,,4.607e-9
598,C0,1.833e-6,58,-40,,,4.863e-9
598,C1,1.833e-6,58,150,,,4.811e-9
599,C0,1.833e-6,59,-40,,,4.742e-9
599,C1,1.833e-6,59,150,,,4.703e-9
600,C0,1.833e-6,60,-40,,,4.838e-9
600,C1,1.833e-6,60,150,,,4.766e-9
601,C0,3.167e-6,1,-40,,,7.293e-9
601,C1,3.167e-6,1,150,,,7.244e-9
602,C0,3.167e-6,2,-40,,,7.176e-9
602,C1,3.167e-6,2,150,,,7.199e-9
603,C0,3.167e-6,3,-40,,,7.183e-9
603,C1,3.167e-6,3,150,,,7.135e-9
604,C0,3.167e-6,4,-40,,,7.139e-9
604,C1,3.167e-6,4,150,,,7.192e-9
605,C0,3.167e-6,5,-40,,,7.203e-9
605,C1,3.167e-6,5,150,,,7.141e-9
606,C0,3.167e-6,6,-40,,,7.086e-9
606,C1,3.167e-6,6,150,,,7.098e-9
607,C0,3.167e-6,7,-40,,,7.112e-9
607,C1,3.167e-6,7,150,,,7.276e-9
608,C0,3.167e-6,8,-40,,,7.086e-9
608,C1,3.167e-6,8,150,,,7.175e-9
609,C0,3.167e-6,9,-40,,,7.213e-9
609,C1,3.167e-6,9,150,,,7.173e-9
610,C0,3.167e-6,10,-40,,,7.3e-9
610,C1,3.167e-6,10,150,,,7.225e-9
611,C0,3.167e-6,11,-40,,,7.103e-9
611,C1,3.167e-6,11,150,,,7.072e-9
612,C0,3.167e-6,12,-40,,,7.099e-9
612,C1,3.167e-6,12,150,,,7.105e-9
613,C0,3.167e-6,13,-40,,,7.328e-9
613,C1,3.167e-6,13,150,,,7.276e-9
614,C0,3.167e-6,14,-40,,,7.144e-9
614,C1,3.167e-6,14,150,,,7.185e-9
615,C0,3.167e-6,15,-40,,,7.193e-9
615,C1,3.167e-6,15,150,,,7.156e-9
616,C0,3.167e-6,16,-40,,,7.241e-9
616,C1,3.167e-6,16,150,,,7.247e-9
617,C0,3.167e-6,17,-40,,,7.208e-9
617,C1,3.167e-6,17,150,,,7.177e-9
618,C0,3.167e-6,18,-40,,,7.063e-9
618,C1,3.167e-6,18,150,,,7.051e-9
619,C0,3.167e-6,19,-40,,,7.201e-9
619,C1,3.167e-6,19,150,,,7.182e-9
620,C0,3.167e-6,20,-40,,,7.186e-9
620,C1,3.167e-6,20,150,,,7.202e-9
621,C0,3.167e-6,21,-40,,,7.197e-9
621,C1,3.167e-6,21,150,,,7.214e-9
622,C0,3.167e-6,22,-40,,,7.056e-9
622,C1,3.167e-6,22,150,,,6.947e-9
623,C0,3.167e-6,23,-40,,,7.185e-9
623,C1,3.167e-6,23,150,,,7.173e-9
624,C0,3.167e-6,24,-40,,,7.304e-9
624,C1,3.167e-6,24,150,,,7.201e-9
625,C0,3.167e-6,25,-40,,,7.222e-9
625,C1,3.167e-6,25,150,,,7.25e-9
626,C0,3.167e-6,26,-40,,,7.105e-9
626,C1,3.167e-6,26,150,,,7.021e-9
627,C0,3.167e-6,27,-40,,,7.215e-9
627,C1,3.167e-6,27,150,,,7.216e-9
628,C0,3.167e-6,28,-40,,,7.228e-9
628,C1,3.167e-6,28,150,,,7.26e-9
629,C0,3.167e-6,29,-40,,,7.234e-9
629,C1,3.167e-6,29,150,,,7.213e-9
630,C0,3.167e-6,30,-40,,,7.107e-9
630,C1,3.167e-6,30,150,,,7.108e-9
631,C0,3.167e-6,31,-40,,,7.228e-9
631,C1,3.167e-6,31,150,,,7.215e-9
632,C0,3.167e-6,32,-40,,,7.13e-9
632,C1,3.167e-6,32,150,,,7.087e-9
633,C0,3.167e-6,33,-40,,,7.37e-9
633,C1,3.167e-6,33,150,,,7.255e-9
634,C0,3.167e-6,34,-40,,,7.273e-9
634,C1,3.167e-6,34,150,,,7.256e-9
635,C0,3.167e-6,35,-40,,,7.131e-9
635,C1,3.167e-6,35,150,,,7.142e-9
636,C0,3.167e-6,36,-40,,,7.132e-9
636,C1,3.167e-6,36,150,,,7.059e-9
637,C0,3.167e-6,37,-40,,,7.111e-9
637,C1,3.167e-6,37,150,,,7.175e-9
638,C0,3.167e-6,38,-40,,,7.163e-9
638,C1,3.167e-6,38,150,,,7.151e-9
639,C0,3.167e-6,39,-40,,,7.17e-9
639,C1,3.167e-6,39,150,,,7.2e-9
640,C0,3.167e-6,40,-40,,,7.162e-9
640,C1,3.167e-6,40,150,,,7.125e-9
641,C0,3.167e-6,41,-40,,,7.213e-9
641,C1,3.167e-6,41,150,,,7.174e-9
642,C0,3.167e-6,42,-40,,,7.175e-9
642,C1,3.167e-6,42,150,,,7.173e-9
643,C0,3.167e-6,43,-40,,,7.071e-9
643,C1,3.167e-6,43,150,,,7.169e-9
644,C0,3.167e-6,44,-40,,,7.145e-9
644,C1,3.167e-6,44,150,,,7.128e-9
645,C0,3.167e-6,45,-40,,,7.342e-9
645,C1,3.167e-6,45,150,,,7.234e-9
646,C0,3.167e-6,46,-40,,,7.294e-9
646,C1,3.167e-6,46,150,,,7.307e-9
647,C0,3.167e-6,47,-40,,,7.076e-9
647,C1,3.167e-6,47,150,,,7.117e-9
648,C0,3.167e-6,48,-40,,,7.269e-9
648,C1,3.167e-6,48,150,,,7.213e-9
649,C0,3.167e-6,49,-40,,,7.119e-9
649,C1,3.167e-6,49,150,,,7.069e-9
650,C0,3.167e-6,50,-40,,,7.175e-9
650,C1,3.167e-6,50,150,,,7.15e-9
651,C0,3.167e-6,51,-40,,,7.339e-9
651,C1,3.167e-6,51,150,,,7.293e-9
652,C0,3.167e-6,52,-40,,,7.215e-9
652,C1,3.167e-6,52,150,,,7.176e-9
653,C0,3.167e-6,53,-40,,,6.891e-9
653,C1,3.167e-6,53,150,,,7.255e-9
654,C0,3.167e-6,54,-40,,,7.237e-9
654,C1,3.167e-6,54,150,,,7.268e-9
655,C0,3.167e-6,55,-40,,,7.149e-9
655,C1,3.167e-6,55,150,,,7.104e-9
656,C0,3.167e-6,56,-40,,,7.244e-9
656,C1,3.167e-6,56,150,,,7.205e-9
657,C0,3.167e-6,57,-40,,,7.078e-9
657,C1,3.167e-6,57,150,,,7.022e-9
658,C0,3.167e-6,58,-40,,,7.261e-9
658,C1,3.167e-6,58,150,,,7.263e-9
659,C0,3.167e-6,59,-40,,,7.151e-9
659,C1,3.167e-6,59,150,,,7.116e-9
660,C0,3.167e-6,60,-40,,,7.312e-9
660,C1,3.167e-6,60,150,,,7.254e-9
661,C0,4.5e-6,1,-40,,,9.663e-9
661,C1,4.5e-6,1,150,,,9.681e-9
662,C0,4.5e-6,2,-40,,,9.573e-9
662,C1,4.5e-6,2,150,,,9.663e-9
663,C0,4.5e-6,3,-40,,,9.681e-9
663,C1,4.5e-6,3,150,,,9.579e-9
664,C0,4.5e-6,4,-40,,,9.442e-9
664,C1,4.5e-6,4,150,,,9.615e-9
665,C0,4.5e-6,5,-40,,,9.664e-9
665,C1,4.5e-6,5,150,,,9.558e-9
666,C0,4.5e-6,6,-40,,,9.395e-9
666,C1,4.5e-6,6,150,,,9.538e-9
667,C0,4.5e-6,7,-40,,,9.17e-9
667,C1,4.5e-6,7,150,,,9.677e-9
668,C0,4.5e-6,8,-40,,,9.293e-9
668,C1,4.5e-6,8,150,,,9.543e-9
669,C0,4.5e-6,9,-40,,,9.696e-9
669,C1,4.5e-6,9,150,,,9.622e-9
670,C0,4.5e-6,10,-40,,,9.75e-9
670,C1,4.5e-6,10,150,,,9.669e-9
671,C0,4.5e-6,11,-40,,,9.566e-9
671,C1,4.5e-6,11,150,,,9.522e-9
672,C0,4.5e-6,12,-40,,,9.418e-9
672,C1,4.5e-6,12,150,,,9.502e-9
673,C0,4.5e-6,13,-40,,,9.724e-9
673,C1,4.5e-6,13,150,,,9.745e-9
674,C0,4.5e-6,14,-40,,,9.463e-9
674,C1,4.5e-6,14,150,,,9.603e-9
675,C0,4.5e-6,15,-40,,,9.713e-9
675,C1,4.5e-6,15,150,,,9.626e-9
676,C0,4.5e-6,16,-40,,,9.597e-9
676,C1,4.5e-6,16,150,,,9.71e-9
677,C0,4.5e-6,17,-40,,,9.644e-9
677,C1,4.5e-6,17,150,,,9.609e-9
678,C0,4.5e-6,18,-40,,,9.421e-9
678,C1,4.5e-6,18,150,,,9.456e-9
679,C0,4.5e-6,19,-40,,,9.565e-9
679,C1,4.5e-6,19,150,,,9.589e-9
680,C0,4.5e-6,20,-40,,,9.669e-9
680,C1,4.5e-6,20,150,,,9.668e-9
681,C0,4.5e-6,21,-40,,,9.546e-9
681,C1,4.5e-6,21,150,,,9.647e-9
682,C0,4.5e-6,22,-40,,,9.536e-9
682,C1,4.5e-6,22,150,,,9.379e-9
683,C0,4.5e-6,23,-40,,,9.566e-9
683,C1,4.5e-6,23,150,,,9.588e-9
684,C0,4.5e-6,24,-40,,,9.802e-9
684,C1,4.5e-6,24,150,,,9.654e-9
685,C0,4.5e-6,25,-40,,,9.601e-9
685,C1,4.5e-6,25,150,,,9.709e-9
686,C0,4.5e-6,26,-40,,,9.522e-9
686,C1,4.5e-6,26,150,,,9.424e-9
687,C0,4.5e-6,27,-40,,,9.632e-9
687,C1,4.5e-6,27,150,,,9.663e-9
688,C0,4.5e-6,28,-40,,,9.486e-9
688,C1,4.5e-6,28,150,,,9.688e-9
689,C0,4.5e-6,29,-40,,,9.704e-9
689,C1,4.5e-6,29,150,,,9.675e-9
690,C0,4.5e-6,30,-40,,,9.542e-9
690,C1,4.5e-6,30,150,,,9.58e-9
691,C0,4.5e-6,31,-40,,,9.627e-9
691,C1,4.5e-6,31,150,,,9.658e-9
692,C0,4.5e-6,32,-40,,,9.522e-9
692,C1,4.5e-6,32,150,,,9.467e-9
693,C0,4.5e-6,33,-40,,,9.823e-9
693,C1,4.5e-6,33,150,,,9.721e-9
694,C0,4.5e-6,34,-40,,,9.59e-9
694,C1,4.5e-6,34,150,,,9.69e-9
695,C0,4.5e-6,35,-40,,,9.498e-9
695,C1,4.5e-6,35,150,,,9.576e-9
696,C0,4.5e-6,36,-40,,,9.596e-9
696,C1,4.5e-6,36,150,,,9.483e-9
697,C0,4.5e-6,37,-40,,,9.433e-9
697,C1,4.5e-6,37,150,,,9.595e-9
698,C0,4.5e-6,38,-40,,,9.59e-9
698,C1,4.5e-6,38,150,,,9.573e-9
699,C0,4.5e-6,39,-40,,,9.51e-9
699,C1,4.5e-6,39,150,,,9.652e-9
700,C0,4.5e-6,40,-40,,,9.654e-9
700,C1,4.5e-6,40,150,,,9.571e-9
701,C0,4.5e-6,41,-40,,,9.622e-9
701,C1,4.5e-6,41,150,,,9.594e-9
702,C0,4.5e-6,42,-40,,,9.644e-9
702,C1,4.5e-6,42,150,,,9.639e-9
703,C0,4.5e-6,43,-40,,,9.255e-9
703,C1,4.5e-6,43,150,,,9.579e-9
704,C0,4.5e-6,44,-40,,,9.582e-9
704,C1,4.5e-6,44,150,,,9.56e-9
705,C0,4.5e-6,45,-40,,,9.746e-9
705,C1,4.5e-6,45,150,,,9.663e-9
706,C0,4.5e-6,46,-40,,,9.596e-9
706,C1,4.5e-6,46,150,,,9.768e-9
707,C0,4.5e-6,47,-40,,,9.349e-9
707,C1,4.5e-6,47,150,,,9.52e-9
708,C0,4.5e-6,48,-40,,,9.715e-9
708,C1,4.5e-6,48,150,,,9.658e-9
709,C0,4.5e-6,49,-40,,,9.572e-9
709,C1,4.5e-6,49,150,,,9.524e-9
710,C0,4.5e-6,50,-40,,,9.581e-9
710,C1,4.5e-6,50,150,,,9.557e-9
711,C0,4.5e-6,51,-40,,,9.703e-9
711,C1,4.5e-6,51,150,,,9.754e-9
712,C0,4.5e-6,52,-40,,,9.637e-9
712,C1,4.5e-6,52,150,,,9.598e-9
713,C0,4.5e-6,53,-40,,,8.667e-9
713,C1,4.5e-6,53,150,,,9.664e-9
714,C0,4.5e-6,54,-40,,,9.67e-9
714,C1,4.5e-6,54,150,,,9.749e-9
715,C0,4.5e-6,55,-40,,,9.573e-9
715,C1,4.5e-6,55,150,,,9.534e-9
716,C0,4.5e-6,56,-40,,,9.72e-9
716,C1,4.5e-6,56,150,,,9.672e-9
717,C0,4.5e-6,57,-40,,,9.488e-9
717,C1,4.5e-6,57,150,,,9.434e-9
718,C0,4.5e-6,58,-40,,,9.625e-9
718,C1,4.5e-6,58,150,,,9.7e-9
719,C0,4.5e-6,59,-40,,,9.545e-9
719,C1,4.5e-6,59,150,,,9.511e-9
720,C0,4.5e-6,60,-40,,,9.841e-9
720,C1,4.5e-6,60,150,,,9.748e-9
721,C0,4.6e-6,1,-40,,,9.838e-9
721,C1,4.6e-6,1,150,,,9.864e-9
722,C0,4.6e-6,2,-40,,,9.748e-9
722,C1,4.6e-6,2,150,,,9.848e-9
723,C0,4.6e-6,3,-40,,,9.871e-9
723,C1,4.6e-6,3,150,,,9.762e-9
724,C0,4.6e-6,4,-40,,,9.609e-9
724,C1,4.6e-6,4,150,,,9.798e-9
725,C0,4.6e-6,5,-40,,,9.835e-9
725,C1,4.6e-6,5,150,,,9.739e-9
726,C0,4.6e-6,6,-40,,,9.562e-9
726,C1,4.6e-6,6,150,,,9.721e-9
727,C0,4.6e-6,7,-40,,,9.313e-9
727,C1,4.6e-6,7,150,,,9.857e-9
728,C0,4.6e-6,8,-40,,,9.451e-9
728,C1,4.6e-6,8,150,,,9.72e-9
729,C0,4.6e-6,9,-40,,,9.882e-9
729,C1,4.6e-6,9,150,,,9.807e-9
730,C0,4.6e-6,10,-40,,,9.924e-9
730,C1,4.6e-6,10,150,,,9.852e-9
731,C0,4.6e-6,11,-40,,,9.752e-9
731,C1,4.6e-6,11,150,,,9.706e-9
732,C0,4.6e-6,12,-40,,,9.581e-9
732,C1,4.6e-6,12,150,,,9.683e-9
733,C0,4.6e-6,13,-40,,,9.903e-9
733,C1,4.6e-6,13,150,,,9.931e-9
734,C0,4.6e-6,14,-40,,,9.63e-9
734,C1,4.6e-6,14,150,,,9.785e-9
735,C0,4.6e-6,15,-40,,,9.904e-9
735,C1,4.6e-6,15,150,,,9.811e-9
736,C0,4.6e-6,16,-40,,,9.768e-9
736,C1,4.6e-6,16,150,,,9.896e-9
737,C0,4.6e-6,17,-40,,,9.825e-9
737,C1,4.6e-6,17,150,,,9.79e-9
738,C0,4.6e-6,18,-40,,,9.595e-9
738,C1,4.6e-6,18,150,,,9.637e-9
739,C0,4.6e-6,19,-40,,,9.737e-9
739,C1,4.6e-6,19,150,,,9.769e-9
740,C0,4.6e-6,20,-40,,,9.855e-9
740,C1,4.6e-6,20,150,,,9.852e-9
741,C0,4.6e-6,21,-40,,,9.716e-9
741,C1,4.6e-6,21,150,,,9.83e-9
742,C0,4.6e-6,22,-40,,,9.711e-9
742,C1,4.6e-6,22,150,,,9.562e-9
743,C0,4.6e-6,23,-40,,,9.742e-9
743,C1,4.6e-6,23,150,,,9.769e-9
744,C0,4.6e-6,24,-40,,,9.991e-9
744,C1,4.6e-6,24,150,,,9.838e-9
745,C0,4.6e-6,25,-40,,,9.775e-9
745,C1,4.6e-6,25,150,,,9.893e-9
746,C0,4.6e-6,26,-40,,,9.703e-9
746,C1,4.6e-6,26,150,,,9.604e-9
747,C0,4.6e-6,27,-40,,,9.812e-9
747,C1,4.6e-6,27,150,,,9.84e-9
748,C0,4.6e-6,28,-40,,,9.65e-9
748,C1,4.6e-6,28,150,,,9.87e-9
749,C0,4.6e-6,29,-40,,,9.89e-9
749,C1,4.6e-6,29,150,,,9.861e-9
750,C0,4.6e-6,30,-40,,,9.722e-9
750,C1,4.6e-6,30,150,,,9.764e-9
751,C0,4.6e-6,31,-40,,,9.805e-9
751,C1,4.6e-6,31,150,,,9.84e-9
752,C0,4.6e-6,32,-40,,,9.699e-9
752,C1,4.6e-6,32,150,,,9.646e-9
753,C0,4.6e-6,33,-40,,,eval err
753,C1,4.6e-6,33,150,,,9.906e-9
754,C0,4.6e-6,34,-40,,,9.761e-9
754,C1,4.6e-6,34,150,,,9.864e-9
755,C0,4.6e-6,35,-40,,,9.67e-9
755,C1,4.6e-6,35,150,,,9.757e-9
756,C0,4.6e-6,36,-40,,,9.782e-9
756,C1,4.6e-6,36,150,,,9.653e-9
757,C0,4.6e-6,37,-40,,,9.602e-9
757,C1,4.6e-6,37,150,,,9.779e-9
758,C0,4.6e-6,38,-40,,,9.771e-9
758,C1,4.6e-6,38,150,,,9.755e-9
759,C0,4.6e-6,39,-40,,,9.679e-9
759,C1,4.6e-6,39,150,,,9.837e-9
760,C0,4.6e-6,40,-40,,,9.843e-9
760,C1,4.6e-6,40,150,,,9.756e-9
761,C0,4.6e-6,41,-40,,,9.801e-9
761,C1,4.6e-6,41,150,,,9.777e-9
762,C0,4.6e-6,42,-40,,,9.827e-9
762,C1,4.6e-6,42,150,,,9.825e-9
763,C0,4.6e-6,43,-40,,,9.408e-9
763,C1,4.6e-6,43,150,,,9.76e-9
764,C0,4.6e-6,44,-40,,,9.763e-9
764,C1,4.6e-6,44,150,,,9.744e-9
765,C0,4.6e-6,45,-40,,,9.915e-9
765,C1,4.6e-6,45,150,,,9.846e-9
766,C0,4.6e-6,46,-40,,,9.763e-9
766,C1,4.6e-6,46,150,,,9.952e-9
767,C0,4.6e-6,47,-40,,,9.514e-9
767,C1,4.6e-6,47,150,,,9.702e-9
768,C0,4.6e-6,48,-40,,,9.898e-9
768,C1,4.6e-6,48,150,,,9.841e-9
769,C0,4.6e-6,49,-40,,,9.755e-9
769,C1,4.6e-6,49,150,,,9.698e-9
770,C0,4.6e-6,50,-40,,,9.76e-9
770,C1,4.6e-6,50,150,,,9.735e-9
771,C0,4.6e-6,51,-40,,,9.879e-9
771,C1,4.6e-6,51,150,,,9.927e-9
772,C0,4.6e-6,52,-40,,,9.818e-9
772,C1,4.6e-6,52,150,,,9.78e-9
773,C0,4.6e-6,53,-40,,,8.774e-9
773,C1,4.6e-6,53,150,,,9.845e-9
774,C0,4.6e-6,54,-40,,,9.85e-9
774,C1,4.6e-6,54,150,,,9.935e-9
775,C0,4.6e-6,55,-40,,,9.753e-9
775,C1,4.6e-6,55,150,,,9.713e-9
776,C0,4.6e-6,56,-40,,,9.91e-9
776,C1,4.6e-6,56,150,,,9.857e-9
777,C0,4.6e-6,57,-40,,,9.667e-9
777,C1,4.6e-6,57,150,,,9.616e-9
778,C0,4.6e-6,58,-40,,,9.8e-9
778,C1,4.6e-6,58,150,,,9.883e-9
779,C0,4.6e-6,59,-40,,,9.714e-9
779,C1,4.6e-6,59,150,,,9.69e-9
780,C0,4.6e-6,60,-40,,,eval err
780,C1,4.6e-6,60,150,,,9.936e-9
781,C0,4.657e-6,1,-40,,,9.938e-9
781,C1,4.657e-6,1,150,,,9.969e-9
782,C0,4.657e-6,2,-40,,,9.847e-9
782,C1,4.657e-6,2,150,,,9.953e-9
783,C0,4.657e-6,3,-40,,,9.982e-9
783,C1,4.657e-6,3,150,,,9.866e-9
784,C0,4.657e-6,4,-40,,,9.703e-9
784,C1,4.657e-6,4,150,,,9.909e-9
785,C0,4.657e-6,5,-40,,,9.94e-9
785,C1,4.657e-6,5,150,,,9.844e-9
786,C0,4.657e-6,6,-40,,,9.657e-9
786,C1,4.657e-6,6,150,,,9.824e-9
787,C0,4.657e-6,7,-40,,,9.392e-9
787,C1,4.657e-6,7,150,,,9.959e-9
788,C0,4.657e-6,8,-40,,,9.541e-9
788,C1,4.657e-6,8,150,,,9.821e-9
789,C0,4.657e-6,9,-40,,,9.989e-9
789,C1,4.657e-6,9,150,,,9.912e-9
790,C0,4.657e-6,10,-40,,,eval err
790,C1,4.657e-6,10,150,,,9.957e-9
791,C0,4.657e-6,11,-40,,,9.858e-9
791,C1,4.657e-6,11,150,,,9.811e-9
792,C0,4.657e-6,12,-40,,,9.679e-9
792,C1,4.657e-6,12,150,,,9.785e-9
793,C0,4.657e-6,13,-40,,,eval err
793,C1,4.657e-6,13,150,,,eval err
794,C0,4.657e-6,14,-40,,,9.726e-9
794,C1,4.657e-6,14,150,,,9.889e-9
795,C0,4.657e-6,15,-40,,,eval err
795,C1,4.657e-6,15,150,,,9.917e-9
796,C0,4.657e-6,16,-40,,,9.866e-9
796,C1,4.657e-6,16,150,,,9.998e-9
797,C0,4.657e-6,17,-40,,,9.929e-9
797,C1,4.657e-6,17,150,,,9.895e-9
798,C0,4.657e-6,18,-40,,,9.693e-9
798,C1,4.657e-6,18,150,,,9.743e-9
799,C0,4.657e-6,19,-40,,,9.837e-9
799,C1,4.657e-6,19,150,,,9.871e-9
800,C0,4.657e-6,20,-40,,,9.962e-9
800,C1,4.657e-6,20,150,,,9.955e-9
801,C0,4.657e-6,21,-40,,,9.815e-9
801,C1,4.657e-6,21,150,,,9.935e-9
802,C0,4.657e-6,22,-40,,,9.817e-9
802,C1,4.657e-6,22,150,,,9.666e-9
803,C0,4.657e-6,23,-40,,,9.842e-9
803,C1,4.657e-6,23,150,,,9.873e-9
804,C0,4.657e-6,24,-40,,,eval err
804,C1,4.657e-6,24,150,,,9.944e-9
805,C0,4.657e-6,25,-40,,,9.874e-9
805,C1,4.657e-6,25,150,,,10e-9
806,C0,4.657e-6,26,-40,,,9.806e-9
806,C1,4.657e-6,26,150,,,9.71e-9
807,C0,4.657e-6,27,-40,,,9.914e-9
807,C1,4.657e-6,27,150,,,9.945e-9
808,C0,4.657e-6,28,-40,,,9.743e-9
808,C1,4.657e-6,28,150,,,9.973e-9
809,C0,4.657e-6,29,-40,,,9.996e-9
809,C1,4.657e-6,29,150,,,9.959e-9
810,C0,4.657e-6,30,-40,,,9.825e-9
810,C1,4.657e-6,30,150,,,9.868e-9
811,C0,4.657e-6,31,-40,,,9.905e-9
811,C1,4.657e-6,31,150,,,9.945e-9
812,C0,4.657e-6,32,-40,,,9.801e-9
812,C1,4.657e-6,32,150,,,9.747e-9
813,C0,4.657e-6,33,-40,,,eval err
813,C1,4.657e-6,33,150,,,eval err
814,C0,4.657e-6,34,-40,,,9.858e-9
814,C1,4.657e-6,34,150,,,9.967e-9
815,C0,4.657e-6,35,-40,,,9.769e-9
815,C1,4.657e-6,35,150,,,9.863e-9
816,C0,4.657e-6,36,-40,,,9.888e-9
816,C1,4.657e-6,36,150,,,9.759e-9
817,C0,4.657e-6,37,-40,,,9.698e-9
817,C1,4.657e-6,37,150,,,9.878e-9
818,C0,4.657e-6,38,-40,,,9.874e-9
818,C1,4.657e-6,38,150,,,9.859e-9
819,C0,4.657e-6,39,-40,,,9.775e-9
819,C1,4.657e-6,39,150,,,9.943e-9
820,C0,4.657e-6,40,-40,,,9.951e-9
820,C1,4.657e-6,40,150,,,9.861e-9
821,C0,4.657e-6,41,-40,,,9.902e-9
821,C1,4.657e-6,41,150,,,9.88e-9
822,C0,4.657e-6,42,-40,,,9.932e-9
822,C1,4.657e-6,42,150,,,9.93e-9
823,C0,4.657e-6,43,-40,,,9.495e-9
823,C1,4.657e-6,43,150,,,9.862e-9
824,C0,4.657e-6,44,-40,,,9.867e-9
824,C1,4.657e-6,44,150,,,9.848e-9
825,C0,4.657e-6,45,-40,,,eval err
825,C1,4.657e-6,45,150,,,9.949e-9
826,C0,4.657e-6,46,-40,,,9.858e-9
826,C1,4.657e-6,46,150,,,eval err
827,C0,4.657e-6,47,-40,,,9.607e-9
827,C1,4.657e-6,47,150,,,9.796e-9
828,C0,4.657e-6,48,-40,,,eval err
828,C1,4.657e-6,48,150,,,9.946e-9
829,C0,4.657e-6,49,-40,,,9.859e-9
829,C1,4.657e-6,49,150,,,9.802e-9
830,C0,4.657e-6,50,-40,,,9.861e-9
830,C1,4.657e-6,50,150,,,9.838e-9
831,C0,4.657e-6,51,-40,,,9.98e-9
831,C1,4.657e-6,51,150,,,eval err
832,C0,4.657e-6,52,-40,,,9.921e-9
832,C1,4.657e-6,52,150,,,9.884e-9
833,C0,4.657e-6,53,-40,,,8.833e-9
833,C1,4.657e-6,53,150,,,9.947e-9
834,C0,4.657e-6,54,-40,,,9.952e-9
834,C1,4.657e-6,54,150,,,eval err
835,C0,4.657e-6,55,-40,,,9.856e-9
835,C1,4.657e-6,55,150,,,9.816e-9
836,C0,4.657e-6,56,-40,,,eval err
836,C1,4.657e-6,56,150,,,9.963e-9
837,C0,4.657e-6,57,-40,,,9.768e-9
837,C1,4.657e-6,57,150,,,9.719e-9
838,C0,4.657e-6,58,-40,,,9.899e-9
838,C1,4.657e-6,58,150,,,9.988e-9
839,C0,4.657e-6,59,-40,,,9.815e-9
839,C1,4.657e-6,59,150,,,9.79e-9
840,C0,4.657e-6,60,-40,,,eval err
840,C1,4.657e-6,60,150,,,eval err
841,C0,4.714e-6,1,-40,,,eval err
841,C1,4.714e-6,1,150,,,eval err
842,C0,4.714e-6,2,-40,,,9.947e-9
842,C1,4.714e-6,2,150,,,eval err
843,C0,4.714e-6,3,-40,,,eval err
843,C1,4.714e-6,3,150,,,9.969e-9
844,C0,4.714e-6,4,-40,,,9.796e-9
844,C1,4.714e-6,4,150,,,eval err
845,C0,4.714e-6,5,-40,,,eval err
845,C1,4.714e-6,5,150,,,9.947e-9
846,C0,4.714e-6,6,-40,,,9.752e-9
846,C1,4.714e-6,6,150,,,9.916e-9
847,C0,4.714e-6,7,-40,,,9.473e-9
847,C1,4.714e-6,7,150,,,eval err
848,C0,4.714e-6,8,-40,,,9.63e-9
848,C1,4.714e-6,8,150,,,9.922e-9
849,C0,4.714e-6,9,-40,,,eval err
849,C1,4.714e-6,9,150,,,eval err
850,C0,4.714e-6,10,-40,,,eval err
850,C1,4.714e-6,10,150,,,eval err
851,C0,4.714e-6,11,-40,,,9.964e-9
851,C1,4.714e-6,11,150,,,9.917e-9
852,C0,4.714e-6,12,-40,,,9.774e-9
852,C1,4.714e-6,12,150,,,9.883e-9
853,C0,4.714e-6,13,-40,,,eval err
853,C1,4.714e-6,13,150,,,eval err
854,C0,4.714e-6,14,-40,,,9.821e-9
854,C1,4.714e-6,14,150,,,9.988e-9
855,C0,4.714e-6,15,-40,,,eval err
855,C1,4.714e-6,15,150,,,eval err
856,C0,4.714e-6,16,-40,,,9.964e-9
856,C1,4.714e-6,16,150,,,eval err
857,C0,4.714e-6,17,-40,,,eval err
857,C1,4.714e-6,17,150,,,9.999e-9
858,C0,4.714e-6,18,-40,,,9.792e-9
858,C1,4.714e-6,18,150,,,9.844e-9
859,C0,4.714e-6,19,-40,,,9.936e-9
859,C1,4.714e-6,19,150,,,9.974e-9
860,C0,4.714e-6,20,-40,,,eval err
860,C1,4.714e-6,20,150,,,eval err
861,C0,4.714e-6,21,-40,,,9.912e-9
861,C1,4.714e-6,21,150,,,eval err
862,C0,4.714e-6,22,-40,,,9.924e-9
862,C1,4.714e-6,22,150,,,9.77e-9
863,C0,4.714e-6,23,-40,,,9.942e-9
863,C1,4.714e-6,23,150,,,9.975e-9
864,C0,4.714e-6,24,-40,,,eval err
864,C1,4.714e-6,24,150,,,eval err
865,C0,4.714e-6,25,-40,,,9.973e-9
865,C1,4.714e-6,25,150,,,eval err
866,C0,4.714e-6,26,-40,,,9.909e-9
866,C1,4.714e-6,26,150,,,9.813e-9
867,C0,4.714e-6,27,-40,,,eval err
867,C1,4.714e-6,27,150,,,eval err
868,C0,4.714e-6,28,-40,,,9.836e-9
868,C1,4.714e-6,28,150,,,eval err
869,C0,4.714e-6,29,-40,,,eval err
869,C1,4.714e-6,29,150,,,eval err
870,C0,4.714e-6,30,-40,,,9.926e-9
870,C1,4.714e-6,30,150,,,9.972e-9
871,C0,4.714e-6,31,-40,,,eval err
871,C1,4.714e-6,31,150,,,eval err
872,C0,4.714e-6,32,-40,,,9.902e-9
872,C1,4.714e-6,32,150,,,9.849e-9
873,C0,4.714e-6,33,-40,,,eval err
873,C1,4.714e-6,33,150,,,eval err
874,C0,4.714e-6,34,-40,,,9.957e-9
874,C1,4.714e-6,34,150,,,eval err
875,C0,4.714e-6,35,-40,,,9.868e-9
875,C1,4.714e-6,35,150,,,9.961e-9
876,C0,4.714e-6,36,-40,,,9.995e-9
876,C1,4.714e-6,36,150,,,9.867e-9
877,C0,4.714e-6,37,-40,,,9.793e-9
877,C1,4.714e-6,37,150,,,9.984e-9
878,C0,4.714e-6,38,-40,,,9.976e-9
878,C1,4.714e-6,38,150,,,9.96e-9
879,C0,4.714e-6,39,-40,,,9.87e-9
879,C1,4.714e-6,39,150,,,eval err
880,C0,4.714e-6,40,-40,,,eval err
880,C1,4.714e-6,40,150,,,9.964e-9
881,C0,4.714e-6,41,-40,,,eval err
881,C1,4.714e-6,41,150,,,9.981e-9
882,C0,4.714e-6,42,-40,,,eval err
882,C1,4.714e-6,42,150,,,eval err
883,C0,4.714e-6,43,-40,,,9.582e-9
883,C1,4.714e-6,43,150,,,9.964e-9
884,C0,4.714e-6,44,-40,,,9.97e-9
884,C1,4.714e-6,44,150,,,9.951e-9
885,C0,4.714e-6,45,-40,,,eval err
885,C1,4.714e-6,45,150,,,eval err
886,C0,4.714e-6,46,-40,,,9.953e-9
886,C1,4.714e-6,46,150,,,eval err
887,C0,4.714e-6,47,-40,,,9.7e-9
887,C1,4.714e-6,47,150,,,9.896e-9
888,C0,4.714e-6,48,-40,,,eval err
888,C1,4.714e-6,48,150,,,eval err
889,C0,4.714e-6,49,-40,,,9.964e-9
889,C1,4.714e-6,49,150,,,9.907e-9
890,C0,4.714e-6,50,-40,,,9.963e-9
890,C1,4.714e-6,50,150,,,9.942e-9
891,C0,4.714e-6,51,-40,,,eval err
891,C1,4.714e-6,51,150,,,eval err
892,C0,4.714e-6,52,-40,,,eval err
892,C1,4.714e-6,52,150,,,9.988e-9
893,C0,4.714e-6,53,-40,,,8.89e-9
893,C1,4.714e-6,53,150,,,eval err
894,C0,4.714e-6,54,-40,,,eval err
894,C1,4.714e-6,54,150,,,eval err
895,C0,4.714e-6,55,-40,,,9.951e-9
895,C1,4.714e-6,55,150,,,9.924e-9
896,C0,4.714e-6,56,-40,,,eval err
896,C1,4.714e-6,56,150,,,eval err
897,C0,4.714e-6,57,-40,,,9.87e-9
897,C1,4.714e-6,57,150,,,9.822e-9
898,C0,4.714e-6,58,-40,,,9.998e-9
898,C1,4.714e-6,58,150,,,eval err
899,C0,4.714e-6,59,-40,,,9.915e-9
899,C1,4.714e-6,59,150,,,9.893e-9
900,C0,4.714e-6,60,-40,,,eval err
900,C1,4.714e-6,60,150,,,eval err
901,C0,4.771e-6,1,-40,,,eval err
901,C1,4.771e-6,1,150,,,eval err
902,C0,4.771e-6,2,-40,,,eval err
902,C1,4.771e-6,2,150,,,eval err
903,C0,4.771e-6,3,-40,,,eval err
903,C1,4.771e-6,3,150,,,eval err
904,C0,4.771e-6,4,-40,,,9.889e-9
904,C1,4.771e-6,4,150,,,eval err
905,C0,4.771e-6,5,-40,,,eval err
905,C1,4.771e-6,5,150,,,eval err
906,C0,4.771e-6,6,-40,,,9.845e-9
906,C1,4.771e-6,6,150,,,eval err
907,C0,4.771e-6,7,-40,,,9.552e-9
907,C1,4.771e-6,7,150,,,eval err
908,C0,4.771e-6,8,-40,,,9.72e-9
908,C1,4.771e-6,8,150,,,eval err
909,C0,4.771e-6,9,-40,,,eval err
909,C1,4.771e-6,9,150,,,eval err
910,C0,4.771e-6,10,-40,,,eval err
910,C1,4.771e-6,10,150,,,eval err
911,C0,4.771e-6,11,-40,,,eval err
911,C1,4.771e-6,11,150,,,eval err
912,C0,4.771e-6,12,-40,,,9.87e-9
912,C1,4.771e-6,12,150,,,9.987e-9
913,C0,4.771e-6,13,-40,,,eval err
913,C1,4.771e-6,13,150,,,eval err
914,C0,4.771e-6,14,-40,,,9.916e-9
914,C1,4.771e-6,14,150,,,eval err
915,C0,4.771e-6,15,-40,,,eval err
915,C1,4.771e-6,15,150,,,eval err
916,C0,4.771e-6,16,-40,,,eval err
916,C1,4.771e-6,16,150,,,eval err
917,C0,4.771e-6,17,-40,,,eval err
917,C1,4.771e-6,17,150,,,eval err
918,C0,4.771e-6,18,-40,,,9.89e-9
918,C1,4.771e-6,18,150,,,9.95e-9
919,C0,4.771e-6,19,-40,,,eval err
919,C1,4.771e-6,19,150,,,eval err
920,C0,4.771e-6,20,-40,,,eval err
920,C1,4.771e-6,20,150,,,eval err
921,C0,4.771e-6,21,-40,,,eval err
921,C1,4.771e-6,21,150,,,eval err
922,C0,4.771e-6,22,-40,,,eval err
922,C1,4.771e-6,22,150,,,9.875e-9
923,C0,4.771e-6,23,-40,,,eval err
923,C1,4.771e-6,23,150,,,eval err
924,C0,4.771e-6,24,-40,,,eval err
924,C1,4.771e-6,24,150,,,eval err
925,C0,4.771e-6,25,-40,,,eval err
925,C1,4.771e-6,25,150,,,eval err
926,C0,4.771e-6,26,-40,,,eval err
926,C1,4.771e-6,26,150,,,9.914e-9
927,C0,4.771e-6,27,-40,,,eval err
927,C1,4.771e-6,27,150,,,eval err
928,C0,4.771e-6,28,-40,,,9.927e-9
928,C1,4.771e-6,28,150,,,eval err
929,C0,4.771e-6,29,-40,,,eval err
929,C1,4.771e-6,29,150,,,eval err
930,C0,4.771e-6,30,-40,,,eval err
930,C1,4.771e-6,30,150,,,eval err
931,C0,4.771e-6,31,-40,,,eval err
931,C1,4.771e-6,31,150,,,eval err
932,C0,4.771e-6,32,-40,,,eval err
932,C1,4.771e-6,32,150,,,9.951e-9
933,C0,4.771e-6,33,-40,,,eval err
933,C1,4.771e-6,33,150,,,eval err
934,C0,4.771e-6,34,-40,,,eval err
934,C1,4.771e-6,34,150,,,eval err
935,C0,4.771e-6,35,-40,,,9.966e-9
935,C1,4.771e-6,35,150,,,eval err
936,C0,4.771e-6,36,-40,,,eval err
936,C1,4.771e-6,36,150,,,9.963e-9
937,C0,4.771e-6,37,-40,,,9.889e-9
937,C1,4.771e-6,37,150,,,eval err
938,C0,4.771e-6,38,-40,,,eval err
938,C1,4.771e-6,38,150,,,eval err
939,C0,4.771e-6,39,-40,,,9.965e-9
939,C1,4.771e-6,39,150,,,eval err
940,C0,4.771e-6,40,-40,,,eval err
940,C1,4.771e-6,40,150,,,eval err
941,C0,4.771e-6,41,-40,,,eval err
941,C1,4.771e-6,41,150,,,eval err
942,C0,4.771e-6,42,-40,,,eval err
942,C1,4.771e-6,42,150,,,eval err
943,C0,4.771e-6,43,-40,,,9.667e-9
943,C1,4.771e-6,43,150,,,eval err
944,C0,4.771e-6,44,-40,,,eval err
944,C1,4.771e-6,44,150,,,eval err
945,C0,4.771e-6,45,-40,,,eval err
945,C1,4.771e-6,45,150,,,eval err
946,C0,4.771e-6,46,-40,,,eval err
946,C1,4.771e-6,46,150,,,eval err
947,C0,4.771e-6,47,-40,,,9.793e-9
947,C1,4.771e-6,47,150,,,eval err
948,C0,4.771e-6,48,-40,,,eval err
948,C1,4.771e-6,48,150,,,eval err
949,C0,4.771e-6,49,-40,,,eval err
949,C1,4.771e-6,49,150,,,eval err
950,C0,4.771e-6,50,-40,,,eval err
950,C1,4.771e-6,50,150,,,eval err
951,C0,4.771e-6,51,-40,,,eval err
951,C1,4.771e-6,51,150,,,eval err
952,C0,4.771e-6,52,-40,,,eval err
952,C1,4.771e-6,52,150,,,eval err
953,C0,4.771e-6,53,-40,,,8.944e-9
953,C1,4.771e-6,53,150,,,eval err
954,C0,4.771e-6,54,-40,,,eval err
954,C1,4.771e-6,54,150,,,eval err
955,C0,4.771e-6,55,-40,,,eval err
955,C1,4.771e-6,55,150,,,eval err
956,C0,4.771e-6,56,-40,,,eval err
956,C1,4.771e-6,56,150,,,eval err
957,C0,4.771e-6,57,-40,,,9.971e-9
957,C1,4.771e-6,57,150,,,9.925e-9
958,C0,4.771e-6,58,-40,,,eval err
958,C1,4.771e-6,58,150,,,eval err
959,C0,4.771e-6,59,-40,,,eval err
959,C1,4.771e-6,59,150,,,9.995e-9
960,C0,4.771e-6,60,-40,,,eval err
960,C1,4.771e-6,60,150,,,eval err
961,C0,4.829e-6,1,-40,,,eval err
961,C1,4.829e-6,1,150,,,eval err
962,C0,4.829e-6,2,-40,,,eval err
962,C1,4.829e-6,2,150,,,eval err
963,C0,4.829e-6,3,-40,,,eval err
963,C1,4.829e-6,3,150,,,eval err
964,C0,4.829e-6,4,-40,,,9.982e-9
964,C1,4.829e-6,4,150,,,eval err
965,C0,4.829e-6,5,-40,,,eval err
965,C1,4.829e-6,5,150,,,eval err
966,C0,4.829e-6,6,-40,,,9.939e-9
966,C1,4.829e-6,6,150,,,eval err
967,C0,4.829e-6,7,-40,,,9.63e-9
967,C1,4.829e-6,7,150,,,eval err
968,C0,4.829e-6,8,-40,,,9.807e-9
968,C1,4.829e-6,8,150,,,eval err
969,C0,4.829e-6,9,-40,,,eval err
969,C1,4.829e-6,9,150,,,eval err
970,C0,4.829e-6,10,-40,,,eval err
970,C1,4.829e-6,10,150,,,eval err
971,C0,4.829e-6,11,-40,,,eval err
971,C1,4.829e-6,11,150,,,eval err
972,C0,4.829e-6,12,-40,,,9.965e-9
972,C1,4.829e-6,12,150,,,eval err
973,C0,4.829e-6,13,-40,,,eval err
973,C1,4.829e-6,13,150,,,eval err
974,C0,4.829e-6,14,-40,,,eval err
974,C1,4.829e-6,14,150,,,eval err
975,C0,4.829e-6,15,-40,,,eval err
975,C1,4.829e-6,15,150,,,eval err
976,C0,4.829e-6,16,-40,,,eval err
976,C1,4.829e-6,16,150,,,eval err
977,C0,4.829e-6,17,-40,,,eval err
977,C1,4.829e-6,17,150,,,eval err
978,C0,4.829e-6,18,-40,,,9.983e-9
978,C1,4.829e-6,18,150,,,eval err
979,C0,4.829e-6,19,-40,,,eval err
979,C1,4.829e-6,19,150,,,eval err
980,C0,4.829e-6,20,-40,,,eval err
980,C1,4.829e-6,20,150,,,eval err
981,C0,4.829e-6,21,-40,,,eval err
981,C1,4.829e-6,21,150,,,eval err
982,C0,4.829e-6,22,-40,,,eval err
982,C1,4.829e-6,22,150,,,9.979e-9
983,C0,4.829e-6,23,-40,,,eval err
983,C1,4.829e-6,23,150,,,eval err
984,C0,4.829e-6,24,-40,,,eval err
984,C1,4.829e-6,24,150,,,eval err
985,C0,4.829e-6,25,-40,,,eval err
985,C1,4.829e-6,25,150,,,eval err
986,C0,4.829e-6,26,-40,,,eval err
986,C1,4.829e-6,26,150,,,eval err
987,C0,4.829e-6,27,-40,,,eval err
987,C1,4.829e-6,27,150,,,eval err
988,C0,4.829e-6,28,-40,,,eval err
988,C1,4.829e-6,28,150,,,eval err
989,C0,4.829e-6,29,-40,,,eval err
989,C1,4.829e-6,29,150,,,eval err
990,C0,4.829e-6,30,-40,,,eval err
990,C1,4.829e-6,30,150,,,eval err
991,C0,4.829e-6,31,-40,,,eval err
991,C1,4.829e-6,31,150,,,eval err
992,C0,4.829e-6,32,-40,,,eval err
992,C1,4.829e-6,32,150,,,eval err
993,C0,4.829e-6,33,-40,,,eval err
993,C1,4.829e-6,33,150,,,eval err
994,C0,4.829e-6,34,-40,,,eval err
994,C1,4.829e-6,34,150,,,eval err
995,C0,4.829e-6,35,-40,,,eval err
995,C1,4.829e-6,35,150,,,eval err
996,C0,4.829e-6,36,-40,,,eval err
996,C1,4.829e-6,36,150,,,eval err
997,C0,4.829e-6,37,-40,,,9.983e-9
997,C1,4.829e-6,37,150,,,eval err
998,C0,4.829e-6,38,-40,,,eval err
998,C1,4.829e-6,38,150,,,eval err
999,C0,4.829e-6,39,-40,,,eval err
999,C1,4.829e-6,39,150,,,eval err
1e3,C0,4.829e-6,40,-40,,,eval err
1e3,C1,4.829e-6,40,150,,,eval err
1.001e3,C0,4.829e-6,41,-40,,,eval err
1.001e3,C1,4.829e-6,41,150,,,eval err
1.002e3,C0,4.829e-6,42,-40,,,eval err
1.002e3,C1,4.829e-6,42,150,,,eval err
1.003e3,C0,4.829e-6,43,-40,,,9.753e-9
1.003e3,C1,4.829e-6,43,150,,,eval err
1.004e3,C0,4.829e-6,44,-40,,,eval err
1.004e3,C1,4.829e-6,44,150,,,eval err
1.005e3,C0,4.829e-6,45,-40,,,eval err
1.005e3,C1,4.829e-6,45,150,,,eval err
1.006e3,C0,4.829e-6,46,-40,,,eval err
1.006e3,C1,4.829e-6,46,150,,,eval err
1.007e3,C0,4.829e-6,47,-40,,,9.885e-9
1.007e3,C1,4.829e-6,47,150,,,eval err
1.008e3,C0,4.829e-6,48,-40,,,eval err
1.008e3,C1,4.829e-6,48,150,,,eval err
1.009e3,C0,4.829e-6,49,-40,,,eval err
1.009e3,C1,4.829e-6,49,150,,,eval err
1.01e3,C0,4.829e-6,50,-40,,,eval err
1.01e3,C1,4.829e-6,50,150,,,eval err
1.011e3,C0,4.829e-6,51,-40,,,eval err
1.011e3,C1,4.829e-6,51,150,,,eval err
1.012e3,C0,4.829e-6,52,-40,,,eval err
1.012e3,C1,4.829e-6,52,150,,,eval err
1.013e3,C0,4.829e-6,53,-40,,,8.997e-9
1.013e3,C1,4.829e-6,53,150,,,eval err
1.014e3,C0,4.829e-6,54,-40,,,eval err
1.014e3,C1,4.829e-6,54,150,,,eval err
1.015e3,C0,4.829e-6,55,-40,,,eval err
1.015e3,C1,4.829e-6,55,150,,,eval err
1.016e3,C0,4.829e-6,56,-40,,,eval err
1.016e3,C1,4.829e-6,56,150,,,eval err
1.017e3,C0,4.829e-6,57,-40,,,eval err
1.017e3,C1,4.829e-6,57,150,,,eval err
1.018e3,C0,4.829e-6,58,-40,,,eval err
1.018e3,C1,4.829e-6,58,150,,,eval err
1.019e3,C0,4.829e-6,59,-40,,,eval err
1.019e3,C1,4.829e-6,59,150,,,eval err
1.02e3,C0,4.829e-6,60,-40,,,eval err
1.02e3,C1,4.829e-6,60,150,,,eval err
1.021e3,C0,4.886e-6,1,-40,,,eval err
1.021e3,C1,4.886e-6,1,150,,,eval err
1.022e3,C0,4.886e-6,2,-40,,,eval err
1.022e3,C1,4.886e-6,2,150,,,eval err
1.023e3,C0,4.886e-6,3,-40,,,eval err
1.023e3,C1,4.886e-6,3,150,,,eval err
1.024e3,C0,4.886e-6,4,-40,,,eval err
1.024e3,C1,4.886e-6,4,150,,,eval err
1.025e3,C0,4.886e-6,5,-40,,,eval err
1.025e3,C1,4.886e-6,5,150,,,eval err
1.026e3,C0,4.886e-6,6,-40,,,eval err
1.026e3,C1,4.886e-6,6,150,,,eval err
1.027e3,C0,4.886e-6,7,-40,,,9.707e-9
1.027e3,C1,4.886e-6,7,150,,,eval err
1.028e3,C0,4.886e-6,8,-40,,,9.895e-9
1.028e3,C1,4.886e-6,8,150,,,eval err
1.029e3,C0,4.886e-6,9,-40,,,eval err
1.029e3,C1,4.886e-6,9,150,,,eval err
1.03e3,C0,4.886e-6,10,-40,,,eval err
1.03e3,C1,4.886e-6,10,150,,,eval err
1.031e3,C0,4.886e-6,11,-40,,,eval err
1.031e3,C1,4.886e-6,11,150,,,eval err
1.032e3,C0,4.886e-6,12,-40,,,eval err
1.032e3,C1,4.886e-6,12,150,,,eval err
1.033e3,C0,4.886e-6,13,-40,,,eval err
1.033e3,C1,4.886e-6,13,150,,,eval err
1.034e3,C0,4.886e-6,14,-40,,,eval err
1.034e3,C1,4.886e-6,14,150,,,eval err
1.035e3,C0,4.886e-6,15,-40,,,eval err
1.035e3,C1,4.886e-6,15,150,,,eval err
1.036e3,C0,4.886e-6,16,-40,,,eval err
1.036e3,C1,4.886e-6,16,150,,,eval err
1.037e3,C0,4.886e-6,17,-40,,,eval err
1.037e3,C1,4.886e-6,17,150,,,eval err
1.038e3,C0,4.886e-6,18,-40,,,eval err
1.038e3,C1,4.886e-6,18,150,,,eval err
1.039e3,C0,4.886e-6,19,-40,,,eval err
1.039e3,C1,4.886e-6,19,150,,,eval err
1.04e3,C0,4.886e-6,20,-40,,,eval err
1.04e3,C1,4.886e-6,20,150,,,eval err
1.041e3,C0,4.886e-6,21,-40,,,eval err
1.041e3,C1,4.886e-6,21,150,,,eval err
1.042e3,C0,4.886e-6,22,-40,,,eval err
1.042e3,C1,4.886e-6,22,150,,,eval err
1.043e3,C0,4.886e-6,23,-40,,,eval err
1.043e3,C1,4.886e-6,23,150,,,eval err
1.044e3,C0,4.886e-6,24,-40,,,eval err
1.044e3,C1,4.886e-6,24,150,,,eval err
1.045e3,C0,4.886e-6,25,-40,,,eval err
1.045e3,C1,4.886e-6,25,150,,,eval err
1.046e3,C0,4.886e-6,26,-40,,,eval err
1.046e3,C1,4.886e-6,26,150,,,eval err
1.047e3,C0,4.886e-6,27,-40,,,eval err
1.047e3,C1,4.886e-6,27,150,,,eval err
1.048e3,C0,4.886e-6,28,-40,,,eval err
1.048e3,C1,4.886e-6,28,150,,,eval err
1.049e3,C0,4.886e-6,29,-40,,,eval err
1.049e3,C1,4.886e-6,29,150,,,eval err
1.05e3,C0,4.886e-6,30,-40,,,eval err
1.05e3,C1,4.886e-6,30,150,,,eval err
1.051e3,C0,4.886e-6,31,-40,,,eval err
1.051e3,C1,4.886e-6,31,150,,,eval err
1.052e3,C0,4.886e-6,32,-40,,,eval err
1.052e3,C1,4.886e-6,32,150,,,eval err
1.053e3,C0,4.886e-6,33,-40,,,eval err
1.053e3,C1,4.886e-6,33,150,,,eval err
1.054e3,C0,4.886e-6,34,-40,,,eval err
1.054e3,C1,4.886e-6,34,150,,,eval err
1.055e3,C0,4.886e-6,35,-40,,,eval err
1.055e3,C1,4.886e-6,35,150,,,eval err
1.056e3,C0,4.886e-6,36,-40,,,eval err
1.056e3,C1,4.886e-6,36,150,,,eval err
1.057e3,C0,4.886e-6,37,-40,,,eval err
1.057e3,C1,4.886e-6,37,150,,,eval err
1.058e3,C0,4.886e-6,38,-40,,,eval err
1.058e3,C1,4.886e-6,38,150,,,eval err
1.059e3,C0,4.886e-6,39,-40,,,eval err
1.059e3,C1,4.886e-6,39,150,,,eval err
1.06e3,C0,4.886e-6,40,-40,,,eval err
1.06e3,C1,4.886e-6,40,150,,,eval err
1.061e3,C0,4.886e-6,41,-40,,,eval err
1.061e3,C1,4.886e-6,41,150,,,eval err
1.062e3,C0,4.886e-6,42,-40,,,eval err
1.062e3,C1,4.886e-6,42,150,,,eval err
1.063e3,C0,4.886e-6,43,-40,,,9.837e-9
1.063e3,C1,4.886e-6,43,150,,,eval err
1.064e3,C0,4.886e-6,44,-40,,,eval err
1.064e3,C1,4.886e-6,44,150,,,eval err
1.065e3,C0,4.886e-6,45,-40,,,eval err
1.065e3,C1,4.886e-6,45,150,,,eval err
1.066e3,C0,4.886e-6,46,-40,,,eval err
1.066e3,C1,4.886e-6,46,150,,,eval err
1.067e3,C0,4.886e-6,47,-40,,,9.978e-9
1.067e3,C1,4.886e-6,47,150,,,eval err
1.068e3,C0,4.886e-6,48,-40,,,eval err
1.068e3,C1,4.886e-6,48,150,,,eval err
1.069e3,C0,4.886e-6,49,-40,,,eval err
1.069e3,C1,4.886e-6,49,150,,,eval err
1.07e3,C0,4.886e-6,50,-40,,,eval err
1.07e3,C1,4.886e-6,50,150,,,eval err
1.071e3,C0,4.886e-6,51,-40,,,eval err
1.071e3,C1,4.886e-6,51,150,,,eval err
1.072e3,C0,4.886e-6,52,-40,,,eval err
1.072e3,C1,4.886e-6,52,150,,,eval err
1.073e3,C0,4.886e-6,53,-40,,,9.046e-9
1.073e3,C1,4.886e-6,53,150,,,eval err
1.074e3,C0,4.886e-6,54,-40,,,eval err
1.074e3,C1,4.886e-6,54,150,,,eval err
1.075e3,C0,4.886e-6,55,-40,,,eval err
1.075e3,C1,4.886e-6,55,150,,,eval err
1.076e3,C0,4.886e-6,56,-40,,,eval err
1.076e3,C1,4.886e-6,56,150,,,eval err
1.077e3,C0,4.886e-6,57,-40,,,eval err
1.077e3,C1,4.886e-6,57,150,,,eval err
1.078e3,C0,4.886e-6,58,-40,,,eval err
1.078e3,C1,4.886e-6,58,150,,,eval err
1.079e3,C0,4.886e-6,59,-40,,,eval err
1.079e3,C1,4.886e-6,59,150,,,eval err
1.08e3,C0,4.886e-6,60,-40,,,eval err
1.08e3,C1,4.886e-6,60,150,,,eval err
1.081e3,C0,4.943e-6,1,-40,,,eval err
1.081e3,C1,4.943e-6,1,150,,,eval err
1.082e3,C0,4.943e-6,2,-40,,,eval err
1.082e3,C1,4.943e-6,2,150,,,eval err
1.083e3,C0,4.943e-6,3,-40,,,eval err
1.083e3,C1,4.943e-6,3,150,,,eval err
1.084e3,C0,4.943e-6,4,-40,,,eval err
1.084e3,C1,4.943e-6,4,150,,,eval err
1.085e3,C0,4.943e-6,5,-40,,,eval err
1.085e3,C1,4.943e-6,5,150,,,eval err
1.086e3,C0,4.943e-6,6,-40,,,eval err
1.086e3,C1,4.943e-6,6,150,,,eval err
1.087e3,C0,4.943e-6,7,-40,,,9.783e-9
1.087e3,C1,4.943e-6,7,150,,,eval err
1.088e3,C0,4.943e-6,8,-40,,,9.982e-9
1.088e3,C1,4.943e-6,8,150,,,eval err
1.089e3,C0,4.943e-6,9,-40,,,eval err
1.089e3,C1,4.943e-6,9,150,,,eval err
1.09e3,C0,4.943e-6,10,-40,,,eval err
1.09e3,C1,4.943e-6,10,150,,,eval err
1.091e3,C0,4.943e-6,11,-40,,,eval err
1.091e3,C1,4.943e-6,11,150,,,eval err
1.092e3,C0,4.943e-6,12,-40,,,eval err
1.092e3,C1,4.943e-6,12,150,,,eval err
1.093e3,C0,4.943e-6,13,-40,,,eval err
1.093e3,C1,4.943e-6,13,150,,,eval err
1.094e3,C0,4.943e-6,14,-40,,,eval err
1.094e3,C1,4.943e-6,14,150,,,eval err
1.095e3,C0,4.943e-6,15,-40,,,eval err
1.095e3,C1,4.943e-6,15,150,,,eval err
1.096e3,C0,4.943e-6,16,-40,,,eval err
1.096e3,C1,4.943e-6,16,150,,,eval err
1.097e3,C0,4.943e-6,17,-40,,,eval err
1.097e3,C1,4.943e-6,17,150,,,eval err
1.098e3,C0,4.943e-6,18,-40,,,eval err
1.098e3,C1,4.943e-6,18,150,,,eval err
1.099e3,C0,4.943e-6,19,-40,,,eval err
1.099e3,C1,4.943e-6,19,150,,,eval err
1.1e3,C0,4.943e-6,20,-40,,,eval err
1.1e3,C1,4.943e-6,20,150,,,eval err
1.101e3,C0,4.943e-6,21,-40,,,eval err
1.101e3,C1,4.943e-6,21,150,,,eval err
1.102e3,C0,4.943e-6,22,-40,,,eval err
1.102e3,C1,4.943e-6,22,150,,,eval err
1.103e3,C0,4.943e-6,23,-40,,,eval err
1.103e3,C1,4.943e-6,23,150,,,eval err
1.104e3,C0,4.943e-6,24,-40,,,eval err
1.104e3,C1,4.943e-6,24,150,,,eval err
1.105e3,C0,4.943e-6,25,-40,,,eval err
1.105e3,C1,4.943e-6,25,150,,,eval err
1.106e3,C0,4.943e-6,26,-40,,,eval err
1.106e3,C1,4.943e-6,26,150,,,eval err
1.107e3,C0,4.943e-6,27,-40,,,eval err
1.107e3,C1,4.943e-6,27,150,,,eval err
1.108e3,C0,4.943e-6,28,-40,,,eval err
1.108e3,C1,4.943e-6,28,150,,,eval err
1.109e3,C0,4.943e-6,29,-40,,,eval err
1.109e3,C1,4.943e-6,29,150,,,eval err
1.11e3,C0,4.943e-6,30,-40,,,eval err
1.11e3,C1,4.943e-6,30,150,,,eval err
1.111e3,C0,4.943e-6,31,-40,,,eval err
1.111e3,C1,4.943e-6,31,150,,,eval err
1.112e3,C0,4.943e-6,32,-40,,,eval err
1.112e3,C1,4.943e-6,32,150,,,eval err
1.113e3,C0,4.943e-6,33,-40,,,eval err
1.113e3,C1,4.943e-6,33,150,,,eval err
1.114e3,C0,4.943e-6,34,-40,,,eval err
1.114e3,C1,4.943e-6,34,150,,,eval err
1.115e3,C0,4.943e-6,35,-40,,,eval err
1.115e3,C1,4.943e-6,35,150,,,eval err
1.116e3,C0,4.943e-6,36,-40,,,eval err
1.116e3,C1,4.943e-6,36,150,,,eval err
1.117e3,C0,4.943e-6,37,-40,,,eval err
1.117e3,C1,4.943e-6,37,150,,,eval err
1.118e3,C0,4.943e-6,38,-40,,,eval err
1.118e3,C1,4.943e-6,38,150,,,eval err
1.119e3,C0,4.943e-6,39,-40,,,eval err
1.119e3,C1,4.943e-6,39,150,,,eval err
1.12e3,C0,4.943e-6,40,-40,,,eval err
1.12e3,C1,4.943e-6,40,150,,,eval err
1.121e3,C0,4.943e-6,41,-40,,,eval err
1.121e3,C1,4.943e-6,41,150,,,eval err
1.122e3,C0,4.943e-6,42,-40,,,eval err
1.122e3,C1,4.943e-6,42,150,,,eval err
1.123e3,C0,4.943e-6,43,-40,,,9.921e-9
1.123e3,C1,4.943e-6,43,150,,,eval err
1.124e3,C0,4.943e-6,44,-40,,,eval err
1.124e3,C1,4.943e-6,44,150,,,eval err
1.125e3,C0,4.943e-6,45,-40,,,eval err
1.125e3,C1,4.943e-6,45,150,,,eval err
1.126e3,C0,4.943e-6,46,-40,,,eval err
1.126e3,C1,4.943e-6,46,150,,,eval err
1.127e3,C0,4.943e-6,47,-40,,,eval err
1.127e3,C1,4.943e-6,47,150,,,eval err
1.128e3,C0,4.943e-6,48,-40,,,eval err
1.128e3,C1,4.943e-6,48,150,,,eval err
1.129e3,C0,4.943e-6,49,-40,,,eval err
1.129e3,C1,4.943e-6,49,150,,,eval err
1.13e3,C0,4.943e-6,50,-40,,,eval err
1.13e3,C1,4.943e-6,50,150,,,eval err
1.131e3,C0,4.943e-6,51,-40,,,eval err
1.131e3,C1,4.943e-6,51,150,,,eval err
1.132e3,C0,4.943e-6,52,-40,,,eval err
1.132e3,C1,4.943e-6,52,150,,,eval err
1.133e3,C0,4.943e-6,53,-40,,,9.093e-9
1.133e3,C1,4.943e-6,53,150,,,eval err
1.134e3,C0,4.943e-6,54,-40,,,eval err
1.134e3,C1,4.943e-6,54,150,,,eval err
1.135e3,C0,4.943e-6,55,-40,,,eval err
1.135e3,C1,4.943e-6,55,150,,,eval err
1.136e3,C0,4.943e-6,56,-40,,,eval err
1.136e3,C1,4.943e-6,56,150,,,eval err
1.137e3,C0,4.943e-6,57,-40,,,eval err
1.137e3,C1,4.943e-6,57,150,,,eval err
1.138e3,C0,4.943e-6,58,-40,,,eval err
1.138e3,C1,4.943e-6,58,150,,,eval err
1.139e3,C0,4.943e-6,59,-40,,,eval err
1.139e3,C1,4.943e-6,59,150,,,eval err
1.14e3,C0,4.943e-6,60,-40,,,eval err
1.14e3,C1,4.943e-6,60,150,,,eval err
1.141e3,C0,5e-6,1,-40,,,eval err
1.141e3,C1,5e-6,1,150,,,eval err
1.142e3,C0,5e-6,2,-40,,,eval err
1.142e3,C1,5e-6,2,150,,,eval err
1.143e3,C0,5e-6,3,-40,,,eval err
1.143e3,C1,5e-6,3,150,,,eval err
1.144e3,C0,5e-6,4,-40,,,eval err
1.144e3,C1,5e-6,4,150,,,eval err
1.145e3,C0,5e-6,5,-40,,,eval err
1.145e3,C1,5e-6,5,150,,,eval err
1.146e3,C0,5e-6,6,-40,,,eval err
1.146e3,C1,5e-6,6,150,,,eval err
1.147e3,C0,5e-6,7,-40,,,9.858e-9
1.147e3,C1,5e-6,7,150,,,eval err
1.148e3,C0,5e-6,8,-40,,,eval err
1.148e3,C1,5e-6,8,150,,,eval err
1.149e3,C0,5e-6,9,-40,,,eval err
1.149e3,C1,5e-6,9,150,,,eval err
1.15e3,C0,5e-6,10,-40,,,eval err
1.15e3,C1,5e-6,10,150,,,eval err
1.151e3,C0,5e-6,11,-40,,,eval err
1.151e3,C1,5e-6,11,150,,,eval err
1.152e3,C0,5e-6,12,-40,,,eval err
1.152e3,C1,5e-6,12,150,,,eval err
1.153e3,C0,5e-6,13,-40,,,eval err
1.153e3,C1,5e-6,13,150,,,eval err
1.154e3,C0,5e-6,14,-40,,,eval err
1.154e3,C1,5e-6,14,150,,,eval err
1.155e3,C0,5e-6,15,-40,,,eval err
1.155e3,C1,5e-6,15,150,,,eval err
1.156e3,C0,5e-6,16,-40,,,eval err
1.156e3,C1,5e-6,16,150,,,eval err
1.157e3,C0,5e-6,17,-40,,,eval err
1.157e3,C1,5e-6,17,150,,,eval err
1.158e3,C0,5e-6,18,-40,,,eval err
1.158e3,C1,5e-6,18,150,,,eval err
1.159e3,C0,5e-6,19,-40,,,eval err
1.159e3,C1,5e-6,19,150,,,eval err
1.16e3,C0,5e-6,20,-40,,,eval err
1.16e3,C1,5e-6,20,150,,,eval err
1.161e3,C0,5e-6,21,-40,,,eval err
1.161e3,C1,5e-6,21,150,,,eval err
1.162e3,C0,5e-6,22,-40,,,eval err
1.162e3,C1,5e-6,22,150,,,eval err
1.163e3,C0,5e-6,23,-40,,,eval err
1.163e3,C1,5e-6,23,150,,,eval err
1.164e3,C0,5e-6,24,-40,,,eval err
1.164e3,C1,5e-6,24,150,,,eval err
1.165e3,C0,5e-6,25,-40,,,eval err
1.165e3,C1,5e-6,25,150,,,eval err
1.166e3,C0,5e-6,26,-40,,,eval err
1.166e3,C1,5e-6,26,150,,,eval err
1.167e3,C0,5e-6,27,-40,,,eval err
1.167e3,C1,5e-6,27,150,,,eval err
1.168e3,C0,5e-6,28,-40,,,eval err
1.168e3,C1,5e-6,28,150,,,eval err
1.169e3,C0,5e-6,29,-40,,,eval err
1.169e3,C1,5e-6,29,150,,,eval err
1.17e3,C0,5e-6,30,-40,,,eval err
1.17e3,C1,5e-6,30,150,,,eval err
1.171e3,C0,5e-6,31,-40,,,eval err
1.171e3,C1,5e-6,31,150,,,eval err
1.172e3,C0,5e-6,32,-40,,,eval err
1.172e3,C1,5e-6,32,150,,,eval err
1.173e3,C0,5e-6,33,-40,,,eval err
1.173e3,C1,5e-6,33,150,,,eval err
1.174e3,C0,5e-6,34,-40,,,eval err
1.174e3,C1,5e-6,34,150,,,eval err
1.175e3,C0,5e-6,35,-40,,,eval err
1.175e3,C1,5e-6,35,150,,,eval err
1.176e3,C0,5e-6,36,-40,,,eval err
1.176e3,C1,5e-6,36,150,,,eval err
1.177e3,C0,5e-6,37,-40,,,eval err
1.177e3,C1,5e-6,37,150,,,eval err
1.178e3,C0,5e-6,38,-40,,,eval err
1.178e3,C1,5e-6,38,150,,,eval err
1.179e3,C0,5e-6,39,-40,,,eval err
1.179e3,C1,5e-6,39,150,,,eval err
1.18e3,C0,5e-6,40,-40,,,eval err
1.18e3,C1,5e-6,40,150,,,eval err
1.181e3,C0,5e-6,41,-40,,,eval err
1.181e3,C1,5e-6,41,150,,,eval err
1.182e3,C0,5e-6,42,-40,,,eval err
1.182e3,C1,5e-6,42,150,,,eval err
1.183e3,C0,5e-6,43,-40,,,eval err
1.183e3,C1,5e-6,43,150,,,eval err
1.184e3,C0,5e-6,44,-40,,,eval err
1.184e3,C1,5e-6,44,150,,,eval err
1.185e3,C0,5e-6,45,-40,,,eval err
1.185e3,C1,5e-6,45,150,,,eval err
1.186e3,C0,5e-6,46,-40,,,eval err
1.186e3,C1,5e-6,46,150,,,eval err
1.187e3,C0,5e-6,47,-40,,,eval err
1.187e3,C1,5e-6,47,150,,,eval err
1.188e3,C0,5e-6,48,-40,,,eval err
1.188e3,C1,5e-6,48,150,,,eval err
1.189e3,C0,5e-6,49,-40,,,eval err
1.189e3,C1,5e-6,49,150,,,eval err
1.19e3,C0,5e-6,50,-40,,,eval err
1.19e3,C1,5e-6,50,150,,,eval err
1.191e3,C0,5e-6,51,-40,,,eval err
1.191e3,C1,5e-6,51,150,,,eval err
1.192e3,C0,5e-6,52,-40,,,eval err
1.192e3,C1,5e-6,52,150,,,eval err
1.193e3,C0,5e-6,53,-40,,,9.14e-9
1.193e3,C1,5e-6,53,150,,,eval err
1.194e3,C0,5e-6,54,-40,,,eval err
1.194e3,C1,5e-6,54,150,,,eval err
1.195e3,C0,5e-6,55,-40,,,eval err
1.195e3,C1,5e-6,55,150,,,eval err
1.196e3,C0,5e-6,56,-40,,,eval err
1.196e3,C1,5e-6,56,150,,,eval err
1.197e3,C0,5e-6,57,-40,,,eval err
1.197e3,C1,5e-6,57,150,,,eval err
1.198e3,C0,5e-6,58,-40,,,eval err
1.198e3,C1,5e-6,58,150,,,eval err
1.199e3,C0,5e-6,59,-40,,,eval err
1.199e3,C1,5e-6,59,150,,,eval err
1.2e3,C0,5e-6,60,-40,,,eval err
1.2e3,C1,5e-6,60,150,,,eval err

