Point,Corner,Vin,mc_iteration,temperature,Pass/Fail,/Inv_Out,DELAY
1,MC40,100e-3,1,-40,,,853.8e-12
1,MC150,100e-3,1,150,,,815.6e-12
2,MC40,100e-3,2,-40,,,90.39e-12
2,MC150,100e-3,2,150,,,92.1e-12
3,MC40,100e-3,3,-40,,,82.67e-12
3,MC150,100e-3,3,150,,,87.12e-12
4,MC40,100e-3,4,-40,,,602.6e-12
4,MC150,100e-3,4,150,,,601.4e-12
5,MC40,100e-3,5,-40,,,83.54e-12
5,MC150,100e-3,5,150,,,87.75e-12
6,MC40,100e-3,6,-40,,,86.41e-12
6,MC150,100e-3,6,150,,,91.48e-12
7,MC40,100e-3,7,-40,,,924.8e-12
7,MC150,100e-3,7,150,,,998.8e-12
8,MC40,100e-3,8,-40,,,675.3e-12
8,MC150,100e-3,8,150,,,708.6e-12
9,MC40,100e-3,9,-40,,,83.89e-12
9,MC150,100e-3,9,150,,,88.09e-12
10,MC40,100e-3,10,-40,,,548.3e-12
10,MC150,100e-3,10,150,,,89.57e-12
11,MC40,100e-3,11,-40,,,83.48e-12
11,MC150,100e-3,11,150,,,88.28e-12
12,MC40,100e-3,12,-40,,,85.81e-12
12,MC150,100e-3,12,150,,,90.56e-12
13,MC40,100e-3,13,-40,,,963e-12
13,MC150,100e-3,13,150,,,925.3e-12
14,MC40,100e-3,14,-40,,,496.4e-12
14,MC150,100e-3,14,150,,,104.9e-12
15,MC40,100e-3,15,-40,,,83.14e-12
15,MC150,100e-3,15,150,,,87.49e-12
16,MC40,100e-3,16,-40,,,862e-12
16,MC150,100e-3,16,150,,,860.9e-12
17,MC40,100e-3,17,-40,,,84.74e-12
17,MC150,100e-3,17,150,,,89.16e-12
18,MC40,100e-3,18,-40,,,85.17e-12
18,MC150,100e-3,18,150,,,89.84e-12
19,MC40,100e-3,19,-40,,,584.4e-12
19,MC150,100e-3,19,150,,,98.24e-12
20,MC40,100e-3,20,-40,,,84.79e-12
20,MC150,100e-3,20,150,,,89.62e-12
21,MC40,100e-3,21,-40,,,665.8e-12
21,MC150,100e-3,21,150,,,658e-12
22,MC40,100e-3,22,-40,,,81.85e-12
22,MC150,100e-3,22,150,,,86.33e-12
23,MC40,100e-3,23,-40,,,85.93e-12
23,MC150,100e-3,23,150,,,90.33e-12
24,MC40,100e-3,24,-40,,,443.9e-12
24,MC150,100e-3,24,150,,,87.08e-12
25,MC40,100e-3,25,-40,,,714.8e-12
25,MC150,100e-3,25,150,,,728.2e-12
26,MC40,100e-3,26,-40,,,83.36e-12
26,MC150,100e-3,26,150,,,87.71e-12
27,MC40,100e-3,27,-40,,,87.03e-12
27,MC150,100e-3,27,150,,,90.93e-12
28,MC40,100e-3,28,-40,,,935.9e-12
28,MC150,100e-3,28,150,,,964.3e-12
29,MC40,100e-3,29,-40,,,85.07e-12
29,MC150,100e-3,29,150,,,89.48e-12
30,MC40,100e-3,30,-40,,,85.44e-12
30,MC150,100e-3,30,150,,,90.18e-12
31,MC40,100e-3,31,-40,,,631.9e-12
31,MC150,100e-3,31,150,,,525.5e-12
32,MC40,100e-3,32,-40,,,84.08e-12
32,MC150,100e-3,32,150,,,88.72e-12
33,MC40,100e-3,33,-40,,,714.5e-12
33,MC150,100e-3,33,150,,,352e-12
34,MC40,100e-3,34,-40,,,877.8e-12
34,MC150,100e-3,34,150,,,866.7e-12
35,MC40,100e-3,35,-40,,,85.85e-12
35,MC150,100e-3,35,150,,,90.64e-12
36,MC40,100e-3,36,-40,,,81.92e-12
36,MC150,100e-3,36,150,,,86.44e-12
37,MC40,100e-3,37,-40,,,86.6e-12
37,MC150,100e-3,37,150,,,91.72e-12
38,MC40,100e-3,38,-40,,,84.66e-12
38,MC150,100e-3,38,150,,,89.16e-12
39,MC40,100e-3,39,-40,,,705.5e-12
39,MC150,100e-3,39,150,,,724.6e-12
40,MC40,100e-3,40,-40,,,82.99e-12
40,MC150,100e-3,40,150,,,87.57e-12
41,MC40,100e-3,41,-40,,,602e-12
41,MC150,100e-3,41,150,,,94.51e-12
42,MC40,100e-3,42,-40,,,85.05e-12
42,MC150,100e-3,42,150,,,89.65e-12
43,MC40,100e-3,43,-40,,,777.7e-12
43,MC150,100e-3,43,150,,,823.4e-12
44,MC40,100e-3,44,-40,,,84.56e-12
44,MC150,100e-3,44,150,,,89.04e-12
45,MC40,100e-3,45,-40,,,722.2e-12
45,MC150,100e-3,45,150,,,600.8e-12
46,MC40,100e-3,46,-40,,,961.7e-12
46,MC150,100e-3,46,150,,,988.7e-12
47,MC40,100e-3,47,-40,,,86.35e-12
47,MC150,100e-3,47,150,,,91.33e-12
48,MC40,100e-3,48,-40,,,648.9e-12
48,MC150,100e-3,48,150,,,96.6e-12
49,MC40,100e-3,49,-40,,,84.18e-12
49,MC150,100e-3,49,150,,,88.65e-12
50,MC40,100e-3,50,-40,,,84.81e-12
50,MC150,100e-3,50,150,,,89.25e-12
51,MC40,100e-3,51,-40,,,754.2e-12
51,MC150,100e-3,51,150,,,753.5e-12
52,MC40,100e-3,52,-40,,,430.2e-12
52,MC150,100e-3,52,150,,,89.58e-12
53,MC40,100e-3,53,-40,,,1.133e-9
53,MC150,100e-3,53,150,,,1.165e-9
54,MC40,100e-3,54,-40,,,569.7e-12
54,MC150,100e-3,54,150,,,456.5e-12
55,MC40,100e-3,55,-40,,,84.5e-12
55,MC150,100e-3,55,150,,,88.9e-12
56,MC40,100e-3,56,-40,,,566e-12
56,MC150,100e-3,56,150,,,90.11e-12
57,MC40,100e-3,57,-40,,,83.83e-12
57,MC150,100e-3,57,150,,,88.41e-12
58,MC40,100e-3,58,-40,,,675.1e-12
58,MC150,100e-3,58,150,,,648.5e-12
59,MC40,100e-3,59,-40,,,84.64e-12
59,MC150,100e-3,59,150,,,89.06e-12
60,MC40,100e-3,60,-40,,,740.7e-12
60,MC150,100e-3,60,150,,,597.1e-12
61,MC40,143.3e-3,1,-40,,,1.907e-9
61,MC150,143.3e-3,1,150,,,1.937e-9
62,MC40,143.3e-3,2,-40,,,1.777e-9
62,MC150,143.3e-3,2,150,,,1.873e-9
63,MC40,143.3e-3,3,-40,,,1.502e-9
63,MC150,143.3e-3,3,150,,,1.494e-9
64,MC40,143.3e-3,4,-40,,,1.842e-9
64,MC150,143.3e-3,4,150,,,1.937e-9
65,MC40,143.3e-3,5,-40,,,1.599e-9
65,MC150,143.3e-3,5,150,,,1.62e-9
66,MC40,143.3e-3,6,-40,,,1.778e-9
66,MC150,143.3e-3,6,150,,,1.896e-9
67,MC40,143.3e-3,7,-40,,,2.025e-9
67,MC150,143.3e-3,7,150,,,2.1e-9
68,MC40,143.3e-3,8,-40,,,1.879e-9
68,MC150,143.3e-3,8,150,,,1.972e-9
69,MC40,143.3e-3,9,-40,,,1.613e-9
69,MC150,143.3e-3,9,150,,,1.651e-9
70,MC40,143.3e-3,10,-40,,,1.699e-9
70,MC150,143.3e-3,10,150,,,1.72e-9
71,MC40,143.3e-3,11,-40,,,1.46e-9
71,MC150,143.3e-3,11,150,,,1.544e-9
72,MC40,143.3e-3,12,-40,,,1.713e-9
72,MC150,143.3e-3,12,150,,,1.833e-9
73,MC40,143.3e-3,13,-40,,,1.979e-9
73,MC150,143.3e-3,13,150,,,1.99e-9
74,MC40,143.3e-3,14,-40,,,1.797e-9
74,MC150,143.3e-3,14,150,,,1.897e-9
75,MC40,143.3e-3,15,-40,,,1.566e-9
75,MC150,143.3e-3,15,150,,,1.572e-9
76,MC40,143.3e-3,16,-40,,,1.949e-9
76,MC150,143.3e-3,16,150,,,2e-9
77,MC40,143.3e-3,17,-40,,,1.661e-9
77,MC150,143.3e-3,17,150,,,1.715e-9
78,MC40,143.3e-3,18,-40,,,1.585e-9
78,MC150,143.3e-3,18,150,,,1.724e-9
79,MC40,143.3e-3,19,-40,,,1.782e-9
79,MC150,143.3e-3,19,150,,,1.847e-9
80,MC40,143.3e-3,20,-40,,,1.574e-9
80,MC150,143.3e-3,20,150,,,1.646e-9
81,MC40,143.3e-3,21,-40,,,1.836e-9
81,MC150,143.3e-3,21,150,,,1.917e-9
82,MC40,143.3e-3,22,-40,,,1.355e-9
82,MC150,143.3e-3,22,150,,,1.399e-9
83,MC40,143.3e-3,23,-40,,,1.723e-9
83,MC150,143.3e-3,23,150,,,1.797e-9
84,MC40,143.3e-3,24,-40,,,1.617e-9
84,MC150,143.3e-3,24,150,,,1.544e-9
85,MC40,143.3e-3,25,-40,,,1.858e-9
85,MC150,143.3e-3,25,150,,,1.939e-9
86,MC40,143.3e-3,26,-40,,,1.533e-9
86,MC150,143.3e-3,26,150,,,1.593e-9
87,MC40,143.3e-3,27,-40,,,1.721e-9
87,MC150,143.3e-3,27,150,,,1.8e-9
88,MC40,143.3e-3,28,-40,,,1.992e-9
88,MC150,143.3e-3,28,150,,,2.047e-9
89,MC40,143.3e-3,29,-40,,,1.668e-9
89,MC150,143.3e-3,29,150,,,1.722e-9
90,MC40,143.3e-3,30,-40,,,1.619e-9
90,MC150,143.3e-3,30,150,,,1.75e-9
91,MC40,143.3e-3,31,-40,,,1.801e-9
91,MC150,143.3e-3,31,150,,,1.866e-9
92,MC40,143.3e-3,32,-40,,,1.567e-9
92,MC150,143.3e-3,32,150,,,1.642e-9
93,MC40,143.3e-3,33,-40,,,1.752e-9
93,MC150,143.3e-3,33,150,,,1.745e-9
94,MC40,143.3e-3,34,-40,,,1.938e-9
94,MC150,143.3e-3,34,150,,,1.979e-9
95,MC40,143.3e-3,35,-40,,,1.698e-9
95,MC150,143.3e-3,35,150,,,1.813e-9
96,MC40,143.3e-3,36,-40,,,1.412e-9
96,MC150,143.3e-3,36,150,,,1.39e-9
97,MC40,143.3e-3,37,-40,,,1.729e-9
97,MC150,143.3e-3,37,150,,,1.85e-9
98,MC40,143.3e-3,38,-40,,,1.622e-9
98,MC150,143.3e-3,38,150,,,1.7e-9
99,MC40,143.3e-3,39,-40,,,1.888e-9
99,MC150,143.3e-3,39,150,,,1.972e-9
100,MC40,143.3e-3,40,-40,,,1.502e-9
100,MC150,143.3e-3,40,150,,,1.53e-9
101,MC40,143.3e-3,41,-40,,,1.786e-9
101,MC150,143.3e-3,41,150,,,1.838e-9
102,MC40,143.3e-3,42,-40,,,1.657e-9
102,MC150,143.3e-3,42,150,,,1.743e-9
103,MC40,143.3e-3,43,-40,,,1.961e-9
103,MC150,143.3e-3,43,150,,,2.041e-9
104,MC40,143.3e-3,44,-40,,,1.598e-9
104,MC150,143.3e-3,44,150,,,1.688e-9
105,MC40,143.3e-3,45,-40,,,1.788e-9
105,MC150,143.3e-3,45,150,,,1.809e-9
106,MC40,143.3e-3,46,-40,,,1.998e-9
106,MC150,143.3e-3,46,150,,,2.047e-9
107,MC40,143.3e-3,47,-40,,,1.744e-9
107,MC150,143.3e-3,47,150,,,1.862e-9
108,MC40,143.3e-3,48,-40,,,1.773e-9
108,MC150,143.3e-3,48,150,,,1.801e-9
109,MC40,143.3e-3,49,-40,,,1.572e-9
109,MC150,143.3e-3,49,150,,,1.663e-9
110,MC40,143.3e-3,50,-40,,,1.67e-9
110,MC150,143.3e-3,50,150,,,1.743e-9
111,MC40,143.3e-3,51,-40,,,1.831e-9
111,MC150,143.3e-3,51,150,,,1.894e-9
112,MC40,143.3e-3,52,-40,,,1.732e-9
112,MC150,143.3e-3,52,150,,,1.779e-9
113,MC40,143.3e-3,53,-40,,,2.225e-9
113,MC150,143.3e-3,53,150,,,2.246e-9
114,MC40,143.3e-3,54,-40,,,1.781e-9
114,MC150,143.3e-3,54,150,,,1.866e-9
115,MC40,143.3e-3,55,-40,,,1.645e-9
115,MC150,143.3e-3,55,150,,,1.719e-9
116,MC40,143.3e-3,56,-40,,,1.752e-9
116,MC150,143.3e-3,56,150,,,1.791e-9
117,MC40,143.3e-3,57,-40,,,1.499e-9
117,MC150,143.3e-3,57,150,,,1.606e-9
118,MC40,143.3e-3,58,-40,,,1.814e-9
118,MC150,143.3e-3,58,150,,,1.885e-9
119,MC40,143.3e-3,59,-40,,,1.657e-9
119,MC150,143.3e-3,59,150,,,1.731e-9
120,MC40,143.3e-3,60,-40,,,1.792e-9
120,MC150,143.3e-3,60,150,,,1.799e-9
121,MC40,186.7e-3,1,-40,,,2.798e-9
121,MC150,186.7e-3,1,150,,,2.844e-9
122,MC40,186.7e-3,2,-40,,,2.671e-9
122,MC150,186.7e-3,2,150,,,2.783e-9
123,MC40,186.7e-3,3,-40,,,2.408e-9
123,MC150,186.7e-3,3,150,,,2.447e-9
124,MC40,186.7e-3,4,-40,,,2.734e-9
124,MC150,186.7e-3,4,150,,,2.842e-9
125,MC40,186.7e-3,5,-40,,,2.499e-9
125,MC150,186.7e-3,5,150,,,2.553e-9
126,MC40,186.7e-3,6,-40,,,2.666e-9
126,MC150,186.7e-3,6,150,,,2.797e-9
127,MC40,186.7e-3,7,-40,,,2.918e-9
127,MC150,186.7e-3,7,150,,,3.004e-9
128,MC40,186.7e-3,8,-40,,,2.77e-9
128,MC150,186.7e-3,8,150,,,2.876e-9
129,MC40,186.7e-3,9,-40,,,2.512e-9
129,MC150,186.7e-3,9,150,,,2.581e-9
130,MC40,186.7e-3,10,-40,,,2.6e-9
130,MC150,186.7e-3,10,150,,,2.649e-9
131,MC40,186.7e-3,11,-40,,,2.358e-9
131,MC150,186.7e-3,11,150,,,2.47e-9
132,MC40,186.7e-3,12,-40,,,2.604e-9
132,MC150,186.7e-3,12,150,,,2.739e-9
133,MC40,186.7e-3,13,-40,,,2.868e-9
133,MC150,186.7e-3,13,150,,,2.894e-9
134,MC40,186.7e-3,14,-40,,,2.69e-9
134,MC150,186.7e-3,14,150,,,2.804e-9
135,MC40,186.7e-3,15,-40,,,2.467e-9
135,MC150,186.7e-3,15,150,,,2.512e-9
136,MC40,186.7e-3,16,-40,,,2.839e-9
136,MC150,186.7e-3,16,150,,,2.903e-9
137,MC40,186.7e-3,17,-40,,,2.56e-9
137,MC150,186.7e-3,17,150,,,2.64e-9
138,MC40,186.7e-3,18,-40,,,2.476e-9
138,MC150,186.7e-3,18,150,,,2.632e-9
139,MC40,186.7e-3,19,-40,,,2.676e-9
139,MC150,186.7e-3,19,150,,,2.759e-9
140,MC40,186.7e-3,20,-40,,,2.478e-9
140,MC150,186.7e-3,20,150,,,2.578e-9
141,MC40,186.7e-3,21,-40,,,2.729e-9
141,MC150,186.7e-3,21,150,,,2.825e-9
142,MC40,186.7e-3,22,-40,,,2.252e-9
142,MC150,186.7e-3,22,150,,,2.331e-9
143,MC40,186.7e-3,23,-40,,,2.619e-9
143,MC150,186.7e-3,23,150,,,2.712e-9
144,MC40,186.7e-3,24,-40,,,2.523e-9
144,MC150,186.7e-3,24,150,,,2.502e-9
145,MC40,186.7e-3,25,-40,,,2.751e-9
145,MC150,186.7e-3,25,150,,,2.847e-9
146,MC40,186.7e-3,26,-40,,,2.427e-9
146,MC150,186.7e-3,26,150,,,2.513e-9
147,MC40,186.7e-3,27,-40,,,2.619e-9
147,MC150,186.7e-3,27,150,,,2.718e-9
148,MC40,186.7e-3,28,-40,,,2.882e-9
148,MC150,186.7e-3,28,150,,,2.95e-9
149,MC40,186.7e-3,29,-40,,,2.568e-9
149,MC150,186.7e-3,29,150,,,2.648e-9
150,MC40,186.7e-3,30,-40,,,2.51e-9
150,MC150,186.7e-3,30,150,,,2.659e-9
151,MC40,186.7e-3,31,-40,,,2.695e-9
151,MC150,186.7e-3,31,150,,,2.779e-9
152,MC40,186.7e-3,32,-40,,,2.463e-9
152,MC150,186.7e-3,32,150,,,2.564e-9
153,MC40,186.7e-3,33,-40,,,2.649e-9
153,MC150,186.7e-3,33,150,,,2.67e-9
154,MC40,186.7e-3,34,-40,,,2.83e-9
154,MC150,186.7e-3,34,150,,,2.885e-9
155,MC40,186.7e-3,35,-40,,,2.59e-9
155,MC150,186.7e-3,35,150,,,2.722e-9
156,MC40,186.7e-3,36,-40,,,2.319e-9
156,MC150,186.7e-3,36,150,,,2.35e-9
157,MC40,186.7e-3,37,-40,,,2.623e-9
157,MC150,186.7e-3,37,150,,,2.759e-9
158,MC40,186.7e-3,38,-40,,,2.519e-9
158,MC150,186.7e-3,38,150,,,2.62e-9
159,MC40,186.7e-3,39,-40,,,2.777e-9
159,MC150,186.7e-3,39,150,,,2.874e-9
160,MC40,186.7e-3,40,-40,,,2.405e-9
160,MC150,186.7e-3,40,150,,,2.47e-9
161,MC40,186.7e-3,41,-40,,,2.677e-9
161,MC150,186.7e-3,41,150,,,2.748e-9
162,MC40,186.7e-3,42,-40,,,2.552e-9
162,MC150,186.7e-3,42,150,,,2.66e-9
163,MC40,186.7e-3,43,-40,,,2.848e-9
163,MC150,186.7e-3,43,150,,,2.94e-9
164,MC40,186.7e-3,44,-40,,,2.494e-9
164,MC150,186.7e-3,44,150,,,2.607e-9
165,MC40,186.7e-3,45,-40,,,2.684e-9
165,MC150,186.7e-3,45,150,,,2.727e-9
166,MC40,186.7e-3,46,-40,,,2.89e-9
166,MC150,186.7e-3,46,150,,,2.951e-9
167,MC40,186.7e-3,47,-40,,,2.635e-9
167,MC150,186.7e-3,47,150,,,2.768e-9
168,MC40,186.7e-3,48,-40,,,2.667e-9
168,MC150,186.7e-3,48,150,,,2.717e-9
169,MC40,186.7e-3,49,-40,,,2.464e-9
169,MC150,186.7e-3,49,150,,,2.577e-9
170,MC40,186.7e-3,50,-40,,,2.564e-9
170,MC150,186.7e-3,50,150,,,2.66e-9
171,MC40,186.7e-3,51,-40,,,2.729e-9
171,MC150,186.7e-3,51,150,,,2.807e-9
172,MC40,186.7e-3,52,-40,,,2.625e-9
172,MC150,186.7e-3,52,150,,,2.695e-9
173,MC40,186.7e-3,53,-40,,,3.113e-9
173,MC150,186.7e-3,53,150,,,3.143e-9
174,MC40,186.7e-3,54,-40,,,2.679e-9
174,MC150,186.7e-3,54,150,,,2.781e-9
175,MC40,186.7e-3,55,-40,,,2.538e-9
175,MC150,186.7e-3,55,150,,,2.634e-9
176,MC40,186.7e-3,56,-40,,,2.646e-9
176,MC150,186.7e-3,56,150,,,2.707e-9
177,MC40,186.7e-3,57,-40,,,2.392e-9
177,MC150,186.7e-3,57,150,,,2.522e-9
178,MC40,186.7e-3,58,-40,,,2.712e-9
178,MC150,186.7e-3,58,150,,,2.799e-9
179,MC40,186.7e-3,59,-40,,,2.55e-9
179,MC150,186.7e-3,59,150,,,2.647e-9
180,MC40,186.7e-3,60,-40,,,2.685e-9
180,MC150,186.7e-3,60,150,,,2.715e-9
181,MC40,230e-3,1,-40,,,3.689e-9
181,MC150,230e-3,1,150,,,3.749e-9
182,MC40,230e-3,2,-40,,,3.561e-9
182,MC150,230e-3,2,150,,,3.686e-9
183,MC40,230e-3,3,-40,,,3.308e-9
183,MC150,230e-3,3,150,,,3.375e-9
184,MC40,230e-3,4,-40,,,3.623e-9
184,MC150,230e-3,4,150,,,3.743e-9
185,MC40,230e-3,5,-40,,,3.394e-9
185,MC150,230e-3,5,150,,,3.471e-9
186,MC40,230e-3,6,-40,,,3.551e-9
186,MC150,230e-3,6,150,,,3.692e-9
187,MC40,230e-3,7,-40,,,3.812e-9
187,MC150,230e-3,7,150,,,3.909e-9
188,MC40,230e-3,8,-40,,,3.659e-9
188,MC150,230e-3,8,150,,,3.777e-9
189,MC40,230e-3,9,-40,,,3.407e-9
189,MC150,230e-3,9,150,,,3.497e-9
190,MC40,230e-3,10,-40,,,3.497e-9
190,MC150,230e-3,10,150,,,3.567e-9
191,MC40,230e-3,11,-40,,,3.253e-9
191,MC150,230e-3,11,150,,,3.383e-9
192,MC40,230e-3,12,-40,,,3.492e-9
192,MC150,230e-3,12,150,,,3.638e-9
193,MC40,230e-3,13,-40,,,3.758e-9
193,MC150,230e-3,13,150,,,3.796e-9
194,MC40,230e-3,14,-40,,,3.58e-9
194,MC150,230e-3,14,150,,,3.708e-9
195,MC40,230e-3,15,-40,,,3.364e-9
195,MC150,230e-3,15,150,,,3.434e-9
196,MC40,230e-3,16,-40,,,3.728e-9
196,MC150,230e-3,16,150,,,3.804e-9
197,MC40,230e-3,17,-40,,,3.455e-9
197,MC150,230e-3,17,150,,,3.553e-9
198,MC40,230e-3,18,-40,,,3.364e-9
198,MC150,230e-3,18,150,,,3.531e-9
199,MC40,230e-3,19,-40,,,3.567e-9
199,MC150,230e-3,19,150,,,3.665e-9
200,MC40,230e-3,20,-40,,,3.376e-9
200,MC150,230e-3,20,150,,,3.496e-9
201,MC40,230e-3,21,-40,,,3.619e-9
201,MC150,230e-3,21,150,,,3.729e-9
202,MC40,230e-3,22,-40,,,3.145e-9
202,MC150,230e-3,22,150,,,3.243e-9
203,MC40,230e-3,23,-40,,,3.512e-9
203,MC150,230e-3,23,150,,,3.622e-9
204,MC40,230e-3,24,-40,,,3.423e-9
204,MC150,230e-3,24,150,,,3.438e-9
205,MC40,230e-3,25,-40,,,3.642e-9
205,MC150,230e-3,25,150,,,3.752e-9
206,MC40,230e-3,26,-40,,,3.317e-9
206,MC150,230e-3,26,150,,,3.42e-9
207,MC40,230e-3,27,-40,,,3.513e-9
207,MC150,230e-3,27,150,,,3.628e-9
208,MC40,230e-3,28,-40,,,3.771e-9
208,MC150,230e-3,28,150,,,3.853e-9
209,MC40,230e-3,29,-40,,,3.464e-9
209,MC150,230e-3,29,150,,,3.563e-9
210,MC40,230e-3,30,-40,,,3.399e-9
210,MC150,230e-3,30,150,,,3.559e-9
211,MC40,230e-3,31,-40,,,3.587e-9
211,MC150,230e-3,31,150,,,3.685e-9
212,MC40,230e-3,32,-40,,,3.357e-9
212,MC150,230e-3,32,150,,,3.475e-9
213,MC40,230e-3,33,-40,,,3.545e-9
213,MC150,230e-3,33,150,,,3.588e-9
214,MC40,230e-3,34,-40,,,3.722e-9
214,MC150,230e-3,34,150,,,3.79e-9
215,MC40,230e-3,35,-40,,,3.481e-9
215,MC150,230e-3,35,150,,,3.624e-9
216,MC40,230e-3,36,-40,,,3.219e-9
216,MC150,230e-3,36,150,,,3.281e-9
217,MC40,230e-3,37,-40,,,3.514e-9
217,MC150,230e-3,37,150,,,3.664e-9
218,MC40,230e-3,38,-40,,,3.412e-9
218,MC150,230e-3,38,150,,,3.531e-9
219,MC40,230e-3,39,-40,,,3.664e-9
219,MC150,230e-3,39,150,,,3.773e-9
220,MC40,230e-3,40,-40,,,3.302e-9
220,MC150,230e-3,40,150,,,3.391e-9
221,MC40,230e-3,41,-40,,,3.566e-9
221,MC150,230e-3,41,150,,,3.651e-9
222,MC40,230e-3,42,-40,,,3.445e-9
222,MC150,230e-3,42,150,,,3.568e-9
223,MC40,230e-3,43,-40,,,3.734e-9
223,MC150,230e-3,43,150,,,3.836e-9
224,MC40,230e-3,44,-40,,,3.386e-9
224,MC150,230e-3,44,150,,,3.515e-9
225,MC40,230e-3,45,-40,,,3.578e-9
225,MC150,230e-3,45,150,,,3.64e-9
226,MC40,230e-3,46,-40,,,3.783e-9
226,MC150,230e-3,46,150,,,3.856e-9
227,MC40,230e-3,47,-40,,,3.523e-9
227,MC150,230e-3,47,150,,,3.667e-9
228,MC40,230e-3,48,-40,,,3.559e-9
228,MC150,230e-3,48,150,,,3.627e-9
229,MC40,230e-3,49,-40,,,3.354e-9
229,MC150,230e-3,49,150,,,3.482e-9
230,MC40,230e-3,50,-40,,,3.456e-9
230,MC150,230e-3,50,150,,,3.568e-9
231,MC40,230e-3,51,-40,,,3.626e-9
231,MC150,230e-3,51,150,,,3.719e-9
232,MC40,230e-3,52,-40,,,3.517e-9
232,MC150,230e-3,52,150,,,3.604e-9
233,MC40,230e-3,53,-40,,,4.002e-9
233,MC150,230e-3,53,150,,,4.041e-9
234,MC40,230e-3,54,-40,,,3.574e-9
234,MC150,230e-3,54,150,,,3.691e-9
235,MC40,230e-3,55,-40,,,3.428e-9
235,MC150,230e-3,55,150,,,3.54e-9
236,MC40,230e-3,56,-40,,,3.538e-9
236,MC150,230e-3,56,150,,,3.617e-9
237,MC40,230e-3,57,-40,,,3.282e-9
237,MC150,230e-3,57,150,,,3.427e-9
238,MC40,230e-3,58,-40,,,3.607e-9
238,MC150,230e-3,58,150,,,3.709e-9
239,MC40,230e-3,59,-40,,,3.442e-9
239,MC150,230e-3,59,150,,,3.555e-9
240,MC40,230e-3,60,-40,,,3.577e-9
240,MC150,230e-3,60,150,,,3.626e-9
241,MC40,273.3e-3,1,-40,,,4.577e-9
241,MC150,273.3e-3,1,150,,,4.651e-9
242,MC40,273.3e-3,2,-40,,,4.45e-9
242,MC150,273.3e-3,2,150,,,4.586e-9
243,MC40,273.3e-3,3,-40,,,4.2e-9
243,MC150,273.3e-3,3,150,,,4.291e-9
244,MC40,273.3e-3,4,-40,,,4.511e-9
244,MC150,273.3e-3,4,150,,,4.642e-9
245,MC40,273.3e-3,5,-40,,,4.284e-9
245,MC150,273.3e-3,5,150,,,4.38e-9
246,MC40,273.3e-3,6,-40,,,4.435e-9
246,MC150,273.3e-3,6,150,,,4.584e-9
247,MC40,273.3e-3,7,-40,,,4.703e-9
247,MC150,273.3e-3,7,150,,,4.808e-9
248,MC40,273.3e-3,8,-40,,,4.545e-9
248,MC150,273.3e-3,8,150,,,4.674e-9
249,MC40,273.3e-3,9,-40,,,4.297e-9
249,MC150,273.3e-3,9,150,,,4.406e-9
250,MC40,273.3e-3,10,-40,,,4.39e-9
250,MC150,273.3e-3,10,150,,,4.48e-9
251,MC40,273.3e-3,11,-40,,,4.142e-9
251,MC150,273.3e-3,11,150,,,4.286e-9
252,MC40,273.3e-3,12,-40,,,4.377e-9
252,MC150,273.3e-3,12,150,,,4.534e-9
253,MC40,273.3e-3,13,-40,,,4.645e-9
253,MC150,273.3e-3,13,150,,,4.696e-9
254,MC40,273.3e-3,14,-40,,,4.469e-9
254,MC150,273.3e-3,14,150,,,4.607e-9
255,MC40,273.3e-3,15,-40,,,4.255e-9
255,MC150,273.3e-3,15,150,,,4.345e-9
256,MC40,273.3e-3,16,-40,,,4.615e-9
256,MC150,273.3e-3,16,150,,,4.702e-9
257,MC40,273.3e-3,17,-40,,,4.346e-9
257,MC150,273.3e-3,17,150,,,4.461e-9
258,MC40,273.3e-3,18,-40,,,4.25e-9
258,MC150,273.3e-3,18,150,,,4.428e-9
259,MC40,273.3e-3,19,-40,,,4.456e-9
259,MC150,273.3e-3,19,150,,,4.567e-9
260,MC40,273.3e-3,20,-40,,,4.27e-9
260,MC150,273.3e-3,20,150,,,4.409e-9
261,MC40,273.3e-3,21,-40,,,4.508e-9
261,MC150,273.3e-3,21,150,,,4.629e-9
262,MC40,273.3e-3,22,-40,,,4.032e-9
262,MC150,273.3e-3,22,150,,,4.146e-9
263,MC40,273.3e-3,23,-40,,,4.402e-9
263,MC150,273.3e-3,23,150,,,4.525e-9
264,MC40,273.3e-3,24,-40,,,4.318e-9
264,MC150,273.3e-3,24,150,,,4.361e-9
265,MC40,273.3e-3,25,-40,,,4.532e-9
265,MC150,273.3e-3,25,150,,,4.652e-9
266,MC40,273.3e-3,26,-40,,,4.203e-9
266,MC150,273.3e-3,26,150,,,4.32e-9
267,MC40,273.3e-3,27,-40,,,4.404e-9
267,MC150,273.3e-3,27,150,,,4.535e-9
268,MC40,273.3e-3,28,-40,,,4.659e-9
268,MC150,273.3e-3,28,150,,,4.75e-9
269,MC40,273.3e-3,29,-40,,,4.356e-9
269,MC150,273.3e-3,29,150,,,4.473e-9
270,MC40,273.3e-3,30,-40,,,4.286e-9
270,MC150,273.3e-3,30,150,,,4.459e-9
271,MC40,273.3e-3,31,-40,,,4.476e-9
271,MC150,273.3e-3,31,150,,,4.588e-9
272,MC40,273.3e-3,32,-40,,,4.245e-9
272,MC150,273.3e-3,32,150,,,4.378e-9
273,MC40,273.3e-3,33,-40,,,4.437e-9
273,MC150,273.3e-3,33,150,,,4.5e-9
274,MC40,273.3e-3,34,-40,,,4.612e-9
274,MC150,273.3e-3,34,150,,,4.692e-9
275,MC40,273.3e-3,35,-40,,,4.368e-9
275,MC150,273.3e-3,35,150,,,4.523e-9
276,MC40,273.3e-3,36,-40,,,4.112e-9
276,MC150,273.3e-3,36,150,,,4.196e-9
277,MC40,273.3e-3,37,-40,,,4.403e-9
277,MC150,273.3e-3,37,150,,,4.564e-9
278,MC40,273.3e-3,38,-40,,,4.302e-9
278,MC150,273.3e-3,38,150,,,4.438e-9
279,MC40,273.3e-3,39,-40,,,4.55e-9
279,MC150,273.3e-3,39,150,,,4.668e-9
280,MC40,273.3e-3,40,-40,,,4.194e-9
280,MC150,273.3e-3,40,150,,,4.302e-9
281,MC40,273.3e-3,41,-40,,,4.451e-9
281,MC150,273.3e-3,41,150,,,4.551e-9
282,MC40,273.3e-3,42,-40,,,4.334e-9
282,MC150,273.3e-3,42,150,,,4.473e-9
283,MC40,273.3e-3,43,-40,,,4.619e-9
283,MC150,273.3e-3,43,150,,,4.729e-9
284,MC40,273.3e-3,44,-40,,,4.275e-9
284,MC150,273.3e-3,44,150,,,4.419e-9
285,MC40,273.3e-3,45,-40,,,4.468e-9
285,MC150,273.3e-3,45,150,,,4.548e-9
286,MC40,273.3e-3,46,-40,,,4.671e-9
286,MC150,273.3e-3,46,150,,,4.755e-9
287,MC40,273.3e-3,47,-40,,,4.411e-9
287,MC150,273.3e-3,47,150,,,4.565e-9
288,MC40,273.3e-3,48,-40,,,4.447e-9
288,MC150,273.3e-3,48,150,,,4.532e-9
289,MC40,273.3e-3,49,-40,,,4.24e-9
289,MC150,273.3e-3,49,150,,,4.38e-9
290,MC40,273.3e-3,50,-40,,,4.344e-9
290,MC150,273.3e-3,50,150,,,4.472e-9
291,MC40,273.3e-3,51,-40,,,4.518e-9
291,MC150,273.3e-3,51,150,,,4.626e-9
292,MC40,273.3e-3,52,-40,,,4.405e-9
292,MC150,273.3e-3,52,150,,,4.507e-9
293,MC40,273.3e-3,53,-40,,,4.89e-9
293,MC150,273.3e-3,53,150,,,4.933e-9
294,MC40,273.3e-3,54,-40,,,4.467e-9
294,MC150,273.3e-3,54,150,,,4.597e-9
295,MC40,273.3e-3,55,-40,,,4.315e-9
295,MC150,273.3e-3,55,150,,,4.44e-9
296,MC40,273.3e-3,56,-40,,,4.426e-9
296,MC150,273.3e-3,56,150,,,4.521e-9
297,MC40,273.3e-3,57,-40,,,4.169e-9
297,MC150,273.3e-3,57,150,,,4.325e-9
298,MC40,273.3e-3,58,-40,,,4.5e-9
298,MC150,273.3e-3,58,150,,,4.616e-9
299,MC40,273.3e-3,59,-40,,,4.329e-9
299,MC150,273.3e-3,59,150,,,4.456e-9
300,MC40,273.3e-3,60,-40,,,4.463e-9
300,MC150,273.3e-3,60,150,,,4.533e-9
301,MC40,316.7e-3,1,-40,,,5.464e-9
301,MC150,316.7e-3,1,150,,,5.547e-9
302,MC40,316.7e-3,2,-40,,,5.338e-9
302,MC150,316.7e-3,2,150,,,5.481e-9
303,MC40,316.7e-3,3,-40,,,5.092e-9
303,MC150,316.7e-3,3,150,,,5.198e-9
304,MC40,316.7e-3,4,-40,,,5.398e-9
304,MC150,316.7e-3,4,150,,,5.536e-9
305,MC40,316.7e-3,5,-40,,,5.174e-9
305,MC150,316.7e-3,5,150,,,5.283e-9
306,MC40,316.7e-3,6,-40,,,5.319e-9
306,MC150,316.7e-3,6,150,,,5.471e-9
307,MC40,316.7e-3,7,-40,,,5.594e-9
307,MC150,316.7e-3,7,150,,,5.708e-9
308,MC40,316.7e-3,8,-40,,,5.434e-9
308,MC150,316.7e-3,8,150,,,5.57e-9
309,MC40,316.7e-3,9,-40,,,5.186e-9
309,MC150,316.7e-3,9,150,,,5.308e-9
310,MC40,316.7e-3,10,-40,,,5.281e-9
310,MC150,316.7e-3,10,150,,,5.384e-9
311,MC40,316.7e-3,11,-40,,,5.031e-9
311,MC150,316.7e-3,11,150,,,5.186e-9
312,MC40,316.7e-3,12,-40,,,5.262e-9
312,MC150,316.7e-3,12,150,,,5.425e-9
313,MC40,316.7e-3,13,-40,,,5.531e-9
313,MC150,316.7e-3,13,150,,,5.592e-9
314,MC40,316.7e-3,14,-40,,,5.357e-9
314,MC150,316.7e-3,14,150,,,5.502e-9
315,MC40,316.7e-3,15,-40,,,5.145e-9
315,MC150,316.7e-3,15,150,,,5.248e-9
316,MC40,316.7e-3,16,-40,,,5.501e-9
316,MC150,316.7e-3,16,150,,,5.596e-9
317,MC40,316.7e-3,17,-40,,,5.236e-9
317,MC150,316.7e-3,17,150,,,5.361e-9
318,MC40,316.7e-3,18,-40,,,5.135e-9
318,MC150,316.7e-3,18,150,,,5.317e-9
319,MC40,316.7e-3,19,-40,,,5.344e-9
319,MC150,316.7e-3,19,150,,,5.463e-9
320,MC40,316.7e-3,20,-40,,,5.164e-9
320,MC150,316.7e-3,20,150,,,5.313e-9
321,MC40,316.7e-3,21,-40,,,5.395e-9
321,MC150,316.7e-3,21,150,,,5.525e-9
322,MC40,316.7e-3,22,-40,,,4.918e-9
322,MC150,316.7e-3,22,150,,,5.043e-9
323,MC40,316.7e-3,23,-40,,,5.291e-9
323,MC150,316.7e-3,23,150,,,5.423e-9
324,MC40,316.7e-3,24,-40,,,5.211e-9
324,MC150,316.7e-3,24,150,,,5.272e-9
325,MC40,316.7e-3,25,-40,,,5.419e-9
325,MC150,316.7e-3,25,150,,,5.552e-9
326,MC40,316.7e-3,26,-40,,,5.089e-9
326,MC150,316.7e-3,26,150,,,5.214e-9
327,MC40,316.7e-3,27,-40,,,5.294e-9
327,MC150,316.7e-3,27,150,,,5.434e-9
328,MC40,316.7e-3,28,-40,,,5.546e-9
328,MC150,316.7e-3,28,150,,,5.648e-9
329,MC40,316.7e-3,29,-40,,,5.247e-9
329,MC150,316.7e-3,29,150,,,5.374e-9
330,MC40,316.7e-3,30,-40,,,5.173e-9
330,MC150,316.7e-3,30,150,,,5.348e-9
331,MC40,316.7e-3,31,-40,,,5.364e-9
331,MC150,316.7e-3,31,150,,,5.485e-9
332,MC40,316.7e-3,32,-40,,,5.133e-9
332,MC150,316.7e-3,32,150,,,5.277e-9
333,MC40,316.7e-3,33,-40,,,5.328e-9
333,MC150,316.7e-3,33,150,,,5.406e-9
334,MC40,316.7e-3,34,-40,,,5.5e-9
334,MC150,316.7e-3,34,150,,,5.593e-9
335,MC40,316.7e-3,35,-40,,,5.255e-9
335,MC150,316.7e-3,35,150,,,5.416e-9
336,MC40,316.7e-3,36,-40,,,5.003e-9
336,MC150,316.7e-3,36,150,,,5.103e-9
337,MC40,316.7e-3,37,-40,,,5.292e-9
337,MC150,316.7e-3,37,150,,,5.459e-9
338,MC40,316.7e-3,38,-40,,,5.191e-9
338,MC150,316.7e-3,38,150,,,5.335e-9
339,MC40,316.7e-3,39,-40,,,5.435e-9
339,MC150,316.7e-3,39,150,,,5.559e-9
340,MC40,316.7e-3,40,-40,,,5.084e-9
340,MC150,316.7e-3,40,150,,,5.206e-9
341,MC40,316.7e-3,41,-40,,,5.336e-9
341,MC150,316.7e-3,41,150,,,5.444e-9
342,MC40,316.7e-3,42,-40,,,5.223e-9
342,MC150,316.7e-3,42,150,,,5.369e-9
343,MC40,316.7e-3,43,-40,,,5.504e-9
343,MC150,316.7e-3,43,150,,,5.62e-9
344,MC40,316.7e-3,44,-40,,,5.163e-9
344,MC150,316.7e-3,44,150,,,5.315e-9
345,MC40,316.7e-3,45,-40,,,5.358e-9
345,MC150,316.7e-3,45,150,,,5.451e-9
346,MC40,316.7e-3,46,-40,,,5.56e-9
346,MC150,316.7e-3,46,150,,,5.656e-9
347,MC40,316.7e-3,47,-40,,,5.297e-9
347,MC150,316.7e-3,47,150,,,5.456e-9
348,MC40,316.7e-3,48,-40,,,5.335e-9
348,MC150,316.7e-3,48,150,,,5.431e-9
349,MC40,316.7e-3,49,-40,,,5.126e-9
349,MC150,316.7e-3,49,150,,,5.274e-9
350,MC40,316.7e-3,50,-40,,,5.231e-9
350,MC150,316.7e-3,50,150,,,5.368e-9
351,MC40,316.7e-3,51,-40,,,5.411e-9
351,MC150,316.7e-3,51,150,,,5.533e-9
352,MC40,316.7e-3,52,-40,,,5.292e-9
352,MC150,316.7e-3,52,150,,,5.404e-9
353,MC40,316.7e-3,53,-40,,,5.779e-9
353,MC150,316.7e-3,53,150,,,5.828e-9
354,MC40,316.7e-3,54,-40,,,5.358e-9
354,MC150,316.7e-3,54,150,,,5.497e-9
355,MC40,316.7e-3,55,-40,,,5.201e-9
355,MC150,316.7e-3,55,150,,,5.334e-9
356,MC40,316.7e-3,56,-40,,,5.314e-9
356,MC150,316.7e-3,56,150,,,5.418e-9
357,MC40,316.7e-3,57,-40,,,5.055e-9
357,MC150,316.7e-3,57,150,,,5.219e-9
358,MC40,316.7e-3,58,-40,,,5.391e-9
358,MC150,316.7e-3,58,150,,,5.52e-9
359,MC40,316.7e-3,59,-40,,,5.216e-9
359,MC150,316.7e-3,59,150,,,5.351e-9
360,MC40,316.7e-3,60,-40,,,5.351e-9
360,MC150,316.7e-3,60,150,,,5.432e-9
361,MC40,360e-3,1,-40,,,6.349e-9
361,MC150,360e-3,1,150,,,6.443e-9
362,MC40,360e-3,2,-40,,,6.222e-9
362,MC150,360e-3,2,150,,,6.374e-9
363,MC40,360e-3,3,-40,,,5.98e-9
363,MC150,360e-3,3,150,,,6.097e-9
364,MC40,360e-3,4,-40,,,6.283e-9
364,MC150,360e-3,4,150,,,6.427e-9
365,MC40,360e-3,5,-40,,,6.059e-9
365,MC150,360e-3,5,150,,,6.179e-9
366,MC40,360e-3,6,-40,,,6.199e-9
366,MC150,360e-3,6,150,,,6.358e-9
367,MC40,360e-3,7,-40,,,6.486e-9
367,MC150,360e-3,7,150,,,6.602e-9
368,MC40,360e-3,8,-40,,,6.318e-9
368,MC150,360e-3,8,150,,,6.459e-9
369,MC40,360e-3,9,-40,,,6.071e-9
369,MC150,360e-3,9,150,,,6.205e-9
370,MC40,360e-3,10,-40,,,6.169e-9
370,MC150,360e-3,10,150,,,6.287e-9
371,MC40,360e-3,11,-40,,,5.916e-9
371,MC150,360e-3,11,150,,,6.078e-9
372,MC40,360e-3,12,-40,,,6.144e-9
372,MC150,360e-3,12,150,,,6.315e-9
373,MC40,360e-3,13,-40,,,6.414e-9
373,MC150,360e-3,13,150,,,6.487e-9
374,MC40,360e-3,14,-40,,,6.24e-9
374,MC150,360e-3,14,150,,,6.395e-9
375,MC40,360e-3,15,-40,,,6.031e-9
375,MC150,360e-3,15,150,,,6.145e-9
376,MC40,360e-3,16,-40,,,6.383e-9
376,MC150,360e-3,16,150,,,6.488e-9
377,MC40,360e-3,17,-40,,,6.122e-9
377,MC150,360e-3,17,150,,,6.26e-9
378,MC40,360e-3,18,-40,,,6.017e-9
378,MC150,360e-3,18,150,,,6.207e-9
379,MC40,360e-3,19,-40,,,6.228e-9
379,MC150,360e-3,19,150,,,6.359e-9
380,MC40,360e-3,20,-40,,,6.056e-9
380,MC150,360e-3,20,150,,,6.215e-9
381,MC40,360e-3,21,-40,,,6.279e-9
381,MC150,360e-3,21,150,,,6.418e-9
382,MC40,360e-3,22,-40,,,5.8e-9
382,MC150,360e-3,22,150,,,5.932e-9
383,MC40,360e-3,23,-40,,,6.176e-9
383,MC150,360e-3,23,150,,,6.319e-9
384,MC40,360e-3,24,-40,,,6.099e-9
384,MC150,360e-3,24,150,,,6.177e-9
385,MC40,360e-3,25,-40,,,6.305e-9
385,MC150,360e-3,25,150,,,6.444e-9
386,MC40,360e-3,26,-40,,,5.971e-9
386,MC150,360e-3,26,150,,,6.103e-9
387,MC40,360e-3,27,-40,,,6.181e-9
387,MC150,360e-3,27,150,,,6.332e-9
388,MC40,360e-3,28,-40,,,6.43e-9
388,MC150,360e-3,28,150,,,6.538e-9
389,MC40,360e-3,29,-40,,,6.134e-9
389,MC150,360e-3,29,150,,,6.275e-9
390,MC40,360e-3,30,-40,,,6.055e-9
390,MC150,360e-3,30,150,,,6.241e-9
391,MC40,360e-3,31,-40,,,6.249e-9
391,MC150,360e-3,31,150,,,6.381e-9
392,MC40,360e-3,32,-40,,,6.018e-9
392,MC150,360e-3,32,150,,,6.169e-9
393,MC40,360e-3,33,-40,,,6.215e-9
393,MC150,360e-3,33,150,,,6.309e-9
394,MC40,360e-3,34,-40,,,6.387e-9
394,MC150,360e-3,34,150,,,6.485e-9
395,MC40,360e-3,35,-40,,,6.139e-9
395,MC150,360e-3,35,150,,,6.308e-9
396,MC40,360e-3,36,-40,,,5.89e-9
396,MC150,360e-3,36,150,,,6.001e-9
397,MC40,360e-3,37,-40,,,6.177e-9
397,MC150,360e-3,37,150,,,6.353e-9
398,MC40,360e-3,38,-40,,,6.076e-9
398,MC150,360e-3,38,150,,,6.232e-9
399,MC40,360e-3,39,-40,,,6.317e-9
399,MC150,360e-3,39,150,,,6.449e-9
400,MC40,360e-3,40,-40,,,5.971e-9
400,MC150,360e-3,40,150,,,6.102e-9
401,MC40,360e-3,41,-40,,,6.218e-9
401,MC150,360e-3,41,150,,,6.336e-9
402,MC40,360e-3,42,-40,,,6.108e-9
402,MC150,360e-3,42,150,,,6.265e-9
403,MC40,360e-3,43,-40,,,6.385e-9
403,MC150,360e-3,43,150,,,6.506e-9
404,MC40,360e-3,44,-40,,,6.047e-9
404,MC150,360e-3,44,150,,,6.21e-9
405,MC40,360e-3,45,-40,,,6.245e-9
405,MC150,360e-3,45,150,,,6.35e-9
406,MC40,360e-3,46,-40,,,6.453e-9
406,MC150,360e-3,46,150,,,6.549e-9
407,MC40,360e-3,47,-40,,,6.181e-9
407,MC150,360e-3,47,150,,,6.347e-9
408,MC40,360e-3,48,-40,,,6.219e-9
408,MC150,360e-3,48,150,,,6.326e-9
409,MC40,360e-3,49,-40,,,6.009e-9
409,MC150,360e-3,49,150,,,6.163e-9
410,MC40,360e-3,50,-40,,,6.115e-9
410,MC150,360e-3,50,150,,,6.263e-9
411,MC40,360e-3,51,-40,,,6.301e-9
411,MC150,360e-3,51,150,,,6.431e-9
412,MC40,360e-3,52,-40,,,6.177e-9
412,MC150,360e-3,52,150,,,6.299e-9
413,MC40,360e-3,53,-40,,,6.664e-9
413,MC150,360e-3,53,150,,,6.716e-9
414,MC40,360e-3,54,-40,,,6.246e-9
414,MC150,360e-3,54,150,,,6.396e-9
415,MC40,360e-3,55,-40,,,6.084e-9
415,MC150,360e-3,55,150,,,6.226e-9
416,MC40,360e-3,56,-40,,,6.198e-9
416,MC150,360e-3,56,150,,,6.313e-9
417,MC40,360e-3,57,-40,,,5.937e-9
417,MC150,360e-3,57,150,,,6.107e-9
418,MC40,360e-3,58,-40,,,6.28e-9
418,MC150,360e-3,58,150,,,6.416e-9
419,MC40,360e-3,59,-40,,,6.1e-9
419,MC150,360e-3,59,150,,,6.245e-9
420,MC40,360e-3,60,-40,,,6.235e-9
420,MC150,360e-3,60,150,,,6.329e-9
421,MC40,403.3e-3,1,-40,,,7.235e-9
421,MC150,403.3e-3,1,150,,,7.333e-9
422,MC40,403.3e-3,2,-40,,,7.109e-9
422,MC150,403.3e-3,2,150,,,7.263e-9
423,MC40,403.3e-3,3,-40,,,6.867e-9
423,MC150,403.3e-3,3,150,,,6.994e-9
424,MC40,403.3e-3,4,-40,,,7.168e-9
424,MC150,403.3e-3,4,150,,,7.316e-9
425,MC40,403.3e-3,5,-40,,,6.945e-9
425,MC150,403.3e-3,5,150,,,7.073e-9
426,MC40,403.3e-3,6,-40,,,7.083e-9
426,MC150,403.3e-3,6,150,,,7.241e-9
427,MC40,403.3e-3,7,-40,,,7.373e-9
427,MC150,403.3e-3,7,150,,,7.498e-9
428,MC40,403.3e-3,8,-40,,,7.203e-9
428,MC150,403.3e-3,8,150,,,7.35e-9
429,MC40,403.3e-3,9,-40,,,6.958e-9
429,MC150,403.3e-3,9,150,,,7.098e-9
430,MC40,403.3e-3,10,-40,,,7.058e-9
430,MC150,403.3e-3,10,150,,,7.182e-9
431,MC40,403.3e-3,11,-40,,,6.802e-9
431,MC150,403.3e-3,11,150,,,6.97e-9
432,MC40,403.3e-3,12,-40,,,7.029e-9
432,MC150,403.3e-3,12,150,,,7.2e-9
433,MC40,403.3e-3,13,-40,,,7.3e-9
433,MC150,403.3e-3,13,150,,,7.376e-9
434,MC40,403.3e-3,14,-40,,,7.127e-9
434,MC150,403.3e-3,14,150,,,7.284e-9
435,MC40,403.3e-3,15,-40,,,6.918e-9
435,MC150,403.3e-3,15,150,,,7.04e-9
436,MC40,403.3e-3,16,-40,,,7.269e-9
436,MC150,403.3e-3,16,150,,,7.376e-9
437,MC40,403.3e-3,17,-40,,,7.009e-9
437,MC150,403.3e-3,17,150,,,7.151e-9
438,MC40,403.3e-3,18,-40,,,6.902e-9
438,MC150,403.3e-3,18,150,,,7.091e-9
439,MC40,403.3e-3,19,-40,,,7.114e-9
439,MC150,403.3e-3,19,150,,,7.248e-9
440,MC40,403.3e-3,20,-40,,,6.943e-9
440,MC150,403.3e-3,20,150,,,7.109e-9
441,MC40,403.3e-3,21,-40,,,7.166e-9
441,MC150,403.3e-3,21,150,,,7.308e-9
442,MC40,403.3e-3,22,-40,,,6.684e-9
442,MC150,403.3e-3,22,150,,,6.82e-9
443,MC40,403.3e-3,23,-40,,,7.064e-9
443,MC150,403.3e-3,23,150,,,7.209e-9
444,MC40,403.3e-3,24,-40,,,6.987e-9
444,MC150,403.3e-3,24,150,,,7.077e-9
445,MC40,403.3e-3,25,-40,,,7.192e-9
445,MC150,403.3e-3,25,150,,,7.338e-9
446,MC40,403.3e-3,26,-40,,,6.855e-9
446,MC150,403.3e-3,26,150,,,6.991e-9
447,MC40,403.3e-3,27,-40,,,7.069e-9
447,MC150,403.3e-3,27,150,,,7.224e-9
448,MC40,403.3e-3,28,-40,,,7.317e-9
448,MC150,403.3e-3,28,150,,,7.431e-9
449,MC40,403.3e-3,29,-40,,,7.022e-9
449,MC150,403.3e-3,29,150,,,7.167e-9
450,MC40,403.3e-3,30,-40,,,6.94e-9
450,MC150,403.3e-3,30,150,,,7.125e-9
451,MC40,403.3e-3,31,-40,,,7.136e-9
451,MC150,403.3e-3,31,150,,,7.271e-9
452,MC40,403.3e-3,32,-40,,,6.904e-9
452,MC150,403.3e-3,32,150,,,7.06e-9
453,MC40,403.3e-3,33,-40,,,7.104e-9
453,MC150,403.3e-3,33,150,,,7.205e-9
454,MC40,403.3e-3,34,-40,,,7.274e-9
454,MC150,403.3e-3,34,150,,,7.38e-9
455,MC40,403.3e-3,35,-40,,,7.025e-9
455,MC150,403.3e-3,35,150,,,7.196e-9
456,MC40,403.3e-3,36,-40,,,6.777e-9
456,MC150,403.3e-3,36,150,,,6.896e-9
457,MC40,403.3e-3,37,-40,,,7.064e-9
457,MC150,403.3e-3,37,150,,,7.243e-9
458,MC40,403.3e-3,38,-40,,,6.963e-9
458,MC150,403.3e-3,38,150,,,7.121e-9
459,MC40,403.3e-3,39,-40,,,7.202e-9
459,MC150,403.3e-3,39,150,,,7.335e-9
460,MC40,403.3e-3,40,-40,,,6.858e-9
460,MC150,403.3e-3,40,150,,,6.997e-9
461,MC40,403.3e-3,41,-40,,,7.102e-9
461,MC150,403.3e-3,41,150,,,7.223e-9
462,MC40,403.3e-3,42,-40,,,6.994e-9
462,MC150,403.3e-3,42,150,,,7.154e-9
463,MC40,403.3e-3,43,-40,,,7.27e-9
463,MC150,403.3e-3,43,150,,,7.391e-9
464,MC40,403.3e-3,44,-40,,,6.933e-9
464,MC150,403.3e-3,44,150,,,7.098e-9
465,MC40,403.3e-3,45,-40,,,7.133e-9
465,MC150,403.3e-3,45,150,,,7.245e-9
466,MC40,403.3e-3,46,-40,,,7.337e-9
466,MC150,403.3e-3,46,150,,,7.445e-9
467,MC40,403.3e-3,47,-40,,,7.066e-9
467,MC150,403.3e-3,47,150,,,7.233e-9
468,MC40,403.3e-3,48,-40,,,7.105e-9
468,MC150,403.3e-3,48,150,,,7.217e-9
469,MC40,403.3e-3,49,-40,,,6.893e-9
469,MC150,403.3e-3,49,150,,,7.051e-9
470,MC40,403.3e-3,50,-40,,,7.001e-9
470,MC150,403.3e-3,50,150,,,7.151e-9
471,MC40,403.3e-3,51,-40,,,7.191e-9
471,MC150,403.3e-3,51,150,,,7.331e-9
472,MC40,403.3e-3,52,-40,,,7.062e-9
472,MC150,403.3e-3,52,150,,,7.188e-9
473,MC40,403.3e-3,53,-40,,,7.551e-9
473,MC150,403.3e-3,53,150,,,7.607e-9
474,MC40,403.3e-3,54,-40,,,7.136e-9
474,MC150,403.3e-3,54,150,,,7.289e-9
475,MC40,403.3e-3,55,-40,,,6.969e-9
475,MC150,403.3e-3,55,150,,,7.113e-9
476,MC40,403.3e-3,56,-40,,,7.084e-9
476,MC150,403.3e-3,56,150,,,7.203e-9
477,MC40,403.3e-3,57,-40,,,6.821e-9
477,MC150,403.3e-3,57,150,,,6.995e-9
478,MC40,403.3e-3,58,-40,,,7.169e-9
478,MC150,403.3e-3,58,150,,,7.314e-9
479,MC40,403.3e-3,59,-40,,,6.985e-9
479,MC150,403.3e-3,59,150,,,7.133e-9
480,MC40,403.3e-3,60,-40,,,7.121e-9
480,MC150,403.3e-3,60,150,,,7.221e-9
481,MC40,446.7e-3,1,-40,,,8.12e-9
481,MC150,446.7e-3,1,150,,,8.224e-9
482,MC40,446.7e-3,2,-40,,,7.994e-9
482,MC150,446.7e-3,2,150,,,8.152e-9
483,MC40,446.7e-3,3,-40,,,7.752e-9
483,MC150,446.7e-3,3,150,,,7.885e-9
484,MC40,446.7e-3,4,-40,,,8.053e-9
484,MC150,446.7e-3,4,150,,,8.204e-9
485,MC40,446.7e-3,5,-40,,,7.829e-9
485,MC150,446.7e-3,5,150,,,7.962e-9
486,MC40,446.7e-3,6,-40,,,7.963e-9
486,MC150,446.7e-3,6,150,,,8.126e-9
487,MC40,446.7e-3,7,-40,,,8.262e-9
487,MC150,446.7e-3,7,150,,,8.388e-9
488,MC40,446.7e-3,8,-40,,,8.088e-9
488,MC150,446.7e-3,8,150,,,8.235e-9
489,MC40,446.7e-3,9,-40,,,7.841e-9
489,MC150,446.7e-3,9,150,,,7.99e-9
490,MC40,446.7e-3,10,-40,,,7.945e-9
490,MC150,446.7e-3,10,150,,,8.078e-9
491,MC40,446.7e-3,11,-40,,,7.685e-9
491,MC150,446.7e-3,11,150,,,7.856e-9
492,MC40,446.7e-3,12,-40,,,7.911e-9
492,MC150,446.7e-3,12,150,,,8.087e-9
493,MC40,446.7e-3,13,-40,,,8.184e-9
493,MC150,446.7e-3,13,150,,,8.266e-9
494,MC40,446.7e-3,14,-40,,,8.013e-9
494,MC150,446.7e-3,14,150,,,8.173e-9
495,MC40,446.7e-3,15,-40,,,7.802e-9
495,MC150,446.7e-3,15,150,,,7.929e-9
496,MC40,446.7e-3,16,-40,,,8.154e-9
496,MC150,446.7e-3,16,150,,,8.264e-9
497,MC40,446.7e-3,17,-40,,,7.894e-9
497,MC150,446.7e-3,17,150,,,8.044e-9
498,MC40,446.7e-3,18,-40,,,7.782e-9
498,MC150,446.7e-3,18,150,,,7.977e-9
499,MC40,446.7e-3,19,-40,,,7.999e-9
499,MC150,446.7e-3,19,150,,,8.139e-9
500,MC40,446.7e-3,20,-40,,,7.833e-9
500,MC150,446.7e-3,20,150,,,8.005e-9
501,MC40,446.7e-3,21,-40,,,8.052e-9
501,MC150,446.7e-3,21,150,,,8.198e-9
502,MC40,446.7e-3,22,-40,,,7.565e-9
502,MC150,446.7e-3,22,150,,,7.703e-9
503,MC40,446.7e-3,23,-40,,,7.95e-9
503,MC150,446.7e-3,23,150,,,8.101e-9
504,MC40,446.7e-3,24,-40,,,7.872e-9
504,MC150,446.7e-3,24,150,,,7.971e-9
505,MC40,446.7e-3,25,-40,,,8.079e-9
505,MC150,446.7e-3,25,150,,,8.225e-9
506,MC40,446.7e-3,26,-40,,,7.736e-9
506,MC150,446.7e-3,26,150,,,7.875e-9
507,MC40,446.7e-3,27,-40,,,7.955e-9
507,MC150,446.7e-3,27,150,,,8.117e-9
508,MC40,446.7e-3,28,-40,,,8.204e-9
508,MC150,446.7e-3,28,150,,,8.318e-9
509,MC40,446.7e-3,29,-40,,,7.908e-9
509,MC150,446.7e-3,29,150,,,8.061e-9
510,MC40,446.7e-3,30,-40,,,7.823e-9
510,MC150,446.7e-3,30,150,,,8.012e-9
511,MC40,446.7e-3,31,-40,,,8.021e-9
511,MC150,446.7e-3,31,150,,,8.162e-9
512,MC40,446.7e-3,32,-40,,,7.786e-9
512,MC150,446.7e-3,32,150,,,7.947e-9
513,MC40,446.7e-3,33,-40,,,7.99e-9
513,MC150,446.7e-3,33,150,,,8.101e-9
514,MC40,446.7e-3,34,-40,,,8.16e-9
514,MC150,446.7e-3,34,150,,,8.269e-9
515,MC40,446.7e-3,35,-40,,,7.908e-9
515,MC150,446.7e-3,35,150,,,8.084e-9
516,MC40,446.7e-3,36,-40,,,7.661e-9
516,MC150,446.7e-3,36,150,,,7.785e-9
517,MC40,446.7e-3,37,-40,,,7.95e-9
517,MC150,446.7e-3,37,150,,,8.132e-9
518,MC40,446.7e-3,38,-40,,,7.847e-9
518,MC150,446.7e-3,38,150,,,8.012e-9
519,MC40,446.7e-3,39,-40,,,8.084e-9
519,MC150,446.7e-3,39,150,,,8.222e-9
520,MC40,446.7e-3,40,-40,,,7.742e-9
520,MC150,446.7e-3,40,150,,,7.886e-9
521,MC40,446.7e-3,41,-40,,,7.984e-9
521,MC150,446.7e-3,41,150,,,8.11e-9
522,MC40,446.7e-3,42,-40,,,7.879e-9
522,MC150,446.7e-3,42,150,,,8.045e-9
523,MC40,446.7e-3,43,-40,,,8.153e-9
523,MC150,446.7e-3,43,150,,,8.276e-9
524,MC40,446.7e-3,44,-40,,,7.816e-9
524,MC150,446.7e-3,44,150,,,7.988e-9
525,MC40,446.7e-3,45,-40,,,8.018e-9
525,MC150,446.7e-3,45,150,,,8.139e-9
526,MC40,446.7e-3,46,-40,,,8.224e-9
526,MC150,446.7e-3,46,150,,,8.334e-9
527,MC40,446.7e-3,47,-40,,,7.95e-9
527,MC150,446.7e-3,47,150,,,8.12e-9
528,MC40,446.7e-3,48,-40,,,7.988e-9
528,MC150,446.7e-3,48,150,,,8.108e-9
529,MC40,446.7e-3,49,-40,,,7.774e-9
529,MC150,446.7e-3,49,150,,,7.935e-9
530,MC40,446.7e-3,50,-40,,,7.884e-9
530,MC150,446.7e-3,50,150,,,8.041e-9
531,MC40,446.7e-3,51,-40,,,8.083e-9
531,MC150,446.7e-3,51,150,,,8.223e-9
532,MC40,446.7e-3,52,-40,,,7.945e-9
532,MC150,446.7e-3,52,150,,,8.078e-9
533,MC40,446.7e-3,53,-40,,,8.439e-9
533,MC150,446.7e-3,53,150,,,8.493e-9
534,MC40,446.7e-3,54,-40,,,8.023e-9
534,MC150,446.7e-3,54,150,,,8.183e-9
535,MC40,446.7e-3,55,-40,,,7.851e-9
535,MC150,446.7e-3,55,150,,,8e-9
536,MC40,446.7e-3,56,-40,,,7.967e-9
536,MC150,446.7e-3,56,150,,,8.094e-9
537,MC40,446.7e-3,57,-40,,,7.703e-9
537,MC150,446.7e-3,57,150,,,7.879e-9
538,MC40,446.7e-3,58,-40,,,8.057e-9
538,MC150,446.7e-3,58,150,,,8.205e-9
539,MC40,446.7e-3,59,-40,,,7.867e-9
539,MC150,446.7e-3,59,150,,,8.021e-9
540,MC40,446.7e-3,60,-40,,,8.003e-9
540,MC150,446.7e-3,60,150,,,8.112e-9
541,MC40,490e-3,1,-40,,,9.007e-9
541,MC150,490e-3,1,150,,,9.111e-9
542,MC40,490e-3,2,-40,,,8.881e-9
542,MC150,490e-3,2,150,,,9.038e-9
543,MC40,490e-3,3,-40,,,8.638e-9
543,MC150,490e-3,3,150,,,8.776e-9
544,MC40,490e-3,4,-40,,,8.942e-9
544,MC150,490e-3,4,150,,,9.089e-9
545,MC40,490e-3,5,-40,,,8.715e-9
545,MC150,490e-3,5,150,,,8.851e-9
546,MC40,490e-3,6,-40,,,8.848e-9
546,MC150,490e-3,6,150,,,9.007e-9
547,MC40,490e-3,7,-40,,,9.157e-9
547,MC150,490e-3,7,150,,,9.282e-9
548,MC40,490e-3,8,-40,,,8.977e-9
548,MC150,490e-3,8,150,,,9.121e-9
549,MC40,490e-3,9,-40,,,8.728e-9
549,MC150,490e-3,9,150,,,8.876e-9
550,MC40,490e-3,10,-40,,,8.834e-9
550,MC150,490e-3,10,150,,,8.967e-9
551,MC40,490e-3,11,-40,,,8.572e-9
551,MC150,490e-3,11,150,,,8.744e-9
552,MC40,490e-3,12,-40,,,8.797e-9
552,MC150,490e-3,12,150,,,8.97e-9
553,MC40,490e-3,13,-40,,,9.071e-9
553,MC150,490e-3,13,150,,,9.153e-9
554,MC40,490e-3,14,-40,,,8.9e-9
554,MC150,490e-3,14,150,,,9.059e-9
555,MC40,490e-3,15,-40,,,8.688e-9
555,MC150,490e-3,15,150,,,8.819e-9
556,MC40,490e-3,16,-40,,,9.042e-9
556,MC150,490e-3,16,150,,,9.15e-9
557,MC40,490e-3,17,-40,,,8.782e-9
557,MC150,490e-3,17,150,,,8.931e-9
558,MC40,490e-3,18,-40,,,8.668e-9
558,MC150,490e-3,18,150,,,8.859e-9
559,MC40,490e-3,19,-40,,,8.886e-9
559,MC150,490e-3,19,150,,,9.024e-9
560,MC40,490e-3,20,-40,,,8.72e-9
560,MC150,490e-3,20,150,,,8.894e-9
561,MC40,490e-3,21,-40,,,8.939e-9
561,MC150,490e-3,21,150,,,9.084e-9
562,MC40,490e-3,22,-40,,,8.447e-9
562,MC150,490e-3,22,150,,,8.586e-9
563,MC40,490e-3,23,-40,,,8.837e-9
563,MC150,490e-3,23,150,,,8.987e-9
564,MC40,490e-3,24,-40,,,8.76e-9
564,MC150,490e-3,24,150,,,8.864e-9
565,MC40,490e-3,25,-40,,,8.968e-9
565,MC150,490e-3,25,150,,,9.116e-9
566,MC40,490e-3,26,-40,,,8.619e-9
566,MC150,490e-3,26,150,,,8.759e-9
567,MC40,490e-3,27,-40,,,8.844e-9
567,MC150,490e-3,27,150,,,9.004e-9
568,MC40,490e-3,28,-40,,,9.092e-9
568,MC150,490e-3,28,150,,,9.208e-9
569,MC40,490e-3,29,-40,,,8.797e-9
569,MC150,490e-3,29,150,,,8.95e-9
570,MC40,490e-3,30,-40,,,8.709e-9
570,MC150,490e-3,30,150,,,8.895e-9
571,MC40,490e-3,31,-40,,,8.908e-9
571,MC150,490e-3,31,150,,,9.049e-9
572,MC40,490e-3,32,-40,,,8.673e-9
572,MC150,490e-3,32,150,,,8.834e-9
573,MC40,490e-3,33,-40,,,8.878e-9
573,MC150,490e-3,33,150,,,8.992e-9
574,MC40,490e-3,34,-40,,,9.05e-9
574,MC150,490e-3,34,150,,,9.16e-9
575,MC40,490e-3,35,-40,,,8.795e-9
575,MC150,490e-3,35,150,,,8.968e-9
576,MC40,490e-3,36,-40,,,8.547e-9
576,MC150,490e-3,36,150,,,8.675e-9
577,MC40,490e-3,37,-40,,,8.838e-9
577,MC150,490e-3,37,150,,,9.019e-9
578,MC40,490e-3,38,-40,,,8.734e-9
578,MC150,490e-3,38,150,,,8.898e-9
579,MC40,490e-3,39,-40,,,8.972e-9
579,MC150,490e-3,39,150,,,9.105e-9
580,MC40,490e-3,40,-40,,,8.628e-9
580,MC150,490e-3,40,150,,,8.775e-9
581,MC40,490e-3,41,-40,,,8.869e-9
581,MC150,490e-3,41,150,,,8.994e-9
582,MC40,490e-3,42,-40,,,8.766e-9
582,MC150,490e-3,42,150,,,8.93e-9
583,MC40,490e-3,43,-40,,,9.04e-9
583,MC150,490e-3,43,150,,,9.158e-9
584,MC40,490e-3,44,-40,,,8.702e-9
584,MC150,490e-3,44,150,,,8.872e-9
585,MC40,490e-3,45,-40,,,8.907e-9
585,MC150,490e-3,45,150,,,9.028e-9
586,MC40,490e-3,46,-40,,,9.115e-9
586,MC150,490e-3,46,150,,,9.227e-9
587,MC40,490e-3,47,-40,,,8.837e-9
587,MC150,490e-3,47,150,,,9.004e-9
588,MC40,490e-3,48,-40,,,8.874e-9
588,MC150,490e-3,48,150,,,8.994e-9
589,MC40,490e-3,49,-40,,,8.659e-9
589,MC150,490e-3,49,150,,,8.819e-9
590,MC40,490e-3,50,-40,,,8.77e-9
590,MC150,490e-3,50,150,,,8.926e-9
591,MC40,490e-3,51,-40,,,8.972e-9
591,MC150,490e-3,51,150,,,9.119e-9
592,MC40,490e-3,52,-40,,,8.832e-9
592,MC150,490e-3,52,150,,,8.963e-9
593,MC40,490e-3,53,-40,,,9.333e-9
593,MC150,490e-3,53,150,,,9.382e-9
594,MC40,490e-3,54,-40,,,8.914e-9
594,MC150,490e-3,54,150,,,9.073e-9
595,MC40,490e-3,55,-40,,,8.736e-9
595,MC150,490e-3,55,150,,,8.883e-9
596,MC40,490e-3,56,-40,,,8.854e-9
596,MC150,490e-3,56,150,,,8.98e-9
597,MC40,490e-3,57,-40,,,8.587e-9
597,MC150,490e-3,57,150,,,8.763e-9
598,MC40,490e-3,58,-40,,,8.948e-9
598,MC150,490e-3,58,150,,,9.099e-9
599,MC40,490e-3,59,-40,,,8.753e-9
599,MC150,490e-3,59,150,,,8.905e-9
600,MC40,490e-3,60,-40,,,8.889e-9
600,MC150,490e-3,60,150,,,8.999e-9
601,MC40,491e-3,1,-40,,,9.028e-9
601,MC150,491e-3,1,150,,,9.131e-9
602,MC40,491e-3,2,-40,,,8.902e-9
602,MC150,491e-3,2,150,,,9.059e-9
603,MC40,491e-3,3,-40,,,8.658e-9
603,MC150,491e-3,3,150,,,8.796e-9
604,MC40,491e-3,4,-40,,,8.961e-9
604,MC150,491e-3,4,150,,,9.11e-9
605,MC40,491e-3,5,-40,,,8.735e-9
605,MC150,491e-3,5,150,,,8.871e-9
606,MC40,491e-3,6,-40,,,8.868e-9
606,MC150,491e-3,6,150,,,9.027e-9
607,MC40,491e-3,7,-40,,,9.178e-9
607,MC150,491e-3,7,150,,,9.302e-9
608,MC40,491e-3,8,-40,,,8.996e-9
608,MC150,491e-3,8,150,,,9.144e-9
609,MC40,491e-3,9,-40,,,8.748e-9
609,MC150,491e-3,9,150,,,8.896e-9
610,MC40,491e-3,10,-40,,,8.854e-9
610,MC150,491e-3,10,150,,,8.988e-9
611,MC40,491e-3,11,-40,,,8.592e-9
611,MC150,491e-3,11,150,,,8.764e-9
612,MC40,491e-3,12,-40,,,8.817e-9
612,MC150,491e-3,12,150,,,8.99e-9
613,MC40,491e-3,13,-40,,,9.092e-9
613,MC150,491e-3,13,150,,,9.173e-9
614,MC40,491e-3,14,-40,,,8.921e-9
614,MC150,491e-3,14,150,,,9.08e-9
615,MC40,491e-3,15,-40,,,8.708e-9
615,MC150,491e-3,15,150,,,8.839e-9
616,MC40,491e-3,16,-40,,,9.061e-9
616,MC150,491e-3,16,150,,,9.173e-9
617,MC40,491e-3,17,-40,,,8.803e-9
617,MC150,491e-3,17,150,,,8.952e-9
618,MC40,491e-3,18,-40,,,8.688e-9
618,MC150,491e-3,18,150,,,8.879e-9
619,MC40,491e-3,19,-40,,,8.906e-9
619,MC150,491e-3,19,150,,,9.045e-9
620,MC40,491e-3,20,-40,,,8.741e-9
620,MC150,491e-3,20,150,,,8.915e-9
621,MC40,491e-3,21,-40,,,8.96e-9
621,MC150,491e-3,21,150,,,9.105e-9
622,MC40,491e-3,22,-40,,,8.468e-9
622,MC150,491e-3,22,150,,,8.606e-9
623,MC40,491e-3,23,-40,,,8.857e-9
623,MC150,491e-3,23,150,,,9.008e-9
624,MC40,491e-3,24,-40,,,8.78e-9
624,MC150,491e-3,24,150,,,8.884e-9
625,MC40,491e-3,25,-40,,,8.987e-9
625,MC150,491e-3,25,150,,,9.136e-9
626,MC40,491e-3,26,-40,,,8.64e-9
626,MC150,491e-3,26,150,,,8.779e-9
627,MC40,491e-3,27,-40,,,8.864e-9
627,MC150,491e-3,27,150,,,9.025e-9
628,MC40,491e-3,28,-40,,,9.113e-9
628,MC150,491e-3,28,150,,,9.228e-9
629,MC40,491e-3,29,-40,,,8.817e-9
629,MC150,491e-3,29,150,,,8.97e-9
630,MC40,491e-3,30,-40,,,8.73e-9
630,MC150,491e-3,30,150,,,8.915e-9
631,MC40,491e-3,31,-40,,,8.929e-9
631,MC150,491e-3,31,150,,,9.069e-9
632,MC40,491e-3,32,-40,,,8.693e-9
632,MC150,491e-3,32,150,,,8.854e-9
633,MC40,491e-3,33,-40,,,8.898e-9
633,MC150,491e-3,33,150,,,9.012e-9
634,MC40,491e-3,34,-40,,,9.071e-9
634,MC150,491e-3,34,150,,,9.18e-9
635,MC40,491e-3,35,-40,,,8.815e-9
635,MC150,491e-3,35,150,,,8.989e-9
636,MC40,491e-3,36,-40,,,8.567e-9
636,MC150,491e-3,36,150,,,8.695e-9
637,MC40,491e-3,37,-40,,,8.858e-9
637,MC150,491e-3,37,150,,,9.039e-9
638,MC40,491e-3,38,-40,,,8.754e-9
638,MC150,491e-3,38,150,,,8.918e-9
639,MC40,491e-3,39,-40,,,8.992e-9
639,MC150,491e-3,39,150,,,9.125e-9
640,MC40,491e-3,40,-40,,,8.648e-9
640,MC150,491e-3,40,150,,,8.795e-9
641,MC40,491e-3,41,-40,,,8.89e-9
641,MC150,491e-3,41,150,,,9.014e-9
642,MC40,491e-3,42,-40,,,8.786e-9
642,MC150,491e-3,42,150,,,8.95e-9
643,MC40,491e-3,43,-40,,,9.06e-9
643,MC150,491e-3,43,150,,,9.179e-9
644,MC40,491e-3,44,-40,,,8.723e-9
644,MC150,491e-3,44,150,,,8.892e-9
645,MC40,491e-3,45,-40,,,8.927e-9
645,MC150,491e-3,45,150,,,9.048e-9
646,MC40,491e-3,46,-40,,,9.136e-9
646,MC150,491e-3,46,150,,,9.247e-9
647,MC40,491e-3,47,-40,,,8.858e-9
647,MC150,491e-3,47,150,,,9.024e-9
648,MC40,491e-3,48,-40,,,8.894e-9
648,MC150,491e-3,48,150,,,9.015e-9
649,MC40,491e-3,49,-40,,,8.679e-9
649,MC150,491e-3,49,150,,,8.839e-9
650,MC40,491e-3,50,-40,,,8.79e-9
650,MC150,491e-3,50,150,,,8.946e-9
651,MC40,491e-3,51,-40,,,8.993e-9
651,MC150,491e-3,51,150,,,9.14e-9
652,MC40,491e-3,52,-40,,,8.851e-9
652,MC150,491e-3,52,150,,,8.983e-9
653,MC40,491e-3,53,-40,,,9.354e-9
653,MC150,491e-3,53,150,,,9.403e-9
654,MC40,491e-3,54,-40,,,8.935e-9
654,MC150,491e-3,54,150,,,9.093e-9
655,MC40,491e-3,55,-40,,,8.757e-9
655,MC150,491e-3,55,150,,,8.904e-9
656,MC40,491e-3,56,-40,,,8.873e-9
656,MC150,491e-3,56,150,,,9e-9
657,MC40,491e-3,57,-40,,,8.607e-9
657,MC150,491e-3,57,150,,,8.784e-9
658,MC40,491e-3,58,-40,,,8.969e-9
658,MC150,491e-3,58,150,,,9.119e-9
659,MC40,491e-3,59,-40,,,8.774e-9
659,MC150,491e-3,59,150,,,8.926e-9
660,MC40,491e-3,60,-40,,,8.909e-9
660,MC150,491e-3,60,150,,,9.019e-9
661,MC40,503.1e-3,1,-40,,,9.276e-9
661,MC150,503.1e-3,1,150,,,9.381e-9
662,MC40,503.1e-3,2,-40,,,9.15e-9
662,MC150,503.1e-3,2,150,,,9.307e-9
663,MC40,503.1e-3,3,-40,,,8.905e-9
663,MC150,503.1e-3,3,150,,,9.043e-9
664,MC40,503.1e-3,4,-40,,,9.209e-9
664,MC150,503.1e-3,4,150,,,9.359e-9
665,MC40,503.1e-3,5,-40,,,8.981e-9
665,MC150,503.1e-3,5,150,,,9.118e-9
666,MC40,503.1e-3,6,-40,,,9.115e-9
666,MC150,503.1e-3,6,150,,,9.275e-9
667,MC40,503.1e-3,7,-40,,,9.427e-9
667,MC150,503.1e-3,7,150,,,9.549e-9
668,MC40,503.1e-3,8,-40,,,9.244e-9
668,MC150,503.1e-3,8,150,,,9.39e-9
669,MC40,503.1e-3,9,-40,,,8.994e-9
669,MC150,503.1e-3,9,150,,,9.144e-9
670,MC40,503.1e-3,10,-40,,,9.102e-9
670,MC150,503.1e-3,10,150,,,9.239e-9
671,MC40,503.1e-3,11,-40,,,8.838e-9
671,MC150,503.1e-3,11,150,,,9.01e-9
672,MC40,503.1e-3,12,-40,,,9.062e-9
672,MC150,503.1e-3,12,150,,,9.239e-9
673,MC40,503.1e-3,13,-40,,,9.34e-9
673,MC150,503.1e-3,13,150,,,9.422e-9
674,MC40,503.1e-3,14,-40,,,9.169e-9
674,MC150,503.1e-3,14,150,,,9.329e-9
675,MC40,503.1e-3,15,-40,,,8.954e-9
675,MC150,503.1e-3,15,150,,,9.086e-9
676,MC40,503.1e-3,16,-40,,,9.309e-9
676,MC150,503.1e-3,16,150,,,9.42e-9
677,MC40,503.1e-3,17,-40,,,9.05e-9
677,MC150,503.1e-3,17,150,,,9.202e-9
678,MC40,503.1e-3,18,-40,,,8.934e-9
678,MC150,503.1e-3,18,150,,,9.125e-9
679,MC40,503.1e-3,19,-40,,,9.154e-9
679,MC150,503.1e-3,19,150,,,9.294e-9
680,MC40,503.1e-3,20,-40,,,8.991e-9
680,MC150,503.1e-3,20,150,,,9.166e-9
681,MC40,503.1e-3,21,-40,,,9.208e-9
681,MC150,503.1e-3,21,150,,,9.354e-9
682,MC40,503.1e-3,22,-40,,,8.713e-9
682,MC150,503.1e-3,22,150,,,8.852e-9
683,MC40,503.1e-3,23,-40,,,9.105e-9
683,MC150,503.1e-3,23,150,,,9.257e-9
684,MC40,503.1e-3,24,-40,,,9.027e-9
684,MC150,503.1e-3,24,150,,,9.133e-9
685,MC40,503.1e-3,25,-40,,,9.236e-9
685,MC150,503.1e-3,25,150,,,9.382e-9
686,MC40,503.1e-3,26,-40,,,8.885e-9
686,MC150,503.1e-3,26,150,,,9.025e-9
687,MC40,503.1e-3,27,-40,,,9.112e-9
687,MC150,503.1e-3,27,150,,,9.275e-9
688,MC40,503.1e-3,28,-40,,,9.362e-9
688,MC150,503.1e-3,28,150,,,9.474e-9
689,MC40,503.1e-3,29,-40,,,9.065e-9
689,MC150,503.1e-3,29,150,,,9.221e-9
690,MC40,503.1e-3,30,-40,,,8.975e-9
690,MC150,503.1e-3,30,150,,,9.164e-9
691,MC40,503.1e-3,31,-40,,,9.177e-9
691,MC150,503.1e-3,31,150,,,9.318e-9
692,MC40,503.1e-3,32,-40,,,8.939e-9
692,MC150,503.1e-3,32,150,,,9.101e-9
693,MC40,503.1e-3,33,-40,,,9.146e-9
693,MC150,503.1e-3,33,150,,,9.263e-9
694,MC40,503.1e-3,34,-40,,,9.32e-9
694,MC150,503.1e-3,34,150,,,9.427e-9
695,MC40,503.1e-3,35,-40,,,9.061e-9
695,MC150,503.1e-3,35,150,,,9.238e-9
696,MC40,503.1e-3,36,-40,,,8.813e-9
696,MC150,503.1e-3,36,150,,,8.941e-9
697,MC40,503.1e-3,37,-40,,,9.106e-9
697,MC150,503.1e-3,37,150,,,9.288e-9
698,MC40,503.1e-3,38,-40,,,9.001e-9
698,MC150,503.1e-3,38,150,,,9.168e-9
699,MC40,503.1e-3,39,-40,,,9.238e-9
699,MC150,503.1e-3,39,150,,,9.373e-9
700,MC40,503.1e-3,40,-40,,,8.895e-9
700,MC150,503.1e-3,40,150,,,9.042e-9
701,MC40,503.1e-3,41,-40,,,9.135e-9
701,MC150,503.1e-3,41,150,,,9.263e-9
702,MC40,503.1e-3,42,-40,,,9.033e-9
702,MC150,503.1e-3,42,150,,,9.2e-9
703,MC40,503.1e-3,43,-40,,,9.306e-9
703,MC150,503.1e-3,43,150,,,9.427e-9
704,MC40,503.1e-3,44,-40,,,8.969e-9
704,MC150,503.1e-3,44,150,,,9.14e-9
705,MC40,503.1e-3,45,-40,,,9.175e-9
705,MC150,503.1e-3,45,150,,,9.298e-9
706,MC40,503.1e-3,46,-40,,,9.385e-9
706,MC150,503.1e-3,46,150,,,9.493e-9
707,MC40,503.1e-3,47,-40,,,9.104e-9
707,MC150,503.1e-3,47,150,,,9.273e-9
708,MC40,503.1e-3,48,-40,,,9.142e-9
708,MC150,503.1e-3,48,150,,,9.264e-9
709,MC40,503.1e-3,49,-40,,,8.925e-9
709,MC150,503.1e-3,49,150,,,9.085e-9
710,MC40,503.1e-3,50,-40,,,9.036e-9
710,MC150,503.1e-3,50,150,,,9.196e-9
711,MC40,503.1e-3,51,-40,,,9.241e-9
711,MC150,503.1e-3,51,150,,,9.387e-9
712,MC40,503.1e-3,52,-40,,,9.098e-9
712,MC150,503.1e-3,52,150,,,9.233e-9
713,MC40,503.1e-3,53,-40,,,9.601e-9
713,MC150,503.1e-3,53,150,,,9.65e-9
714,MC40,503.1e-3,54,-40,,,9.184e-9
714,MC150,503.1e-3,54,150,,,9.345e-9
715,MC40,503.1e-3,55,-40,,,9.002e-9
715,MC150,503.1e-3,55,150,,,9.153e-9
716,MC40,503.1e-3,56,-40,,,9.12e-9
716,MC150,503.1e-3,56,150,,,9.25e-9
717,MC40,503.1e-3,57,-40,,,8.853e-9
717,MC150,503.1e-3,57,150,,,9.03e-9
718,MC40,503.1e-3,58,-40,,,9.217e-9
718,MC150,503.1e-3,58,150,,,9.366e-9
719,MC40,503.1e-3,59,-40,,,9.02e-9
719,MC150,503.1e-3,59,150,,,9.175e-9
720,MC40,503.1e-3,60,-40,,,9.156e-9
720,MC150,503.1e-3,60,150,,,9.269e-9
721,MC40,515.2e-3,1,-40,,,9.525e-9
721,MC150,515.2e-3,1,150,,,9.627e-9
722,MC40,515.2e-3,2,-40,,,9.4e-9
722,MC150,515.2e-3,2,150,,,9.554e-9
723,MC40,515.2e-3,3,-40,,,9.154e-9
723,MC150,515.2e-3,3,150,,,9.293e-9
724,MC40,515.2e-3,4,-40,,,9.459e-9
724,MC150,515.2e-3,4,150,,,9.605e-9
725,MC40,515.2e-3,5,-40,,,9.231e-9
725,MC150,515.2e-3,5,150,,,9.367e-9
726,MC40,515.2e-3,6,-40,,,9.364e-9
726,MC150,515.2e-3,6,150,,,9.52e-9
727,MC40,515.2e-3,7,-40,,,9.681e-9
727,MC150,515.2e-3,7,150,,,9.801e-9
728,MC40,515.2e-3,8,-40,,,9.495e-9
728,MC150,515.2e-3,8,150,,,9.635e-9
729,MC40,515.2e-3,9,-40,,,9.244e-9
729,MC150,515.2e-3,9,150,,,9.392e-9
730,MC40,515.2e-3,10,-40,,,9.352e-9
730,MC150,515.2e-3,10,150,,,9.486e-9
731,MC40,515.2e-3,11,-40,,,9.087e-9
731,MC150,515.2e-3,11,150,,,9.26e-9
732,MC40,515.2e-3,12,-40,,,9.312e-9
732,MC150,515.2e-3,12,150,,,9.484e-9
733,MC40,515.2e-3,13,-40,,,9.59e-9
733,MC150,515.2e-3,13,150,,,9.669e-9
734,MC40,515.2e-3,14,-40,,,9.419e-9
734,MC150,515.2e-3,14,150,,,9.575e-9
735,MC40,515.2e-3,15,-40,,,9.204e-9
735,MC150,515.2e-3,15,150,,,9.335e-9
736,MC40,515.2e-3,16,-40,,,9.559e-9
736,MC150,515.2e-3,16,150,,,9.665e-9
737,MC40,515.2e-3,17,-40,,,9.3e-9
737,MC150,515.2e-3,17,150,,,9.448e-9
738,MC40,515.2e-3,18,-40,,,9.182e-9
738,MC150,515.2e-3,18,150,,,9.372e-9
739,MC40,515.2e-3,19,-40,,,9.404e-9
739,MC150,515.2e-3,19,150,,,9.541e-9
740,MC40,515.2e-3,20,-40,,,9.238e-9
740,MC150,515.2e-3,20,150,,,9.413e-9
741,MC40,515.2e-3,21,-40,,,9.458e-9
741,MC150,515.2e-3,21,150,,,9.6e-9
742,MC40,515.2e-3,22,-40,,,8.959e-9
742,MC150,515.2e-3,22,150,,,9.097e-9
743,MC40,515.2e-3,23,-40,,,9.355e-9
743,MC150,515.2e-3,23,150,,,9.505e-9
744,MC40,515.2e-3,24,-40,,,9.276e-9
744,MC150,515.2e-3,24,150,,,9.382e-9
745,MC40,515.2e-3,25,-40,,,9.486e-9
745,MC150,515.2e-3,25,150,,,9.629e-9
746,MC40,515.2e-3,26,-40,,,9.133e-9
746,MC150,515.2e-3,26,150,,,9.273e-9
747,MC40,515.2e-3,27,-40,,,9.363e-9
747,MC150,515.2e-3,27,150,,,9.522e-9
748,MC40,515.2e-3,28,-40,,,9.612e-9
748,MC150,515.2e-3,28,150,,,9.721e-9
749,MC40,515.2e-3,29,-40,,,9.315e-9
749,MC150,515.2e-3,29,150,,,9.468e-9
750,MC40,515.2e-3,30,-40,,,9.224e-9
750,MC150,515.2e-3,30,150,,,9.41e-9
751,MC40,515.2e-3,31,-40,,,9.427e-9
751,MC150,515.2e-3,31,150,,,9.565e-9
752,MC40,515.2e-3,32,-40,,,9.189e-9
752,MC150,515.2e-3,32,150,,,9.349e-9
753,MC40,515.2e-3,33,-40,,,9.396e-9
753,MC150,515.2e-3,33,150,,,9.51e-9
754,MC40,515.2e-3,34,-40,,,9.57e-9
754,MC150,515.2e-3,34,150,,,9.674e-9
755,MC40,515.2e-3,35,-40,,,9.312e-9
755,MC150,515.2e-3,35,150,,,9.484e-9
756,MC40,515.2e-3,36,-40,,,9.063e-9
756,MC150,515.2e-3,36,150,,,9.191e-9
757,MC40,515.2e-3,37,-40,,,9.357e-9
757,MC150,515.2e-3,37,150,,,9.535e-9
758,MC40,515.2e-3,38,-40,,,9.251e-9
758,MC150,515.2e-3,38,150,,,9.414e-9
759,MC40,515.2e-3,39,-40,,,9.488e-9
759,MC150,515.2e-3,39,150,,,9.62e-9
760,MC40,515.2e-3,40,-40,,,9.144e-9
760,MC150,515.2e-3,40,150,,,9.292e-9
761,MC40,515.2e-3,41,-40,,,9.385e-9
761,MC150,515.2e-3,41,150,,,9.509e-9
762,MC40,515.2e-3,42,-40,,,9.283e-9
762,MC150,515.2e-3,42,150,,,9.446e-9
763,MC40,515.2e-3,43,-40,,,9.557e-9
763,MC150,515.2e-3,43,150,,,9.672e-9
764,MC40,515.2e-3,44,-40,,,9.219e-9
764,MC150,515.2e-3,44,150,,,9.388e-9
765,MC40,515.2e-3,45,-40,,,9.425e-9
765,MC150,515.2e-3,45,150,,,9.545e-9
766,MC40,515.2e-3,46,-40,,,9.636e-9
766,MC150,515.2e-3,46,150,,,9.741e-9
767,MC40,515.2e-3,47,-40,,,9.354e-9
767,MC150,515.2e-3,47,150,,,9.52e-9
768,MC40,515.2e-3,48,-40,,,9.391e-9
768,MC150,515.2e-3,48,150,,,9.511e-9
769,MC40,515.2e-3,49,-40,,,9.173e-9
769,MC150,515.2e-3,49,150,,,9.333e-9
770,MC40,515.2e-3,50,-40,,,9.286e-9
770,MC150,515.2e-3,50,150,,,9.441e-9
771,MC40,515.2e-3,51,-40,,,9.492e-9
771,MC150,515.2e-3,51,150,,,9.635e-9
772,MC40,515.2e-3,52,-40,,,9.348e-9
772,MC150,515.2e-3,52,150,,,9.479e-9
773,MC40,515.2e-3,53,-40,,,9.856e-9
773,MC150,515.2e-3,53,150,,,9.9e-9
774,MC40,515.2e-3,54,-40,,,9.435e-9
774,MC150,515.2e-3,54,150,,,9.592e-9
775,MC40,515.2e-3,55,-40,,,9.252e-9
775,MC150,515.2e-3,55,150,,,9.398e-9
776,MC40,515.2e-3,56,-40,,,9.37e-9
776,MC150,515.2e-3,56,150,,,9.496e-9
777,MC40,515.2e-3,57,-40,,,9.1e-9
777,MC150,515.2e-3,57,150,,,9.278e-9
778,MC40,515.2e-3,58,-40,,,9.468e-9
778,MC150,515.2e-3,58,150,,,9.614e-9
779,MC40,515.2e-3,59,-40,,,9.269e-9
779,MC150,515.2e-3,59,150,,,9.421e-9
780,MC40,515.2e-3,60,-40,,,9.405e-9
780,MC150,515.2e-3,60,150,,,9.516e-9
781,MC40,527.3e-3,1,-40,,,9.772e-9
781,MC150,527.3e-3,1,150,,,9.877e-9
782,MC40,527.3e-3,2,-40,,,9.647e-9
782,MC150,527.3e-3,2,150,,,9.804e-9
783,MC40,527.3e-3,3,-40,,,9.401e-9
783,MC150,527.3e-3,3,150,,,9.539e-9
784,MC40,527.3e-3,4,-40,,,9.706e-9
784,MC150,527.3e-3,4,150,,,9.855e-9
785,MC40,527.3e-3,5,-40,,,9.477e-9
785,MC150,527.3e-3,5,150,,,9.614e-9
786,MC40,527.3e-3,6,-40,,,9.611e-9
786,MC150,527.3e-3,6,150,,,9.768e-9
787,MC40,527.3e-3,7,-40,,,9.93e-9
787,MC150,527.3e-3,7,150,,,eval err
788,MC40,527.3e-3,8,-40,,,9.741e-9
788,MC150,527.3e-3,8,150,,,9.885e-9
789,MC40,527.3e-3,9,-40,,,9.49e-9
789,MC150,527.3e-3,9,150,,,9.639e-9
790,MC40,527.3e-3,10,-40,,,9.599e-9
790,MC150,527.3e-3,10,150,,,9.733e-9
791,MC40,527.3e-3,11,-40,,,9.333e-9
791,MC150,527.3e-3,11,150,,,9.505e-9
792,MC40,527.3e-3,12,-40,,,9.559e-9
792,MC150,527.3e-3,12,150,,,9.733e-9
793,MC40,527.3e-3,13,-40,,,9.837e-9
793,MC150,527.3e-3,13,150,,,9.918e-9
794,MC40,527.3e-3,14,-40,,,9.666e-9
794,MC150,527.3e-3,14,150,,,9.825e-9
795,MC40,527.3e-3,15,-40,,,9.45e-9
795,MC150,527.3e-3,15,150,,,9.582e-9
796,MC40,527.3e-3,16,-40,,,9.806e-9
796,MC150,527.3e-3,16,150,,,9.915e-9
797,MC40,527.3e-3,17,-40,,,9.547e-9
797,MC150,527.3e-3,17,150,,,9.695e-9
798,MC40,527.3e-3,18,-40,,,9.429e-9
798,MC150,527.3e-3,18,150,,,9.618e-9
799,MC40,527.3e-3,19,-40,,,9.65e-9
799,MC150,527.3e-3,19,150,,,9.79e-9
800,MC40,527.3e-3,20,-40,,,9.487e-9
800,MC150,527.3e-3,20,150,,,9.66e-9
801,MC40,527.3e-3,21,-40,,,9.705e-9
801,MC150,527.3e-3,21,150,,,9.85e-9
802,MC40,527.3e-3,22,-40,,,9.207e-9
802,MC150,527.3e-3,22,150,,,9.344e-9
803,MC40,527.3e-3,23,-40,,,9.602e-9
803,MC150,527.3e-3,23,150,,,9.754e-9
804,MC40,527.3e-3,24,-40,,,9.523e-9
804,MC150,527.3e-3,24,150,,,9.63e-9
805,MC40,527.3e-3,25,-40,,,9.733e-9
805,MC150,527.3e-3,25,150,,,9.88e-9
806,MC40,527.3e-3,26,-40,,,9.38e-9
806,MC150,527.3e-3,26,150,,,9.519e-9
807,MC40,527.3e-3,27,-40,,,9.61e-9
807,MC150,527.3e-3,27,150,,,9.773e-9
808,MC40,527.3e-3,28,-40,,,9.86e-9
808,MC150,527.3e-3,28,150,,,9.971e-9
809,MC40,527.3e-3,29,-40,,,9.562e-9
809,MC150,527.3e-3,29,150,,,9.715e-9
810,MC40,527.3e-3,30,-40,,,9.471e-9
810,MC150,527.3e-3,30,150,,,9.655e-9
811,MC40,527.3e-3,31,-40,,,9.674e-9
811,MC150,527.3e-3,31,150,,,9.815e-9
812,MC40,527.3e-3,32,-40,,,9.434e-9
812,MC150,527.3e-3,32,150,,,9.596e-9
813,MC40,527.3e-3,33,-40,,,9.643e-9
813,MC150,527.3e-3,33,150,,,9.758e-9
814,MC40,527.3e-3,34,-40,,,9.818e-9
814,MC150,527.3e-3,34,150,,,9.924e-9
815,MC40,527.3e-3,35,-40,,,9.558e-9
815,MC150,527.3e-3,35,150,,,9.734e-9
816,MC40,527.3e-3,36,-40,,,9.308e-9
816,MC150,527.3e-3,36,150,,,9.437e-9
817,MC40,527.3e-3,37,-40,,,9.604e-9
817,MC150,527.3e-3,37,150,,,9.785e-9
818,MC40,527.3e-3,38,-40,,,9.497e-9
818,MC150,527.3e-3,38,150,,,9.66e-9
819,MC40,527.3e-3,39,-40,,,9.735e-9
819,MC150,527.3e-3,39,150,,,9.869e-9
820,MC40,527.3e-3,40,-40,,,9.39e-9
820,MC150,527.3e-3,40,150,,,9.538e-9
821,MC40,527.3e-3,41,-40,,,9.631e-9
821,MC150,527.3e-3,41,150,,,9.758e-9
822,MC40,527.3e-3,42,-40,,,9.529e-9
822,MC150,527.3e-3,42,150,,,9.692e-9
823,MC40,527.3e-3,43,-40,,,9.804e-9
823,MC150,527.3e-3,43,150,,,9.922e-9
824,MC40,527.3e-3,44,-40,,,9.465e-9
824,MC150,527.3e-3,44,150,,,9.634e-9
825,MC40,527.3e-3,45,-40,,,9.672e-9
825,MC150,527.3e-3,45,150,,,9.796e-9
826,MC40,527.3e-3,46,-40,,,9.885e-9
826,MC150,527.3e-3,46,150,,,9.991e-9
827,MC40,527.3e-3,47,-40,,,9.6e-9
827,MC150,527.3e-3,47,150,,,9.769e-9
828,MC40,527.3e-3,48,-40,,,9.637e-9
828,MC150,527.3e-3,48,150,,,9.761e-9
829,MC40,527.3e-3,49,-40,,,9.42e-9
829,MC150,527.3e-3,49,150,,,9.579e-9
830,MC40,527.3e-3,50,-40,,,9.533e-9
830,MC150,527.3e-3,50,150,,,9.687e-9
831,MC40,527.3e-3,51,-40,,,9.741e-9
831,MC150,527.3e-3,51,150,,,9.886e-9
832,MC40,527.3e-3,52,-40,,,9.594e-9
832,MC150,527.3e-3,52,150,,,9.728e-9
833,MC40,527.3e-3,53,-40,,,eval err
833,MC150,527.3e-3,53,150,,,eval err
834,MC40,527.3e-3,54,-40,,,9.682e-9
834,MC150,527.3e-3,54,150,,,9.843e-9
835,MC40,527.3e-3,55,-40,,,9.498e-9
835,MC150,527.3e-3,55,150,,,9.644e-9
836,MC40,527.3e-3,56,-40,,,9.616e-9
836,MC150,527.3e-3,56,150,,,9.746e-9
837,MC40,527.3e-3,57,-40,,,9.348e-9
837,MC150,527.3e-3,57,150,,,9.523e-9
838,MC40,527.3e-3,58,-40,,,9.717e-9
838,MC150,527.3e-3,58,150,,,9.865e-9
839,MC40,527.3e-3,59,-40,,,9.515e-9
839,MC150,527.3e-3,59,150,,,9.67e-9
840,MC40,527.3e-3,60,-40,,,9.651e-9
840,MC150,527.3e-3,60,150,,,9.765e-9
841,MC40,539.4e-3,1,-40,,,eval err
841,MC150,539.4e-3,1,150,,,eval err
842,MC40,539.4e-3,2,-40,,,9.896e-9
842,MC150,539.4e-3,2,150,,,eval err
843,MC40,539.4e-3,3,-40,,,9.648e-9
843,MC150,539.4e-3,3,150,,,9.789e-9
844,MC40,539.4e-3,4,-40,,,9.96e-9
844,MC150,539.4e-3,4,150,,,eval err
845,MC40,539.4e-3,5,-40,,,9.725e-9
845,MC150,539.4e-3,5,150,,,9.863e-9
846,MC40,539.4e-3,6,-40,,,9.857e-9
846,MC150,539.4e-3,6,150,,,eval err
847,MC40,539.4e-3,7,-40,,,eval err
847,MC150,539.4e-3,7,150,,,eval err
848,MC40,539.4e-3,8,-40,,,9.996e-9
848,MC150,539.4e-3,8,150,,,eval err
849,MC40,539.4e-3,9,-40,,,9.737e-9
849,MC150,539.4e-3,9,150,,,9.889e-9
850,MC40,539.4e-3,10,-40,,,9.85e-9
850,MC150,539.4e-3,10,150,,,9.984e-9
851,MC40,539.4e-3,11,-40,,,9.58e-9
851,MC150,539.4e-3,11,150,,,9.754e-9
852,MC40,539.4e-3,12,-40,,,9.806e-9
852,MC150,539.4e-3,12,150,,,9.979e-9
853,MC40,539.4e-3,13,-40,,,eval err
853,MC150,539.4e-3,13,150,,,eval err
854,MC40,539.4e-3,14,-40,,,9.915e-9
854,MC150,539.4e-3,14,150,,,eval err
855,MC40,539.4e-3,15,-40,,,9.697e-9
855,MC150,539.4e-3,15,150,,,9.831e-9
856,MC40,539.4e-3,16,-40,,,eval err
856,MC150,539.4e-3,16,150,,,eval err
857,MC40,539.4e-3,17,-40,,,9.795e-9
857,MC150,539.4e-3,17,150,,,9.945e-9
858,MC40,539.4e-3,18,-40,,,9.676e-9
858,MC150,539.4e-3,18,150,,,9.866e-9
859,MC40,539.4e-3,19,-40,,,9.899e-9
859,MC150,539.4e-3,19,150,,,eval err
860,MC40,539.4e-3,20,-40,,,9.737e-9
860,MC150,539.4e-3,20,150,,,9.911e-9
861,MC40,539.4e-3,21,-40,,,9.959e-9
861,MC150,539.4e-3,21,150,,,eval err
862,MC40,539.4e-3,22,-40,,,9.453e-9
862,MC150,539.4e-3,22,150,,,9.59e-9
863,MC40,539.4e-3,23,-40,,,9.851e-9
863,MC150,539.4e-3,23,150,,,eval err
864,MC40,539.4e-3,24,-40,,,9.773e-9
864,MC150,539.4e-3,24,150,,,9.881e-9
865,MC40,539.4e-3,25,-40,,,9.989e-9
865,MC150,539.4e-3,25,150,,,eval err
866,MC40,539.4e-3,26,-40,,,9.625e-9
866,MC150,539.4e-3,26,150,,,9.765e-9
867,MC40,539.4e-3,27,-40,,,9.862e-9
867,MC150,539.4e-3,27,150,,,eval err
868,MC40,539.4e-3,28,-40,,,eval err
868,MC150,539.4e-3,28,150,,,eval err
869,MC40,539.4e-3,29,-40,,,9.814e-9
869,MC150,539.4e-3,29,150,,,9.965e-9
870,MC40,539.4e-3,30,-40,,,9.718e-9
870,MC150,539.4e-3,30,150,,,9.904e-9
871,MC40,539.4e-3,31,-40,,,9.926e-9
871,MC150,539.4e-3,31,150,,,eval err
872,MC40,539.4e-3,32,-40,,,9.682e-9
872,MC150,539.4e-3,32,150,,,9.845e-9
873,MC40,539.4e-3,33,-40,,,9.894e-9
873,MC150,539.4e-3,33,150,,,eval err
874,MC40,539.4e-3,34,-40,,,eval err
874,MC150,539.4e-3,34,150,,,eval err
875,MC40,539.4e-3,35,-40,,,9.806e-9
875,MC150,539.4e-3,35,150,,,9.979e-9
876,MC40,539.4e-3,36,-40,,,9.555e-9
876,MC150,539.4e-3,36,150,,,9.684e-9
877,MC40,539.4e-3,37,-40,,,9.853e-9
877,MC150,539.4e-3,37,150,,,eval err
878,MC40,539.4e-3,38,-40,,,9.745e-9
878,MC150,539.4e-3,38,150,,,9.91e-9
879,MC40,539.4e-3,39,-40,,,9.983e-9
879,MC150,539.4e-3,39,150,,,eval err
880,MC40,539.4e-3,40,-40,,,9.638e-9
880,MC150,539.4e-3,40,150,,,9.787e-9
881,MC40,539.4e-3,41,-40,,,9.878e-9
881,MC150,539.4e-3,41,150,,,eval err
882,MC40,539.4e-3,42,-40,,,9.778e-9
882,MC150,539.4e-3,42,150,,,9.942e-9
883,MC40,539.4e-3,43,-40,,,eval err
883,MC150,539.4e-3,43,150,,,eval err
884,MC40,539.4e-3,44,-40,,,9.712e-9
884,MC150,539.4e-3,44,150,,,9.883e-9
885,MC40,539.4e-3,45,-40,,,9.924e-9
885,MC150,539.4e-3,45,150,,,eval err
886,MC40,539.4e-3,46,-40,,,eval err
886,MC150,539.4e-3,46,150,,,eval err
887,MC40,539.4e-3,47,-40,,,9.849e-9
887,MC150,539.4e-3,47,150,,,eval err
888,MC40,539.4e-3,48,-40,,,9.886e-9
888,MC150,539.4e-3,48,150,,,eval err
889,MC40,539.4e-3,49,-40,,,9.666e-9
889,MC150,539.4e-3,49,150,,,9.828e-9
890,MC40,539.4e-3,50,-40,,,9.78e-9
890,MC150,539.4e-3,50,150,,,9.936e-9
891,MC40,539.4e-3,51,-40,,,9.994e-9
891,MC150,539.4e-3,51,150,,,eval err
892,MC40,539.4e-3,52,-40,,,9.842e-9
892,MC150,539.4e-3,52,150,,,9.975e-9
893,MC40,539.4e-3,53,-40,,,eval err
893,MC150,539.4e-3,53,150,,,eval err
894,MC40,539.4e-3,54,-40,,,9.936e-9
894,MC150,539.4e-3,54,150,,,eval err
895,MC40,539.4e-3,55,-40,,,9.745e-9
895,MC150,539.4e-3,55,150,,,9.892e-9
896,MC40,539.4e-3,56,-40,,,9.864e-9
896,MC150,539.4e-3,56,150,,,9.992e-9
897,MC40,539.4e-3,57,-40,,,9.594e-9
897,MC150,539.4e-3,57,150,,,9.771e-9
898,MC40,539.4e-3,58,-40,,,9.97e-9
898,MC150,539.4e-3,58,150,,,eval err
899,MC40,539.4e-3,59,-40,,,9.762e-9
899,MC150,539.4e-3,59,150,,,9.915e-9
900,MC40,539.4e-3,60,-40,,,9.902e-9
900,MC150,539.4e-3,60,150,,,eval err
901,MC40,551.6e-3,1,-40,,,eval err
901,MC150,551.6e-3,1,150,,,eval err
902,MC40,551.6e-3,2,-40,,,eval err
902,MC150,551.6e-3,2,150,,,eval err
903,MC40,551.6e-3,3,-40,,,9.897e-9
903,MC150,551.6e-3,3,150,,,eval err
904,MC40,551.6e-3,4,-40,,,eval err
904,MC150,551.6e-3,4,150,,,eval err
905,MC40,551.6e-3,5,-40,,,9.973e-9
905,MC150,551.6e-3,5,150,,,eval err
906,MC40,551.6e-3,6,-40,,,eval err
906,MC150,551.6e-3,6,150,,,eval err
907,MC40,551.6e-3,7,-40,,,eval err
907,MC150,551.6e-3,7,150,,,eval err
908,MC40,551.6e-3,8,-40,,,eval err
908,MC150,551.6e-3,8,150,,,eval err
909,MC40,551.6e-3,9,-40,,,9.986e-9
909,MC150,551.6e-3,9,150,,,eval err
910,MC40,551.6e-3,10,-40,,,eval err
910,MC150,551.6e-3,10,150,,,eval err
911,MC40,551.6e-3,11,-40,,,9.83e-9
911,MC150,551.6e-3,11,150,,,10e-9
912,MC40,551.6e-3,12,-40,,,eval err
912,MC150,551.6e-3,12,150,,,eval err
913,MC40,551.6e-3,13,-40,,,eval err
913,MC150,551.6e-3,13,150,,,eval err
914,MC40,551.6e-3,14,-40,,,eval err
914,MC150,551.6e-3,14,150,,,eval err
915,MC40,551.6e-3,15,-40,,,9.946e-9
915,MC150,551.6e-3,15,150,,,eval err
916,MC40,551.6e-3,16,-40,,,eval err
916,MC150,551.6e-3,16,150,,,eval err
917,MC40,551.6e-3,17,-40,,,eval err
917,MC150,551.6e-3,17,150,,,eval err
918,MC40,551.6e-3,18,-40,,,9.926e-9
918,MC150,551.6e-3,18,150,,,eval err
919,MC40,551.6e-3,19,-40,,,eval err
919,MC150,551.6e-3,19,150,,,eval err
920,MC40,551.6e-3,20,-40,,,9.985e-9
920,MC150,551.6e-3,20,150,,,eval err
921,MC40,551.6e-3,21,-40,,,eval err
921,MC150,551.6e-3,21,150,,,eval err
922,MC40,551.6e-3,22,-40,,,9.7e-9
922,MC150,551.6e-3,22,150,,,9.837e-9
923,MC40,551.6e-3,23,-40,,,eval err
923,MC150,551.6e-3,23,150,,,eval err
924,MC40,551.6e-3,24,-40,,,eval err
924,MC150,551.6e-3,24,150,,,eval err
925,MC40,551.6e-3,25,-40,,,eval err
925,MC150,551.6e-3,25,150,,,eval err
926,MC40,551.6e-3,26,-40,,,9.874e-9
926,MC150,551.6e-3,26,150,,,eval err
927,MC40,551.6e-3,27,-40,,,eval err
927,MC150,551.6e-3,27,150,,,eval err
928,MC40,551.6e-3,28,-40,,,eval err
928,MC150,551.6e-3,28,150,,,eval err
929,MC40,551.6e-3,29,-40,,,eval err
929,MC150,551.6e-3,29,150,,,eval err
930,MC40,551.6e-3,30,-40,,,9.968e-9
930,MC150,551.6e-3,30,150,,,eval err
931,MC40,551.6e-3,31,-40,,,eval err
931,MC150,551.6e-3,31,150,,,eval err
932,MC40,551.6e-3,32,-40,,,9.931e-9
932,MC150,551.6e-3,32,150,,,eval err
933,MC40,551.6e-3,33,-40,,,eval err
933,MC150,551.6e-3,33,150,,,eval err
934,MC40,551.6e-3,34,-40,,,eval err
934,MC150,551.6e-3,34,150,,,eval err
935,MC40,551.6e-3,35,-40,,,eval err
935,MC150,551.6e-3,35,150,,,eval err
936,MC40,551.6e-3,36,-40,,,9.804e-9
936,MC150,551.6e-3,36,150,,,9.932e-9
937,MC40,551.6e-3,37,-40,,,eval err
937,MC150,551.6e-3,37,150,,,eval err
938,MC40,551.6e-3,38,-40,,,9.995e-9
938,MC150,551.6e-3,38,150,,,eval err
939,MC40,551.6e-3,39,-40,,,eval err
939,MC150,551.6e-3,39,150,,,eval err
940,MC40,551.6e-3,40,-40,,,9.887e-9
940,MC150,551.6e-3,40,150,,,eval err
941,MC40,551.6e-3,41,-40,,,eval err
941,MC150,551.6e-3,41,150,,,eval err
942,MC40,551.6e-3,42,-40,,,eval err
942,MC150,551.6e-3,42,150,,,eval err
943,MC40,551.6e-3,43,-40,,,eval err
943,MC150,551.6e-3,43,150,,,eval err
944,MC40,551.6e-3,44,-40,,,9.962e-9
944,MC150,551.6e-3,44,150,,,eval err
945,MC40,551.6e-3,45,-40,,,eval err
945,MC150,551.6e-3,45,150,,,eval err
946,MC40,551.6e-3,46,-40,,,eval err
946,MC150,551.6e-3,46,150,,,eval err
947,MC40,551.6e-3,47,-40,,,eval err
947,MC150,551.6e-3,47,150,,,eval err
948,MC40,551.6e-3,48,-40,,,eval err
948,MC150,551.6e-3,48,150,,,eval err
949,MC40,551.6e-3,49,-40,,,9.916e-9
949,MC150,551.6e-3,49,150,,,eval err
950,MC40,551.6e-3,50,-40,,,eval err
950,MC150,551.6e-3,50,150,,,eval err
951,MC40,551.6e-3,51,-40,,,eval err
951,MC150,551.6e-3,51,150,,,eval err
952,MC40,551.6e-3,52,-40,,,eval err
952,MC150,551.6e-3,52,150,,,eval err
953,MC40,551.6e-3,53,-40,,,eval err
953,MC150,551.6e-3,53,150,,,eval err
954,MC40,551.6e-3,54,-40,,,eval err
954,MC150,551.6e-3,54,150,,,eval err
955,MC40,551.6e-3,55,-40,,,9.995e-9
955,MC150,551.6e-3,55,150,,,eval err
956,MC40,551.6e-3,56,-40,,,eval err
956,MC150,551.6e-3,56,150,,,eval err
957,MC40,551.6e-3,57,-40,,,9.843e-9
957,MC150,551.6e-3,57,150,,,eval err
958,MC40,551.6e-3,58,-40,,,eval err
958,MC150,551.6e-3,58,150,,,eval err
959,MC40,551.6e-3,59,-40,,,eval err
959,MC150,551.6e-3,59,150,,,eval err
960,MC40,551.6e-3,60,-40,,,eval err
960,MC150,551.6e-3,60,150,,,eval err
961,MC40,563.7e-3,1,-40,,,eval err
961,MC150,563.7e-3,1,150,,,eval err
962,MC40,563.7e-3,2,-40,,,eval err
962,MC150,563.7e-3,2,150,,,eval err
963,MC40,563.7e-3,3,-40,,,eval err
963,MC150,563.7e-3,3,150,,,eval err
964,MC40,563.7e-3,4,-40,,,eval err
964,MC150,563.7e-3,4,150,,,eval err
965,MC40,563.7e-3,5,-40,,,eval err
965,MC150,563.7e-3,5,150,,,eval err
966,MC40,563.7e-3,6,-40,,,eval err
966,MC150,563.7e-3,6,150,,,eval err
967,MC40,563.7e-3,7,-40,,,eval err
967,MC150,563.7e-3,7,150,,,eval err
968,MC40,563.7e-3,8,-40,,,eval err
968,MC150,563.7e-3,8,150,,,eval err
969,MC40,563.7e-3,9,-40,,,eval err
969,MC150,563.7e-3,9,150,,,eval err
970,MC40,563.7e-3,10,-40,,,eval err
970,MC150,563.7e-3,10,150,,,eval err
971,MC40,563.7e-3,11,-40,,,eval err
971,MC150,563.7e-3,11,150,,,eval err
972,MC40,563.7e-3,12,-40,,,eval err
972,MC150,563.7e-3,12,150,,,eval err
973,MC40,563.7e-3,13,-40,,,eval err
973,MC150,563.7e-3,13,150,,,eval err
974,MC40,563.7e-3,14,-40,,,eval err
974,MC150,563.7e-3,14,150,,,eval err
975,MC40,563.7e-3,15,-40,,,eval err
975,MC150,563.7e-3,15,150,,,eval err
976,MC40,563.7e-3,16,-40,,,eval err
976,MC150,563.7e-3,16,150,,,eval err
977,MC40,563.7e-3,17,-40,,,eval err
977,MC150,563.7e-3,17,150,,,eval err
978,MC40,563.7e-3,18,-40,,,eval err
978,MC150,563.7e-3,18,150,,,eval err
979,MC40,563.7e-3,19,-40,,,eval err
979,MC150,563.7e-3,19,150,,,eval err
980,MC40,563.7e-3,20,-40,,,eval err
980,MC150,563.7e-3,20,150,,,eval err
981,MC40,563.7e-3,21,-40,,,eval err
981,MC150,563.7e-3,21,150,,,eval err
982,MC40,563.7e-3,22,-40,,,9.946e-9
982,MC150,563.7e-3,22,150,,,eval err
983,MC40,563.7e-3,23,-40,,,eval err
983,MC150,563.7e-3,23,150,,,eval err
984,MC40,563.7e-3,24,-40,,,eval err
984,MC150,563.7e-3,24,150,,,eval err
985,MC40,563.7e-3,25,-40,,,eval err
985,MC150,563.7e-3,25,150,,,eval err
986,MC40,563.7e-3,26,-40,,,eval err
986,MC150,563.7e-3,26,150,,,eval err
987,MC40,563.7e-3,27,-40,,,eval err
987,MC150,563.7e-3,27,150,,,eval err
988,MC40,563.7e-3,28,-40,,,eval err
988,MC150,563.7e-3,28,150,,,eval err
989,MC40,563.7e-3,29,-40,,,eval err
989,MC150,563.7e-3,29,150,,,eval err
990,MC40,563.7e-3,30,-40,,,eval err
990,MC150,563.7e-3,30,150,,,eval err
991,MC40,563.7e-3,31,-40,,,eval err
991,MC150,563.7e-3,31,150,,,eval err
992,MC40,563.7e-3,32,-40,,,eval err
992,MC150,563.7e-3,32,150,,,eval err
993,MC40,563.7e-3,33,-40,,,eval err
993,MC150,563.7e-3,33,150,,,eval err
994,MC40,563.7e-3,34,-40,,,eval err
994,MC150,563.7e-3,34,150,,,eval err
995,MC40,563.7e-3,35,-40,,,eval err
995,MC150,563.7e-3,35,150,,,eval err
996,MC40,563.7e-3,36,-40,,,eval err
996,MC150,563.7e-3,36,150,,,eval err
997,MC40,563.7e-3,37,-40,,,eval err
997,MC150,563.7e-3,37,150,,,eval err
998,MC40,563.7e-3,38,-40,,,eval err
998,MC150,563.7e-3,38,150,,,eval err
999,MC40,563.7e-3,39,-40,,,eval err
999,MC150,563.7e-3,39,150,,,eval err
1e3,MC40,563.7e-3,40,-40,,,eval err
1e3,MC150,563.7e-3,40,150,,,eval err
1.001e3,MC40,563.7e-3,41,-40,,,eval err
1.001e3,MC150,563.7e-3,41,150,,,eval err
1.002e3,MC40,563.7e-3,42,-40,,,eval err
1.002e3,MC150,563.7e-3,42,150,,,eval err
1.003e3,MC40,563.7e-3,43,-40,,,eval err
1.003e3,MC150,563.7e-3,43,150,,,eval err
1.004e3,MC40,563.7e-3,44,-40,,,eval err
1.004e3,MC150,563.7e-3,44,150,,,eval err
1.005e3,MC40,563.7e-3,45,-40,,,eval err
1.005e3,MC150,563.7e-3,45,150,,,eval err
1.006e3,MC40,563.7e-3,46,-40,,,eval err
1.006e3,MC150,563.7e-3,46,150,,,eval err
1.007e3,MC40,563.7e-3,47,-40,,,eval err
1.007e3,MC150,563.7e-3,47,150,,,eval err
1.008e3,MC40,563.7e-3,48,-40,,,eval err
1.008e3,MC150,563.7e-3,48,150,,,eval err
1.009e3,MC40,563.7e-3,49,-40,,,eval err
1.009e3,MC150,563.7e-3,49,150,,,eval err
1.01e3,MC40,563.7e-3,50,-40,,,eval err
1.01e3,MC150,563.7e-3,50,150,,,eval err
1.011e3,MC40,563.7e-3,51,-40,,,eval err
1.011e3,MC150,563.7e-3,51,150,,,eval err
1.012e3,MC40,563.7e-3,52,-40,,,eval err
1.012e3,MC150,563.7e-3,52,150,,,eval err
1.013e3,MC40,563.7e-3,53,-40,,,eval err
1.013e3,MC150,563.7e-3,53,150,,,eval err
1.014e3,MC40,563.7e-3,54,-40,,,eval err
1.014e3,MC150,563.7e-3,54,150,,,eval err
1.015e3,MC40,563.7e-3,55,-40,,,eval err
1.015e3,MC150,563.7e-3,55,150,,,eval err
1.016e3,MC40,563.7e-3,56,-40,,,eval err
1.016e3,MC150,563.7e-3,56,150,,,eval err
1.017e3,MC40,563.7e-3,57,-40,,,eval err
1.017e3,MC150,563.7e-3,57,150,,,eval err
1.018e3,MC40,563.7e-3,58,-40,,,eval err
1.018e3,MC150,563.7e-3,58,150,,,eval err
1.019e3,MC40,563.7e-3,59,-40,,,eval err
1.019e3,MC150,563.7e-3,59,150,,,eval err
1.02e3,MC40,563.7e-3,60,-40,,,eval err
1.02e3,MC150,563.7e-3,60,150,,,eval err
1.021e3,MC40,575.8e-3,1,-40,,,eval err
1.021e3,MC150,575.8e-3,1,150,,,eval err
1.022e3,MC40,575.8e-3,2,-40,,,eval err
1.022e3,MC150,575.8e-3,2,150,,,eval err
1.023e3,MC40,575.8e-3,3,-40,,,eval err
1.023e3,MC150,575.8e-3,3,150,,,eval err
1.024e3,MC40,575.8e-3,4,-40,,,eval err
1.024e3,MC150,575.8e-3,4,150,,,eval err
1.025e3,MC40,575.8e-3,5,-40,,,eval err
1.025e3,MC150,575.8e-3,5,150,,,eval err
1.026e3,MC40,575.8e-3,6,-40,,,eval err
1.026e3,MC150,575.8e-3,6,150,,,eval err
1.027e3,MC40,575.8e-3,7,-40,,,eval err
1.027e3,MC150,575.8e-3,7,150,,,eval err
1.028e3,MC40,575.8e-3,8,-40,,,eval err
1.028e3,MC150,575.8e-3,8,150,,,eval err
1.029e3,MC40,575.8e-3,9,-40,,,eval err
1.029e3,MC150,575.8e-3,9,150,,,eval err
1.03e3,MC40,575.8e-3,10,-40,,,eval err
1.03e3,MC150,575.8e-3,10,150,,,eval err
1.031e3,MC40,575.8e-3,11,-40,,,eval err
1.031e3,MC150,575.8e-3,11,150,,,eval err
1.032e3,MC40,575.8e-3,12,-40,,,eval err
1.032e3,MC150,575.8e-3,12,150,,,eval err
1.033e3,MC40,575.8e-3,13,-40,,,eval err
1.033e3,MC150,575.8e-3,13,150,,,eval err
1.034e3,MC40,575.8e-3,14,-40,,,eval err
1.034e3,MC150,575.8e-3,14,150,,,eval err
1.035e3,MC40,575.8e-3,15,-40,,,eval err
1.035e3,MC150,575.8e-3,15,150,,,eval err
1.036e3,MC40,575.8e-3,16,-40,,,eval err
1.036e3,MC150,575.8e-3,16,150,,,eval err
1.037e3,MC40,575.8e-3,17,-40,,,eval err
1.037e3,MC150,575.8e-3,17,150,,,eval err
1.038e3,MC40,575.8e-3,18,-40,,,eval err
1.038e3,MC150,575.8e-3,18,150,,,eval err
1.039e3,MC40,575.8e-3,19,-40,,,eval err
1.039e3,MC150,575.8e-3,19,150,,,eval err
1.04e3,MC40,575.8e-3,20,-40,,,eval err
1.04e3,MC150,575.8e-3,20,150,,,eval err
1.041e3,MC40,575.8e-3,21,-40,,,eval err
1.041e3,MC150,575.8e-3,21,150,,,eval err
1.042e3,MC40,575.8e-3,22,-40,,,eval err
1.042e3,MC150,575.8e-3,22,150,,,eval err
1.043e3,MC40,575.8e-3,23,-40,,,eval err
1.043e3,MC150,575.8e-3,23,150,,,eval err
1.044e3,MC40,575.8e-3,24,-40,,,eval err
1.044e3,MC150,575.8e-3,24,150,,,eval err
1.045e3,MC40,575.8e-3,25,-40,,,eval err
1.045e3,MC150,575.8e-3,25,150,,,eval err
1.046e3,MC40,575.8e-3,26,-40,,,eval err
1.046e3,MC150,575.8e-3,26,150,,,eval err
1.047e3,MC40,575.8e-3,27,-40,,,eval err
1.047e3,MC150,575.8e-3,27,150,,,eval err
1.048e3,MC40,575.8e-3,28,-40,,,eval err
1.048e3,MC150,575.8e-3,28,150,,,eval err
1.049e3,MC40,575.8e-3,29,-40,,,eval err
1.049e3,MC150,575.8e-3,29,150,,,eval err
1.05e3,MC40,575.8e-3,30,-40,,,eval err
1.05e3,MC150,575.8e-3,30,150,,,eval err
1.051e3,MC40,575.8e-3,31,-40,,,eval err
1.051e3,MC150,575.8e-3,31,150,,,eval err
1.052e3,MC40,575.8e-3,32,-40,,,eval err
1.052e3,MC150,575.8e-3,32,150,,,eval err
1.053e3,MC40,575.8e-3,33,-40,,,eval err
1.053e3,MC150,575.8e-3,33,150,,,eval err
1.054e3,MC40,575.8e-3,34,-40,,,eval err
1.054e3,MC150,575.8e-3,34,150,,,eval err
1.055e3,MC40,575.8e-3,35,-40,,,eval err
1.055e3,MC150,575.8e-3,35,150,,,eval err
1.056e3,MC40,575.8e-3,36,-40,,,eval err
1.056e3,MC150,575.8e-3,36,150,,,eval err
1.057e3,MC40,575.8e-3,37,-40,,,eval err
1.057e3,MC150,575.8e-3,37,150,,,eval err
1.058e3,MC40,575.8e-3,38,-40,,,eval err
1.058e3,MC150,575.8e-3,38,150,,,eval err
1.059e3,MC40,575.8e-3,39,-40,,,eval err
1.059e3,MC150,575.8e-3,39,150,,,eval err
1.06e3,MC40,575.8e-3,40,-40,,,eval err
1.06e3,MC150,575.8e-3,40,150,,,eval err
1.061e3,MC40,575.8e-3,41,-40,,,eval err
1.061e3,MC150,575.8e-3,41,150,,,eval err
1.062e3,MC40,575.8e-3,42,-40,,,eval err
1.062e3,MC150,575.8e-3,42,150,,,eval err
1.063e3,MC40,575.8e-3,43,-40,,,eval err
1.063e3,MC150,575.8e-3,43,150,,,eval err
1.064e3,MC40,575.8e-3,44,-40,,,eval err
1.064e3,MC150,575.8e-3,44,150,,,eval err
1.065e3,MC40,575.8e-3,45,-40,,,eval err
1.065e3,MC150,575.8e-3,45,150,,,eval err
1.066e3,MC40,575.8e-3,46,-40,,,eval err
1.066e3,MC150,575.8e-3,46,150,,,eval err
1.067e3,MC40,575.8e-3,47,-40,,,eval err
1.067e3,MC150,575.8e-3,47,150,,,eval err
1.068e3,MC40,575.8e-3,48,-40,,,eval err
1.068e3,MC150,575.8e-3,48,150,,,eval err
1.069e3,MC40,575.8e-3,49,-40,,,eval err
1.069e3,MC150,575.8e-3,49,150,,,eval err
1.07e3,MC40,575.8e-3,50,-40,,,eval err
1.07e3,MC150,575.8e-3,50,150,,,eval err
1.071e3,MC40,575.8e-3,51,-40,,,eval err
1.071e3,MC150,575.8e-3,51,150,,,eval err
1.072e3,MC40,575.8e-3,52,-40,,,eval err
1.072e3,MC150,575.8e-3,52,150,,,eval err
1.073e3,MC40,575.8e-3,53,-40,,,eval err
1.073e3,MC150,575.8e-3,53,150,,,eval err
1.074e3,MC40,575.8e-3,54,-40,,,eval err
1.074e3,MC150,575.8e-3,54,150,,,eval err
1.075e3,MC40,575.8e-3,55,-40,,,eval err
1.075e3,MC150,575.8e-3,55,150,,,eval err
1.076e3,MC40,575.8e-3,56,-40,,,eval err
1.076e3,MC150,575.8e-3,56,150,,,eval err
1.077e3,MC40,575.8e-3,57,-40,,,eval err
1.077e3,MC150,575.8e-3,57,150,,,eval err
1.078e3,MC40,575.8e-3,58,-40,,,eval err
1.078e3,MC150,575.8e-3,58,150,,,eval err
1.079e3,MC40,575.8e-3,59,-40,,,eval err
1.079e3,MC150,575.8e-3,59,150,,,eval err
1.08e3,MC40,575.8e-3,60,-40,,,eval err
1.08e3,MC150,575.8e-3,60,150,,,eval err
1.081e3,MC40,587.9e-3,1,-40,,,eval err
1.081e3,MC150,587.9e-3,1,150,,,eval err
1.082e3,MC40,587.9e-3,2,-40,,,eval err
1.082e3,MC150,587.9e-3,2,150,,,eval err
1.083e3,MC40,587.9e-3,3,-40,,,eval err
1.083e3,MC150,587.9e-3,3,150,,,eval err
1.084e3,MC40,587.9e-3,4,-40,,,eval err
1.084e3,MC150,587.9e-3,4,150,,,eval err
1.085e3,MC40,587.9e-3,5,-40,,,eval err
1.085e3,MC150,587.9e-3,5,150,,,eval err
1.086e3,MC40,587.9e-3,6,-40,,,eval err
1.086e3,MC150,587.9e-3,6,150,,,eval err
1.087e3,MC40,587.9e-3,7,-40,,,eval err
1.087e3,MC150,587.9e-3,7,150,,,eval err
1.088e3,MC40,587.9e-3,8,-40,,,eval err
1.088e3,MC150,587.9e-3,8,150,,,eval err
1.089e3,MC40,587.9e-3,9,-40,,,eval err
1.089e3,MC150,587.9e-3,9,150,,,eval err
1.09e3,MC40,587.9e-3,10,-40,,,eval err
1.09e3,MC150,587.9e-3,10,150,,,eval err
1.091e3,MC40,587.9e-3,11,-40,,,eval err
1.091e3,MC150,587.9e-3,11,150,,,eval err
1.092e3,MC40,587.9e-3,12,-40,,,eval err
1.092e3,MC150,587.9e-3,12,150,,,eval err
1.093e3,MC40,587.9e-3,13,-40,,,eval err
1.093e3,MC150,587.9e-3,13,150,,,eval err
1.094e3,MC40,587.9e-3,14,-40,,,eval err
1.094e3,MC150,587.9e-3,14,150,,,eval err
1.095e3,MC40,587.9e-3,15,-40,,,eval err
1.095e3,MC150,587.9e-3,15,150,,,eval err
1.096e3,MC40,587.9e-3,16,-40,,,eval err
1.096e3,MC150,587.9e-3,16,150,,,eval err
1.097e3,MC40,587.9e-3,17,-40,,,eval err
1.097e3,MC150,587.9e-3,17,150,,,eval err
1.098e3,MC40,587.9e-3,18,-40,,,eval err
1.098e3,MC150,587.9e-3,18,150,,,eval err
1.099e3,MC40,587.9e-3,19,-40,,,eval err
1.099e3,MC150,587.9e-3,19,150,,,eval err
1.1e3,MC40,587.9e-3,20,-40,,,eval err
1.1e3,MC150,587.9e-3,20,150,,,eval err
1.101e3,MC40,587.9e-3,21,-40,,,eval err
1.101e3,MC150,587.9e-3,21,150,,,eval err
1.102e3,MC40,587.9e-3,22,-40,,,eval err
1.102e3,MC150,587.9e-3,22,150,,,eval err
1.103e3,MC40,587.9e-3,23,-40,,,eval err
1.103e3,MC150,587.9e-3,23,150,,,eval err
1.104e3,MC40,587.9e-3,24,-40,,,eval err
1.104e3,MC150,587.9e-3,24,150,,,eval err
1.105e3,MC40,587.9e-3,25,-40,,,eval err
1.105e3,MC150,587.9e-3,25,150,,,eval err
1.106e3,MC40,587.9e-3,26,-40,,,eval err
1.106e3,MC150,587.9e-3,26,150,,,eval err
1.107e3,MC40,587.9e-3,27,-40,,,eval err
1.107e3,MC150,587.9e-3,27,150,,,eval err
1.108e3,MC40,587.9e-3,28,-40,,,eval err
1.108e3,MC150,587.9e-3,28,150,,,eval err
1.109e3,MC40,587.9e-3,29,-40,,,eval err
1.109e3,MC150,587.9e-3,29,150,,,eval err
1.11e3,MC40,587.9e-3,30,-40,,,eval err
1.11e3,MC150,587.9e-3,30,150,,,eval err
1.111e3,MC40,587.9e-3,31,-40,,,eval err
1.111e3,MC150,587.9e-3,31,150,,,eval err
1.112e3,MC40,587.9e-3,32,-40,,,eval err
1.112e3,MC150,587.9e-3,32,150,,,eval err
1.113e3,MC40,587.9e-3,33,-40,,,eval err
1.113e3,MC150,587.9e-3,33,150,,,eval err
1.114e3,MC40,587.9e-3,34,-40,,,eval err
1.114e3,MC150,587.9e-3,34,150,,,eval err
1.115e3,MC40,587.9e-3,35,-40,,,eval err
1.115e3,MC150,587.9e-3,35,150,,,eval err
1.116e3,MC40,587.9e-3,36,-40,,,eval err
1.116e3,MC150,587.9e-3,36,150,,,eval err
1.117e3,MC40,587.9e-3,37,-40,,,eval err
1.117e3,MC150,587.9e-3,37,150,,,eval err
1.118e3,MC40,587.9e-3,38,-40,,,eval err
1.118e3,MC150,587.9e-3,38,150,,,eval err
1.119e3,MC40,587.9e-3,39,-40,,,eval err
1.119e3,MC150,587.9e-3,39,150,,,eval err
1.12e3,MC40,587.9e-3,40,-40,,,eval err
1.12e3,MC150,587.9e-3,40,150,,,eval err
1.121e3,MC40,587.9e-3,41,-40,,,eval err
1.121e3,MC150,587.9e-3,41,150,,,eval err
1.122e3,MC40,587.9e-3,42,-40,,,eval err
1.122e3,MC150,587.9e-3,42,150,,,eval err
1.123e3,MC40,587.9e-3,43,-40,,,eval err
1.123e3,MC150,587.9e-3,43,150,,,eval err
1.124e3,MC40,587.9e-3,44,-40,,,eval err
1.124e3,MC150,587.9e-3,44,150,,,eval err
1.125e3,MC40,587.9e-3,45,-40,,,eval err
1.125e3,MC150,587.9e-3,45,150,,,eval err
1.126e3,MC40,587.9e-3,46,-40,,,eval err
1.126e3,MC150,587.9e-3,46,150,,,eval err
1.127e3,MC40,587.9e-3,47,-40,,,eval err
1.127e3,MC150,587.9e-3,47,150,,,eval err
1.128e3,MC40,587.9e-3,48,-40,,,eval err
1.128e3,MC150,587.9e-3,48,150,,,eval err
1.129e3,MC40,587.9e-3,49,-40,,,eval err
1.129e3,MC150,587.9e-3,49,150,,,eval err
1.13e3,MC40,587.9e-3,50,-40,,,eval err
1.13e3,MC150,587.9e-3,50,150,,,eval err
1.131e3,MC40,587.9e-3,51,-40,,,eval err
1.131e3,MC150,587.9e-3,51,150,,,eval err
1.132e3,MC40,587.9e-3,52,-40,,,eval err
1.132e3,MC150,587.9e-3,52,150,,,eval err
1.133e3,MC40,587.9e-3,53,-40,,,eval err
1.133e3,MC150,587.9e-3,53,150,,,eval err
1.134e3,MC40,587.9e-3,54,-40,,,eval err
1.134e3,MC150,587.9e-3,54,150,,,eval err
1.135e3,MC40,587.9e-3,55,-40,,,eval err
1.135e3,MC150,587.9e-3,55,150,,,eval err
1.136e3,MC40,587.9e-3,56,-40,,,eval err
1.136e3,MC150,587.9e-3,56,150,,,eval err
1.137e3,MC40,587.9e-3,57,-40,,,eval err
1.137e3,MC150,587.9e-3,57,150,,,eval err
1.138e3,MC40,587.9e-3,58,-40,,,eval err
1.138e3,MC150,587.9e-3,58,150,,,eval err
1.139e3,MC40,587.9e-3,59,-40,,,eval err
1.139e3,MC150,587.9e-3,59,150,,,eval err
1.14e3,MC40,587.9e-3,60,-40,,,eval err
1.14e3,MC150,587.9e-3,60,150,,,eval err
1.141e3,MC40,600e-3,1,-40,,,eval err
1.141e3,MC150,600e-3,1,150,,,eval err
1.142e3,MC40,600e-3,2,-40,,,eval err
1.142e3,MC150,600e-3,2,150,,,eval err
1.143e3,MC40,600e-3,3,-40,,,eval err
1.143e3,MC150,600e-3,3,150,,,eval err
1.144e3,MC40,600e-3,4,-40,,,eval err
1.144e3,MC150,600e-3,4,150,,,eval err
1.145e3,MC40,600e-3,5,-40,,,eval err
1.145e3,MC150,600e-3,5,150,,,eval err
1.146e3,MC40,600e-3,6,-40,,,eval err
1.146e3,MC150,600e-3,6,150,,,eval err
1.147e3,MC40,600e-3,7,-40,,,eval err
1.147e3,MC150,600e-3,7,150,,,eval err
1.148e3,MC40,600e-3,8,-40,,,eval err
1.148e3,MC150,600e-3,8,150,,,eval err
1.149e3,MC40,600e-3,9,-40,,,eval err
1.149e3,MC150,600e-3,9,150,,,eval err
1.15e3,MC40,600e-3,10,-40,,,eval err
1.15e3,MC150,600e-3,10,150,,,eval err
1.151e3,MC40,600e-3,11,-40,,,eval err
1.151e3,MC150,600e-3,11,150,,,eval err
1.152e3,MC40,600e-3,12,-40,,,eval err
1.152e3,MC150,600e-3,12,150,,,eval err
1.153e3,MC40,600e-3,13,-40,,,eval err
1.153e3,MC150,600e-3,13,150,,,eval err
1.154e3,MC40,600e-3,14,-40,,,eval err
1.154e3,MC150,600e-3,14,150,,,eval err
1.155e3,MC40,600e-3,15,-40,,,eval err
1.155e3,MC150,600e-3,15,150,,,eval err
1.156e3,MC40,600e-3,16,-40,,,eval err
1.156e3,MC150,600e-3,16,150,,,eval err
1.157e3,MC40,600e-3,17,-40,,,eval err
1.157e3,MC150,600e-3,17,150,,,eval err
1.158e3,MC40,600e-3,18,-40,,,eval err
1.158e3,MC150,600e-3,18,150,,,eval err
1.159e3,MC40,600e-3,19,-40,,,eval err
1.159e3,MC150,600e-3,19,150,,,eval err
1.16e3,MC40,600e-3,20,-40,,,eval err
1.16e3,MC150,600e-3,20,150,,,eval err
1.161e3,MC40,600e-3,21,-40,,,eval err
1.161e3,MC150,600e-3,21,150,,,eval err
1.162e3,MC40,600e-3,22,-40,,,eval err
1.162e3,MC150,600e-3,22,150,,,eval err
1.163e3,MC40,600e-3,23,-40,,,eval err
1.163e3,MC150,600e-3,23,150,,,eval err
1.164e3,MC40,600e-3,24,-40,,,eval err
1.164e3,MC150,600e-3,24,150,,,eval err
1.165e3,MC40,600e-3,25,-40,,,eval err
1.165e3,MC150,600e-3,25,150,,,eval err
1.166e3,MC40,600e-3,26,-40,,,eval err
1.166e3,MC150,600e-3,26,150,,,eval err
1.167e3,MC40,600e-3,27,-40,,,eval err
1.167e3,MC150,600e-3,27,150,,,eval err
1.168e3,MC40,600e-3,28,-40,,,eval err
1.168e3,MC150,600e-3,28,150,,,eval err
1.169e3,MC40,600e-3,29,-40,,,eval err
1.169e3,MC150,600e-3,29,150,,,eval err
1.17e3,MC40,600e-3,30,-40,,,eval err
1.17e3,MC150,600e-3,30,150,,,eval err
1.171e3,MC40,600e-3,31,-40,,,eval err
1.171e3,MC150,600e-3,31,150,,,eval err
1.172e3,MC40,600e-3,32,-40,,,eval err
1.172e3,MC150,600e-3,32,150,,,eval err
1.173e3,MC40,600e-3,33,-40,,,eval err
1.173e3,MC150,600e-3,33,150,,,eval err
1.174e3,MC40,600e-3,34,-40,,,eval err
1.174e3,MC150,600e-3,34,150,,,eval err
1.175e3,MC40,600e-3,35,-40,,,eval err
1.175e3,MC150,600e-3,35,150,,,eval err
1.176e3,MC40,600e-3,36,-40,,,eval err
1.176e3,MC150,600e-3,36,150,,,eval err
1.177e3,MC40,600e-3,37,-40,,,eval err
1.177e3,MC150,600e-3,37,150,,,eval err
1.178e3,MC40,600e-3,38,-40,,,eval err
1.178e3,MC150,600e-3,38,150,,,eval err
1.179e3,MC40,600e-3,39,-40,,,eval err
1.179e3,MC150,600e-3,39,150,,,eval err
1.18e3,MC40,600e-3,40,-40,,,eval err
1.18e3,MC150,600e-3,40,150,,,eval err
1.181e3,MC40,600e-3,41,-40,,,eval err
1.181e3,MC150,600e-3,41,150,,,eval err
1.182e3,MC40,600e-3,42,-40,,,eval err
1.182e3,MC150,600e-3,42,150,,,eval err
1.183e3,MC40,600e-3,43,-40,,,eval err
1.183e3,MC150,600e-3,43,150,,,eval err
1.184e3,MC40,600e-3,44,-40,,,eval err
1.184e3,MC150,600e-3,44,150,,,eval err
1.185e3,MC40,600e-3,45,-40,,,eval err
1.185e3,MC150,600e-3,45,150,,,eval err
1.186e3,MC40,600e-3,46,-40,,,eval err
1.186e3,MC150,600e-3,46,150,,,eval err
1.187e3,MC40,600e-3,47,-40,,,eval err
1.187e3,MC150,600e-3,47,150,,,eval err
1.188e3,MC40,600e-3,48,-40,,,eval err
1.188e3,MC150,600e-3,48,150,,,eval err
1.189e3,MC40,600e-3,49,-40,,,eval err
1.189e3,MC150,600e-3,49,150,,,eval err
1.19e3,MC40,600e-3,50,-40,,,eval err
1.19e3,MC150,600e-3,50,150,,,eval err
1.191e3,MC40,600e-3,51,-40,,,eval err
1.191e3,MC150,600e-3,51,150,,,eval err
1.192e3,MC40,600e-3,52,-40,,,eval err
1.192e3,MC150,600e-3,52,150,,,eval err
1.193e3,MC40,600e-3,53,-40,,,eval err
1.193e3,MC150,600e-3,53,150,,,eval err
1.194e3,MC40,600e-3,54,-40,,,eval err
1.194e3,MC150,600e-3,54,150,,,eval err
1.195e3,MC40,600e-3,55,-40,,,eval err
1.195e3,MC150,600e-3,55,150,,,eval err
1.196e3,MC40,600e-3,56,-40,,,eval err
1.196e3,MC150,600e-3,56,150,,,eval err
1.197e3,MC40,600e-3,57,-40,,,eval err
1.197e3,MC150,600e-3,57,150,,,eval err
1.198e3,MC40,600e-3,58,-40,,,eval err
1.198e3,MC150,600e-3,58,150,,,eval err
1.199e3,MC40,600e-3,59,-40,,,eval err
1.199e3,MC150,600e-3,59,150,,,eval err
1.2e3,MC40,600e-3,60,-40,,,eval err
1.2e3,MC150,600e-3,60,150,,,eval err

