Point,Corner,Vin,mc_iteration,temperature,Pass/Fail,Delay
1,C0,604e-3,1,-40,,1.169e-9
1,C1,604e-3,1,150,,1.267e-9
2,C0,604e-3,2,-40,,1.235e-9
2,C1,604e-3,2,150,,1.301e-9
3,C0,604e-3,3,-40,,1.325e-9
3,C1,604e-3,3,150,,1.451e-9
4,C0,604e-3,4,-40,,1.224e-9
4,C1,604e-3,4,150,,1.276e-9
5,C0,604e-3,5,-40,,1.306e-9
5,C1,604e-3,5,150,,1.427e-9
6,C0,604e-3,6,-40,,1.228e-9
6,C1,604e-3,6,150,,1.305e-9
7,C0,604e-3,7,-40,,1.16e-9
7,C1,604e-3,7,150,,1.134e-9
8,C0,604e-3,8,-40,,1.223e-9
8,C1,604e-3,8,150,,1.261e-9
9,C0,604e-3,9,-40,,1.287e-9
9,C1,604e-3,9,150,,1.4e-9
10,C0,604e-3,10,-40,,1.273e-9
10,C1,604e-3,10,150,,1.372e-9
11,C0,604e-3,11,-40,,1.334e-9
11,C1,604e-3,11,150,,1.449e-9
12,C0,604e-3,12,-40,,1.273e-9
12,C1,604e-3,12,150,,1.349e-9
13,C0,604e-3,13,-40,,1.109e-9
13,C1,604e-3,13,150,,1.221e-9
14,C0,604e-3,14,-40,,1.24e-9
14,C1,604e-3,14,150,,1.296e-9
15,C0,604e-3,15,-40,,1.289e-9
15,C1,604e-3,15,150,,1.417e-9
16,C0,604e-3,16,-40,,1.148e-9
16,C1,604e-3,16,150,,1.223e-9
17,C0,604e-3,17,-40,,1.286e-9
17,C1,604e-3,17,150,,1.383e-9
18,C0,604e-3,18,-40,,1.307e-9
18,C1,604e-3,18,150,,1.399e-9
19,C0,604e-3,19,-40,,1.247e-9
19,C1,604e-3,19,150,,1.332e-9
20,C0,604e-3,20,-40,,1.282e-9
20,C1,604e-3,20,150,,1.37e-9
21,C0,604e-3,21,-40,,1.221e-9
21,C1,604e-3,21,150,,1.284e-9
22,C0,604e-3,22,-40,,1.367e-9
22,C1,604e-3,22,150,,1.528e-9
23,C0,604e-3,23,-40,,1.272e-9
23,C1,604e-3,23,150,,1.354e-9
24,C0,604e-3,24,-40,,1.276e-9
24,C1,604e-3,24,150,,1.414e-9
25,C0,604e-3,25,-40,,1.203e-9
25,C1,604e-3,25,150,,1.261e-9
26,C0,604e-3,26,-40,,1.324e-9
26,C1,604e-3,26,150,,1.464e-9
27,C0,604e-3,27,-40,,1.256e-9
27,C1,604e-3,27,150,,1.331e-9
28,C0,604e-3,28,-40,,1.156e-9
28,C1,604e-3,28,150,,1.201e-9
29,C0,604e-3,29,-40,,1.269e-9
29,C1,604e-3,29,150,,1.361e-9
30,C0,604e-3,30,-40,,1.278e-9
30,C1,604e-3,30,150,,1.362e-9
31,C0,604e-3,31,-40,,1.232e-9
31,C1,604e-3,31,150,,1.311e-9
32,C0,604e-3,32,-40,,1.339e-9
32,C1,604e-3,32,150,,1.443e-9
33,C0,604e-3,33,-40,,1.234e-9
33,C1,604e-3,33,150,,1.351e-9
34,C0,604e-3,34,-40,,1.177e-9
34,C1,604e-3,34,150,,1.249e-9
35,C0,604e-3,35,-40,,1.267e-9
35,C1,604e-3,35,150,,1.339e-9
36,C0,604e-3,36,-40,,1.369e-9
36,C1,604e-3,36,150,,1.507e-9
37,C0,604e-3,37,-40,,1.257e-9
37,C1,604e-3,37,150,,1.311e-9
38,C0,604e-3,38,-40,,1.299e-9
38,C1,604e-3,38,150,,1.393e-9
39,C0,604e-3,39,-40,,1.184e-9
39,C1,604e-3,39,150,,1.247e-9
40,C0,604e-3,40,-40,,1.325e-9
40,C1,604e-3,40,150,,1.444e-9
41,C0,604e-3,41,-40,,1.214e-9
41,C1,604e-3,41,150,,1.325e-9
42,C0,604e-3,42,-40,,1.271e-9
42,C1,604e-3,42,150,,1.36e-9
43,C0,604e-3,43,-40,,1.164e-9
43,C1,604e-3,43,150,,1.193e-9
44,C0,604e-3,44,-40,,1.301e-9
44,C1,604e-3,44,150,,1.398e-9
45,C0,604e-3,45,-40,,1.239e-9
45,C1,604e-3,45,150,,1.341e-9
46,C0,604e-3,46,-40,,1.151e-9
46,C1,604e-3,46,150,,1.199e-9
47,C0,604e-3,47,-40,,1.267e-9
47,C1,604e-3,47,150,,1.326e-9
48,C0,604e-3,48,-40,,1.22e-9
48,C1,604e-3,48,150,,1.335e-9
49,C0,604e-3,49,-40,,1.301e-9
49,C1,604e-3,49,150,,1.417e-9
50,C0,604e-3,50,-40,,1.286e-9
50,C1,604e-3,50,150,,1.384e-9
51,C0,604e-3,51,-40,,1.217e-9
51,C1,604e-3,51,150,,1.28e-9
52,C0,604e-3,52,-40,,1.251e-9
52,C1,604e-3,52,150,,1.356e-9
53,C0,604e-3,53,-40,,1.067e-9
53,C1,604e-3,53,150,,eval err
54,C0,604e-3,54,-40,,1.22e-9
54,C1,604e-3,54,150,,1.28e-9
55,C0,604e-3,55,-40,,1.285e-9
55,C1,604e-3,55,150,,1.394e-9
56,C0,604e-3,56,-40,,1.222e-9
56,C1,604e-3,56,150,,1.335e-9
57,C0,604e-3,57,-40,,1.342e-9
57,C1,604e-3,57,150,,1.459e-9
58,C0,604e-3,58,-40,,1.228e-9
58,C1,604e-3,58,150,,1.289e-9
59,C0,604e-3,59,-40,,1.295e-9
59,C1,604e-3,59,150,,1.396e-9
60,C0,604e-3,60,-40,,1.183e-9
60,C1,604e-3,60,150,,1.313e-9
61,C0,604e-3,61,-40,,1.302e-9
61,C1,604e-3,61,150,,1.409e-9
62,C0,604e-3,62,-40,,1.257e-9
62,C1,604e-3,62,150,,1.359e-9
63,C0,604e-3,63,-40,,1.111e-9
63,C1,604e-3,63,150,,eval err
64,C0,604e-3,64,-40,,1.349e-9
64,C1,604e-3,64,150,,1.48e-9
65,C0,604e-3,65,-40,,1.25e-9
65,C1,604e-3,65,150,,1.343e-9
66,C0,604e-3,66,-40,,1.266e-9
66,C1,604e-3,66,150,,1.388e-9
67,C0,604e-3,67,-40,,1.243e-9
67,C1,604e-3,67,150,,1.308e-9
68,C0,604e-3,68,-40,,1.281e-9
68,C1,604e-3,68,150,,1.415e-9
69,C0,604e-3,69,-40,,1.252e-9
69,C1,604e-3,69,150,,1.328e-9
70,C0,604e-3,70,-40,,1.178e-9
70,C1,604e-3,70,150,,1.145e-9
71,C0,610e-3,1,-40,,1.617e-9
71,C1,610e-3,1,150,,1.726e-9
72,C0,610e-3,2,-40,,1.57e-9
72,C1,610e-3,2,150,,1.681e-9
73,C0,610e-3,3,-40,,1.627e-9
73,C1,610e-3,3,150,,1.764e-9
74,C0,610e-3,4,-40,,1.599e-9
74,C1,610e-3,4,150,,1.707e-9
75,C0,610e-3,5,-40,,1.647e-9
75,C1,610e-3,5,150,,1.78e-9
76,C0,610e-3,6,-40,,1.574e-9
76,C1,610e-3,6,150,,1.704e-9
77,C0,610e-3,7,-40,,1.601e-9
77,C1,610e-3,7,150,,1.688e-9
78,C0,610e-3,8,-40,,1.639e-9
78,C1,610e-3,8,150,,1.744e-9
79,C0,610e-3,9,-40,,1.611e-9
79,C1,610e-3,9,150,,1.741e-9
80,C0,610e-3,10,-40,,1.634e-9
80,C1,610e-3,10,150,,1.745e-9
81,C0,610e-3,11,-40,,1.603e-9
81,C1,610e-3,11,150,,1.746e-9
82,C0,610e-3,12,-40,,1.623e-9
82,C1,610e-3,12,150,,1.75e-9
83,C0,610e-3,13,-40,,1.583e-9
83,C1,610e-3,13,150,,1.692e-9
84,C0,610e-3,14,-40,,1.607e-9
84,C1,610e-3,14,150,,1.718e-9
85,C0,610e-3,15,-40,,1.592e-9
85,C1,610e-3,15,150,,1.729e-9
86,C0,610e-3,16,-40,,1.574e-9
86,C1,610e-3,16,150,,1.682e-9
87,C0,610e-3,17,-40,,1.626e-9
87,C1,610e-3,17,150,,1.748e-9
88,C0,610e-3,18,-40,,1.603e-9
88,C1,610e-3,18,150,,1.744e-9
89,C0,610e-3,19,-40,,1.639e-9
89,C1,610e-3,19,150,,1.755e-9
90,C0,610e-3,20,-40,,1.577e-9
90,C1,610e-3,20,150,,1.695e-9
91,C0,610e-3,21,-40,,1.606e-9
91,C1,610e-3,21,150,,1.714e-9
92,C0,610e-3,22,-40,,1.626e-9
92,C1,610e-3,22,150,,1.801e-9
93,C0,610e-3,23,-40,,1.631e-9
93,C1,610e-3,23,150,,1.748e-9
94,C0,610e-3,24,-40,,1.628e-9
94,C1,610e-3,24,150,,1.756e-9
95,C0,610e-3,25,-40,,1.578e-9
95,C1,610e-3,25,150,,1.681e-9
96,C0,610e-3,26,-40,,1.642e-9
96,C1,610e-3,26,150,,1.8e-9
97,C0,610e-3,27,-40,,1.602e-9
97,C1,610e-3,27,150,,1.714e-9
98,C0,610e-3,28,-40,,1.611e-9
98,C1,610e-3,28,150,,1.707e-9
99,C0,610e-3,29,-40,,1.6e-9
99,C1,610e-3,29,150,,1.716e-9
100,C0,610e-3,30,-40,,1.553e-9
100,C1,610e-3,30,150,,1.684e-9
101,C0,610e-3,31,-40,,1.609e-9
101,C1,610e-3,31,150,,1.72e-9
102,C0,610e-3,32,-40,,1.667e-9
102,C1,610e-3,32,150,,1.803e-9
103,C0,610e-3,33,-40,,1.618e-9
103,C1,610e-3,33,150,,1.73e-9
104,C0,610e-3,34,-40,,1.622e-9
104,C1,610e-3,34,150,,1.72e-9
105,C0,610e-3,35,-40,,1.591e-9
105,C1,610e-3,35,150,,1.712e-9
106,C0,610e-3,36,-40,,1.657e-9
106,C1,610e-3,36,150,,1.809e-9
107,C0,610e-3,37,-40,,1.592e-9
107,C1,610e-3,37,150,,1.705e-9
108,C0,610e-3,38,-40,,1.621e-9
108,C1,610e-3,38,150,,1.747e-9
109,C0,610e-3,39,-40,,1.569e-9
109,C1,610e-3,39,150,,1.682e-9
110,C0,610e-3,40,-40,,1.612e-9
110,C1,610e-3,40,150,,1.75e-9
111,C0,610e-3,41,-40,,1.612e-9
111,C1,610e-3,41,150,,1.741e-9
112,C0,610e-3,42,-40,,1.578e-9
112,C1,610e-3,42,150,,1.701e-9
113,C0,610e-3,43,-40,,1.589e-9
113,C1,610e-3,43,150,,1.7e-9
114,C0,610e-3,44,-40,,1.608e-9
114,C1,610e-3,44,150,,1.739e-9
115,C0,610e-3,45,-40,,1.646e-9
115,C1,610e-3,45,150,,1.757e-9
116,C0,610e-3,46,-40,,1.585e-9
116,C1,610e-3,46,150,,1.676e-9
117,C0,610e-3,47,-40,,1.613e-9
117,C1,610e-3,47,150,,1.732e-9
118,C0,610e-3,48,-40,,1.61e-9
118,C1,610e-3,48,150,,1.734e-9
119,C0,610e-3,49,-40,,1.594e-9
119,C1,610e-3,49,150,,1.738e-9
120,C0,610e-3,50,-40,,1.637e-9
120,C1,610e-3,50,150,,1.764e-9
121,C0,610e-3,51,-40,,1.605e-9
121,C1,610e-3,51,150,,1.702e-9
122,C0,610e-3,52,-40,,1.624e-9
122,C1,610e-3,52,150,,1.748e-9
123,C0,610e-3,53,-40,,1.574e-9
123,C1,610e-3,53,150,,1.656e-9
124,C0,610e-3,54,-40,,1.561e-9
124,C1,610e-3,54,150,,1.663e-9
125,C0,610e-3,55,-40,,1.613e-9
125,C1,610e-3,55,150,,1.75e-9
126,C0,610e-3,56,-40,,1.585e-9
126,C1,610e-3,56,150,,1.711e-9
127,C0,610e-3,57,-40,,1.631e-9
127,C1,610e-3,57,150,,1.78e-9
128,C0,610e-3,58,-40,,1.607e-9
128,C1,610e-3,58,150,,1.708e-9
129,C0,610e-3,59,-40,,1.648e-9
129,C1,610e-3,59,150,,1.778e-9
130,C0,610e-3,60,-40,,1.568e-9
130,C1,610e-3,60,150,,1.69e-9
131,C0,610e-3,61,-40,,1.617e-9
131,C1,610e-3,61,150,,1.755e-9
132,C0,610e-3,62,-40,,1.6e-9
132,C1,610e-3,62,150,,1.725e-9
133,C0,610e-3,63,-40,,1.596e-9
133,C1,610e-3,63,150,,1.692e-9
134,C0,610e-3,64,-40,,1.612e-9
134,C1,610e-3,64,150,,1.757e-9
135,C0,610e-3,65,-40,,1.62e-9
135,C1,610e-3,65,150,,1.743e-9
136,C0,610e-3,66,-40,,1.602e-9
136,C1,610e-3,66,150,,1.744e-9
137,C0,610e-3,67,-40,,1.653e-9
137,C1,610e-3,67,150,,1.758e-9
138,C0,610e-3,68,-40,,1.586e-9
138,C1,610e-3,68,150,,1.735e-9
139,C0,610e-3,69,-40,,1.616e-9
139,C1,610e-3,69,150,,1.724e-9
140,C0,610e-3,70,-40,,1.581e-9
140,C1,610e-3,70,150,,1.677e-9
141,C0,615e-3,1,-40,,1.826e-9
141,C1,615e-3,1,150,,1.936e-9
142,C0,615e-3,2,-40,,1.751e-9
142,C1,615e-3,2,150,,1.866e-9
143,C0,615e-3,3,-40,,1.817e-9
143,C1,615e-3,3,150,,1.957e-9
144,C0,615e-3,4,-40,,1.793e-9
144,C1,615e-3,4,150,,1.905e-9
145,C0,615e-3,5,-40,,1.848e-9
145,C1,615e-3,5,150,,1.983e-9
146,C0,615e-3,6,-40,,1.755e-9
146,C1,615e-3,6,150,,1.89e-9
147,C0,615e-3,7,-40,,1.812e-9
147,C1,615e-3,7,150,,1.904e-9
148,C0,615e-3,8,-40,,1.85e-9
148,C1,615e-3,8,150,,1.96e-9
149,C0,615e-3,9,-40,,1.805e-9
149,C1,615e-3,9,150,,1.935e-9
150,C0,615e-3,10,-40,,1.839e-9
150,C1,615e-3,10,150,,1.952e-9
151,C0,615e-3,11,-40,,1.781e-9
151,C1,615e-3,11,150,,1.929e-9
152,C0,615e-3,12,-40,,1.82e-9
152,C1,615e-3,12,150,,1.951e-9
153,C0,615e-3,13,-40,,1.788e-9
153,C1,615e-3,13,150,,1.897e-9
154,C0,615e-3,14,-40,,1.804e-9
154,C1,615e-3,14,150,,1.919e-9
155,C0,615e-3,15,-40,,1.773e-9
155,C1,615e-3,15,150,,1.911e-9
156,C0,615e-3,16,-40,,1.771e-9
156,C1,615e-3,16,150,,1.879e-9
157,C0,615e-3,17,-40,,1.825e-9
157,C1,615e-3,17,150,,1.949e-9
158,C0,615e-3,18,-40,,1.786e-9
158,C1,615e-3,18,150,,1.931e-9
159,C0,615e-3,19,-40,,1.848e-9
159,C1,615e-3,19,150,,1.966e-9
160,C0,615e-3,20,-40,,1.759e-9
160,C1,615e-3,20,150,,1.884e-9
161,C0,615e-3,21,-40,,1.806e-9
161,C1,615e-3,21,150,,1.916e-9
162,C0,615e-3,22,-40,,1.798e-9
162,C1,615e-3,22,150,,1.976e-9
163,C0,615e-3,23,-40,,1.834e-9
163,C1,615e-3,23,150,,1.953e-9
164,C0,615e-3,24,-40,,1.829e-9
164,C1,615e-3,24,150,,1.957e-9
165,C0,615e-3,25,-40,,1.77e-9
165,C1,615e-3,25,150,,1.878e-9
166,C0,615e-3,26,-40,,1.833e-9
166,C1,615e-3,26,150,,1.993e-9
167,C0,615e-3,27,-40,,1.796e-9
167,C1,615e-3,27,150,,1.912e-9
168,C0,615e-3,28,-40,,1.82e-9
168,C1,615e-3,28,150,,1.92e-9
169,C0,615e-3,29,-40,,1.791e-9
169,C1,615e-3,29,150,,1.91e-9
170,C0,615e-3,30,-40,,1.72e-9
170,C1,615e-3,30,150,,1.856e-9
171,C0,615e-3,31,-40,,1.808e-9
171,C1,615e-3,31,150,,1.92e-9
172,C0,615e-3,32,-40,,1.872e-9
172,C1,615e-3,32,150,,2.011e-9
173,C0,615e-3,33,-40,,1.821e-9
173,C1,615e-3,33,150,,1.932e-9
174,C0,615e-3,34,-40,,1.832e-9
174,C1,615e-3,34,150,,1.931e-9
175,C0,615e-3,35,-40,,1.775e-9
175,C1,615e-3,35,150,,1.901e-9
176,C0,615e-3,36,-40,,1.851e-9
176,C1,615e-3,36,150,,2.003e-9
177,C0,615e-3,37,-40,,1.782e-9
177,C1,615e-3,37,150,,1.901e-9
178,C0,615e-3,38,-40,,1.814e-9
178,C1,615e-3,38,150,,1.944e-9
179,C0,615e-3,39,-40,,1.755e-9
179,C1,615e-3,39,150,,1.872e-9
180,C0,615e-3,40,-40,,1.797e-9
180,C1,615e-3,40,150,,1.937e-9
181,C0,615e-3,41,-40,,1.813e-9
181,C1,615e-3,41,150,,1.944e-9
182,C0,615e-3,42,-40,,1.757e-9
182,C1,615e-3,42,150,,1.883e-9
183,C0,615e-3,43,-40,,1.787e-9
183,C1,615e-3,43,150,,1.902e-9
184,C0,615e-3,44,-40,,1.796e-9
184,C1,615e-3,44,150,,1.93e-9
185,C0,615e-3,45,-40,,1.86e-9
185,C1,615e-3,45,150,,1.97e-9
186,C0,615e-3,46,-40,,1.786e-9
186,C1,615e-3,46,150,,1.879e-9
187,C0,615e-3,47,-40,,1.808e-9
187,C1,615e-3,47,150,,1.931e-9
188,C0,615e-3,48,-40,,1.812e-9
188,C1,615e-3,48,150,,1.935e-9
189,C0,615e-3,49,-40,,1.769e-9
189,C1,615e-3,49,150,,1.918e-9
190,C0,615e-3,50,-40,,1.837e-9
190,C1,615e-3,50,150,,1.967e-9
191,C0,615e-3,51,-40,,1.811e-9
191,C1,615e-3,51,150,,1.909e-9
192,C0,615e-3,52,-40,,1.824e-9
192,C1,615e-3,52,150,,1.95e-9
193,C0,615e-3,53,-40,,1.777e-9
193,C1,615e-3,53,150,,1.863e-9
194,C0,615e-3,54,-40,,1.747e-9
194,C1,615e-3,54,150,,1.854e-9
195,C0,615e-3,55,-40,,1.801e-9
195,C1,615e-3,55,150,,1.941e-9
196,C0,615e-3,56,-40,,1.777e-9
196,C1,615e-3,56,150,,1.903e-9
197,C0,615e-3,57,-40,,1.817e-9
197,C1,615e-3,57,150,,1.969e-9
198,C0,615e-3,58,-40,,1.812e-9
198,C1,615e-3,58,150,,1.913e-9
199,C0,615e-3,59,-40,,1.85e-9
199,C1,615e-3,59,150,,1.985e-9
200,C0,615e-3,60,-40,,1.759e-9
200,C1,615e-3,60,150,,1.88e-9
201,C0,615e-3,61,-40,,1.806e-9
201,C1,615e-3,61,150,,1.947e-9
202,C0,615e-3,62,-40,,1.789e-9
202,C1,615e-3,62,150,,1.917e-9
203,C0,615e-3,63,-40,,1.8e-9
203,C1,615e-3,63,150,,1.903e-9
204,C0,615e-3,64,-40,,1.792e-9
204,C1,615e-3,64,150,,1.941e-9
205,C0,615e-3,65,-40,,1.818e-9
205,C1,615e-3,65,150,,1.944e-9
206,C0,615e-3,66,-40,,1.79e-9
206,C1,615e-3,66,150,,1.934e-9
207,C0,615e-3,67,-40,,1.869e-9
207,C1,615e-3,67,150,,1.976e-9
208,C0,615e-3,68,-40,,1.763e-9
208,C1,615e-3,68,150,,1.914e-9
209,C0,615e-3,69,-40,,1.817e-9
209,C1,615e-3,69,150,,1.929e-9
210,C0,615e-3,70,-40,,1.775e-9
210,C1,615e-3,70,150,,1.878e-9
211,C0,880e-3,1,-40,,eval err
211,C1,880e-3,1,150,,eval err
212,C0,880e-3,2,-40,,9.321e-9
212,C1,880e-3,2,150,,9.319e-9
213,C0,880e-3,3,-40,,10.1e-9
213,C1,880e-3,3,150,,10.13e-9
214,C0,880e-3,4,-40,,9.987e-9
214,C1,880e-3,4,150,,9.963e-9
215,C0,880e-3,5,-40,,eval err
215,C1,880e-3,5,150,,eval err
216,C0,880e-3,6,-40,,9.651e-9
216,C1,880e-3,6,150,,9.647e-9
217,C0,880e-3,7,-40,,10.27e-9
217,C1,880e-3,7,150,,10.22e-9
218,C0,880e-3,8,-40,,eval err
218,C1,880e-3,8,150,,eval err
219,C0,880e-3,9,-40,,10.04e-9
219,C1,880e-3,9,150,,10.06e-9
220,C0,880e-3,10,-40,,eval err
220,C1,880e-3,10,150,,10.34e-9
221,C0,880e-3,11,-40,,9.721e-9
221,C1,880e-3,11,150,,9.764e-9
222,C0,880e-3,12,-40,,eval err
222,C1,880e-3,12,150,,eval err
223,C0,880e-3,13,-40,,9.938e-9
223,C1,880e-3,13,150,,9.909e-9
224,C0,880e-3,14,-40,,10.18e-9
224,C1,880e-3,14,150,,10.16e-9
225,C0,880e-3,15,-40,,9.522e-9
225,C1,880e-3,15,150,,9.552e-9
226,C0,880e-3,16,-40,,9.728e-9
226,C1,880e-3,16,150,,9.702e-9
227,C0,880e-3,17,-40,,10.29e-9
227,C1,880e-3,17,150,,10.29e-9
228,C0,880e-3,18,-40,,9.988e-9
228,C1,880e-3,18,150,,10.01e-9
229,C0,880e-3,19,-40,,eval err
229,C1,880e-3,19,150,,eval err
230,C0,880e-3,20,-40,,9.412e-9
230,C1,880e-3,20,150,,9.439e-9
231,C0,880e-3,21,-40,,10.16e-9
231,C1,880e-3,21,150,,10.13e-9
232,C0,880e-3,22,-40,,9.855e-9
232,C1,880e-3,22,150,,9.933e-9
233,C0,880e-3,23,-40,,eval err
233,C1,880e-3,23,150,,eval err
234,C0,880e-3,24,-40,,10.22e-9
234,C1,880e-3,24,150,,10.23e-9
235,C0,880e-3,25,-40,,9.611e-9
235,C1,880e-3,25,150,,9.592e-9
236,C0,880e-3,26,-40,,eval err
236,C1,880e-3,26,150,,eval err
237,C0,880e-3,27,-40,,9.941e-9
237,C1,880e-3,27,150,,9.934e-9
238,C0,880e-3,28,-40,,eval err
238,C1,880e-3,28,150,,10.38e-9
239,C0,880e-3,29,-40,,9.797e-9
239,C1,880e-3,29,150,,9.798e-9
240,C0,880e-3,30,-40,,9e-9
240,C1,880e-3,30,150,,9.027e-9
241,C0,880e-3,31,-40,,10.1e-9
241,C1,880e-3,31,150,,10.07e-9
242,C0,880e-3,32,-40,,eval err
242,C1,880e-3,32,150,,eval err
243,C0,880e-3,33,-40,,10.09e-9
243,C1,880e-3,33,150,,10.08e-9
244,C0,880e-3,34,-40,,eval err
244,C1,880e-3,34,150,,10.36e-9
245,C0,880e-3,35,-40,,9.763e-9
245,C1,880e-3,35,150,,9.764e-9
246,C0,880e-3,36,-40,,eval err
246,C1,880e-3,36,150,,eval err
247,C0,880e-3,37,-40,,9.906e-9
247,C1,880e-3,37,150,,9.902e-9
248,C0,880e-3,38,-40,,10.19e-9
248,C1,880e-3,38,150,,10.19e-9
249,C0,880e-3,39,-40,,9.576e-9
249,C1,880e-3,39,150,,9.551e-9
250,C0,880e-3,40,-40,,9.839e-9
250,C1,880e-3,40,150,,9.873e-9
251,C0,880e-3,41,-40,,eval err
251,C1,880e-3,41,150,,eval err
252,C0,880e-3,42,-40,,9.38e-9
252,C1,880e-3,42,150,,9.394e-9
253,C0,880e-3,43,-40,,10.14e-9
253,C1,880e-3,43,150,,10.1e-9
254,C0,880e-3,44,-40,,9.981e-9
254,C1,880e-3,44,150,,9.994e-9
255,C0,880e-3,45,-40,,eval err
255,C1,880e-3,45,150,,eval err
256,C0,880e-3,46,-40,,9.722e-9
256,C1,880e-3,46,150,,9.683e-9
257,C0,880e-3,47,-40,,10.26e-9
257,C1,880e-3,47,150,,10.25e-9
258,C0,880e-3,48,-40,,10.24e-9
258,C1,880e-3,48,150,,10.23e-9
259,C0,880e-3,49,-40,,9.614e-9
259,C1,880e-3,49,150,,9.643e-9
260,C0,880e-3,50,-40,,eval err
260,C1,880e-3,50,150,,eval err
261,C0,880e-3,51,-40,,9.98e-9
261,C1,880e-3,51,150,,9.967e-9
262,C0,880e-3,52,-40,,eval err
262,C1,880e-3,52,150,,eval err
263,C0,880e-3,53,-40,,9.849e-9
263,C1,880e-3,53,150,,9.774e-9
264,C0,880e-3,54,-40,,9.218e-9
264,C1,880e-3,54,150,,9.219e-9
265,C0,880e-3,55,-40,,10.09e-9
265,C1,880e-3,55,150,,10.1e-9
266,C0,880e-3,56,-40,,9.738e-9
266,C1,880e-3,56,150,,9.736e-9
267,C0,880e-3,57,-40,,10.3e-9
267,C1,880e-3,57,150,,10.35e-9
268,C0,880e-3,58,-40,,10.05e-9
268,C1,880e-3,58,150,,10.02e-9
269,C0,880e-3,59,-40,,eval err
269,C1,880e-3,59,150,,eval err
270,C0,880e-3,60,-40,,9.505e-9
270,C1,880e-3,60,150,,9.507e-9
271,C0,880e-3,61,-40,,10.15e-9
271,C1,880e-3,61,150,,10.17e-9
272,C0,880e-3,62,-40,,9.898e-9
272,C1,880e-3,62,150,,9.891e-9
273,C0,880e-3,63,-40,,eval err
273,C1,880e-3,63,150,,eval err
274,C0,880e-3,64,-40,,9.726e-9
274,C1,880e-3,64,150,,9.776e-9
275,C0,880e-3,65,-40,,eval err
275,C1,880e-3,65,150,,10.36e-9
276,C0,880e-3,66,-40,,10.05e-9
276,C1,880e-3,66,150,,10.06e-9
277,C0,880e-3,67,-40,,eval err
277,C1,880e-3,67,150,,eval err
278,C0,880e-3,68,-40,,9.536e-9
278,C1,880e-3,68,150,,9.571e-9
279,C0,880e-3,69,-40,,10.19e-9
279,C1,880e-3,69,150,,10.18e-9
280,C0,880e-3,70,-40,,9.92e-9
280,C1,880e-3,70,150,,9.873e-9
281,C0,885e-3,1,-40,,eval err
281,C1,885e-3,1,150,,eval err
282,C0,885e-3,2,-40,,9.467e-9
282,C1,885e-3,2,150,,9.457e-9
283,C0,885e-3,3,-40,,10.26e-9
283,C1,885e-3,3,150,,10.29e-9
284,C0,885e-3,4,-40,,10.15e-9
284,C1,885e-3,4,150,,10.12e-9
285,C0,885e-3,5,-40,,eval err
285,C1,885e-3,5,150,,eval err
286,C0,885e-3,6,-40,,9.802e-9
286,C1,885e-3,6,150,,9.8e-9
287,C0,885e-3,7,-40,,eval err
287,C1,885e-3,7,150,,eval err
288,C0,885e-3,8,-40,,eval err
288,C1,885e-3,8,150,,eval err
289,C0,885e-3,9,-40,,10.2e-9
289,C1,885e-3,9,150,,10.21e-9
290,C0,885e-3,10,-40,,eval err
290,C1,885e-3,10,150,,eval err
291,C0,885e-3,11,-40,,9.874e-9
291,C1,885e-3,11,150,,9.918e-9
292,C0,885e-3,12,-40,,eval err
292,C1,885e-3,12,150,,eval err
293,C0,885e-3,13,-40,,10.1e-9
293,C1,885e-3,13,150,,10.06e-9
294,C0,885e-3,14,-40,,eval err
294,C1,885e-3,14,150,,10.33e-9
295,C0,885e-3,15,-40,,9.676e-9
295,C1,885e-3,15,150,,9.701e-9
296,C0,885e-3,16,-40,,9.881e-9
296,C1,885e-3,16,150,,9.855e-9
297,C0,885e-3,17,-40,,eval err
297,C1,885e-3,17,150,,eval err
298,C0,885e-3,18,-40,,10.15e-9
298,C1,885e-3,18,150,,10.17e-9
299,C0,885e-3,19,-40,,eval err
299,C1,885e-3,19,150,,eval err
300,C0,885e-3,20,-40,,9.567e-9
300,C1,885e-3,20,150,,9.588e-9
301,C0,885e-3,21,-40,,10.34e-9
301,C1,885e-3,21,150,,10.29e-9
302,C0,885e-3,22,-40,,10.02e-9
302,C1,885e-3,22,150,,10.09e-9
303,C0,885e-3,23,-40,,eval err
303,C1,885e-3,23,150,,eval err
304,C0,885e-3,24,-40,,eval err
304,C1,885e-3,24,150,,eval err
305,C0,885e-3,25,-40,,9.762e-9
305,C1,885e-3,25,150,,9.744e-9
306,C0,885e-3,26,-40,,eval err
306,C1,885e-3,26,150,,eval err
307,C0,885e-3,27,-40,,10.1e-9
307,C1,885e-3,27,150,,10.1e-9
308,C0,885e-3,28,-40,,eval err
308,C1,885e-3,28,150,,eval err
309,C0,885e-3,29,-40,,9.947e-9
309,C1,885e-3,29,150,,9.959e-9
310,C0,885e-3,30,-40,,9.14e-9
310,C1,885e-3,30,150,,9.167e-9
311,C0,885e-3,31,-40,,10.26e-9
311,C1,885e-3,31,150,,10.23e-9
312,C0,885e-3,32,-40,,eval err
312,C1,885e-3,32,150,,eval err
313,C0,885e-3,33,-40,,10.25e-9
313,C1,885e-3,33,150,,10.24e-9
314,C0,885e-3,34,-40,,eval err
314,C1,885e-3,34,150,,eval err
315,C0,885e-3,35,-40,,9.915e-9
315,C1,885e-3,35,150,,9.913e-9
316,C0,885e-3,36,-40,,eval err
316,C1,885e-3,36,150,,eval err
317,C0,885e-3,37,-40,,10.07e-9
317,C1,885e-3,37,150,,10.06e-9
318,C0,885e-3,38,-40,,eval err
318,C1,885e-3,38,150,,eval err
319,C0,885e-3,39,-40,,9.725e-9
319,C1,885e-3,39,150,,9.703e-9
320,C0,885e-3,40,-40,,9.995e-9
320,C1,885e-3,40,150,,10.02e-9
321,C0,885e-3,41,-40,,eval err
321,C1,885e-3,41,150,,eval err
322,C0,885e-3,42,-40,,9.528e-9
322,C1,885e-3,42,150,,9.541e-9
323,C0,885e-3,43,-40,,10.31e-9
323,C1,885e-3,43,150,,10.26e-9
324,C0,885e-3,44,-40,,10.14e-9
324,C1,885e-3,44,150,,10.15e-9
325,C0,885e-3,45,-40,,eval err
325,C1,885e-3,45,150,,eval err
326,C0,885e-3,46,-40,,9.874e-9
326,C1,885e-3,46,150,,9.829e-9
327,C0,885e-3,47,-40,,eval err
327,C1,885e-3,47,150,,eval err
328,C0,885e-3,48,-40,,eval err
328,C1,885e-3,48,150,,eval err
329,C0,885e-3,49,-40,,9.765e-9
329,C1,885e-3,49,150,,9.796e-9
330,C0,885e-3,50,-40,,eval err
330,C1,885e-3,50,150,,eval err
331,C0,885e-3,51,-40,,10.14e-9
331,C1,885e-3,51,150,,10.12e-9
332,C0,885e-3,52,-40,,eval err
332,C1,885e-3,52,150,,eval err
333,C0,885e-3,53,-40,,10e-9
333,C1,885e-3,53,150,,9.932e-9
334,C0,885e-3,54,-40,,9.361e-9
334,C1,885e-3,54,150,,9.361e-9
335,C0,885e-3,55,-40,,10.25e-9
335,C1,885e-3,55,150,,10.26e-9
336,C0,885e-3,56,-40,,9.894e-9
336,C1,885e-3,56,150,,9.89e-9
337,C0,885e-3,57,-40,,eval err
337,C1,885e-3,57,150,,eval err
338,C0,885e-3,58,-40,,10.2e-9
338,C1,885e-3,58,150,,10.18e-9
339,C0,885e-3,59,-40,,eval err
339,C1,885e-3,59,150,,eval err
340,C0,885e-3,60,-40,,9.656e-9
340,C1,885e-3,60,150,,9.655e-9
341,C0,885e-3,61,-40,,10.34e-9
341,C1,885e-3,61,150,,10.38e-9
342,C0,885e-3,62,-40,,10.05e-9
342,C1,885e-3,62,150,,10.05e-9
343,C0,885e-3,63,-40,,eval err
343,C1,885e-3,63,150,,eval err
344,C0,885e-3,64,-40,,9.879e-9
344,C1,885e-3,64,150,,9.932e-9
345,C0,885e-3,65,-40,,eval err
345,C1,885e-3,65,150,,eval err
346,C0,885e-3,66,-40,,10.2e-9
346,C1,885e-3,66,150,,10.22e-9
347,C0,885e-3,67,-40,,eval err
347,C1,885e-3,67,150,,eval err
348,C0,885e-3,68,-40,,9.688e-9
348,C1,885e-3,68,150,,9.723e-9
349,C0,885e-3,69,-40,,eval err
349,C1,885e-3,69,150,,10.37e-9
350,C0,885e-3,70,-40,,10.08e-9
350,C1,885e-3,70,150,,10.03e-9
351,C0,890e-3,1,-40,,eval err
351,C1,890e-3,1,150,,eval err
352,C0,890e-3,2,-40,,9.614e-9
352,C1,890e-3,2,150,,9.605e-9
353,C0,890e-3,3,-40,,eval err
353,C1,890e-3,3,150,,eval err
354,C0,890e-3,4,-40,,10.32e-9
354,C1,890e-3,4,150,,10.28e-9
355,C0,890e-3,5,-40,,eval err
355,C1,890e-3,5,150,,eval err
356,C0,890e-3,6,-40,,9.955e-9
356,C1,890e-3,6,150,,9.952e-9
357,C0,890e-3,7,-40,,eval err
357,C1,890e-3,7,150,,eval err
358,C0,890e-3,8,-40,,eval err
358,C1,890e-3,8,150,,eval err
359,C0,890e-3,9,-40,,eval err
359,C1,890e-3,9,150,,eval err
360,C0,890e-3,10,-40,,eval err
360,C1,890e-3,10,150,,eval err
361,C0,890e-3,11,-40,,10.04e-9
361,C1,890e-3,11,150,,10.07e-9
362,C0,890e-3,12,-40,,eval err
362,C1,890e-3,12,150,,eval err
363,C0,890e-3,13,-40,,10.26e-9
363,C1,890e-3,13,150,,10.22e-9
364,C0,890e-3,14,-40,,eval err
364,C1,890e-3,14,150,,eval err
365,C0,890e-3,15,-40,,9.828e-9
365,C1,890e-3,15,150,,9.851e-9
366,C0,890e-3,16,-40,,10.03e-9
366,C1,890e-3,16,150,,10e-9
367,C0,890e-3,17,-40,,eval err
367,C1,890e-3,17,150,,eval err
368,C0,890e-3,18,-40,,10.33e-9
368,C1,890e-3,18,150,,eval err
369,C0,890e-3,19,-40,,eval err
369,C1,890e-3,19,150,,eval err
370,C0,890e-3,20,-40,,9.708e-9
370,C1,890e-3,20,150,,9.736e-9
371,C0,890e-3,21,-40,,eval err
371,C1,890e-3,21,150,,eval err
372,C0,890e-3,22,-40,,10.17e-9
372,C1,890e-3,22,150,,10.25e-9
373,C0,890e-3,23,-40,,eval err
373,C1,890e-3,23,150,,eval err
374,C0,890e-3,24,-40,,eval err
374,C1,890e-3,24,150,,eval err
375,C0,890e-3,25,-40,,9.914e-9
375,C1,890e-3,25,150,,9.887e-9
376,C0,890e-3,26,-40,,eval err
376,C1,890e-3,26,150,,eval err
377,C0,890e-3,27,-40,,10.26e-9
377,C1,890e-3,27,150,,10.25e-9
378,C0,890e-3,28,-40,,eval err
378,C1,890e-3,28,150,,eval err
379,C0,890e-3,29,-40,,10.1e-9
379,C1,890e-3,29,150,,10.11e-9
380,C0,890e-3,30,-40,,9.277e-9
380,C1,890e-3,30,150,,9.303e-9
381,C0,890e-3,31,-40,,eval err
381,C1,890e-3,31,150,,eval err
382,C0,890e-3,32,-40,,eval err
382,C1,890e-3,32,150,,eval err
383,C0,890e-3,33,-40,,eval err
383,C1,890e-3,33,150,,eval err
384,C0,890e-3,34,-40,,eval err
384,C1,890e-3,34,150,,eval err
385,C0,890e-3,35,-40,,10.08e-9
385,C1,890e-3,35,150,,10.07e-9
386,C0,890e-3,36,-40,,eval err
386,C1,890e-3,36,150,,eval err
387,C0,890e-3,37,-40,,10.22e-9
387,C1,890e-3,37,150,,10.22e-9
388,C0,890e-3,38,-40,,eval err
388,C1,890e-3,38,150,,eval err
389,C0,890e-3,39,-40,,9.878e-9
389,C1,890e-3,39,150,,9.855e-9
390,C0,890e-3,40,-40,,10.16e-9
390,C1,890e-3,40,150,,10.18e-9
391,C0,890e-3,41,-40,,eval err
391,C1,890e-3,41,150,,eval err
392,C0,890e-3,42,-40,,9.676e-9
392,C1,890e-3,42,150,,9.683e-9
393,C0,890e-3,43,-40,,eval err
393,C1,890e-3,43,150,,eval err
394,C0,890e-3,44,-40,,10.31e-9
394,C1,890e-3,44,150,,10.33e-9
395,C0,890e-3,45,-40,,eval err
395,C1,890e-3,45,150,,eval err
396,C0,890e-3,46,-40,,10.03e-9
396,C1,890e-3,46,150,,9.983e-9
397,C0,890e-3,47,-40,,eval err
397,C1,890e-3,47,150,,eval err
398,C0,890e-3,48,-40,,eval err
398,C1,890e-3,48,150,,eval err
399,C0,890e-3,49,-40,,9.918e-9
399,C1,890e-3,49,150,,9.949e-9
400,C0,890e-3,50,-40,,eval err
400,C1,890e-3,50,150,,eval err
401,C0,890e-3,51,-40,,10.31e-9
401,C1,890e-3,51,150,,10.28e-9
402,C0,890e-3,52,-40,,eval err
402,C1,890e-3,52,150,,eval err
403,C0,890e-3,53,-40,,10.16e-9
403,C1,890e-3,53,150,,10.09e-9
404,C0,890e-3,54,-40,,9.506e-9
404,C1,890e-3,54,150,,9.505e-9
405,C0,890e-3,55,-40,,eval err
405,C1,890e-3,55,150,,eval err
406,C0,890e-3,56,-40,,10.05e-9
406,C1,890e-3,56,150,,10.05e-9
407,C0,890e-3,57,-40,,eval err
407,C1,890e-3,57,150,,eval err
408,C0,890e-3,58,-40,,eval err
408,C1,890e-3,58,150,,10.37e-9
409,C0,890e-3,59,-40,,eval err
409,C1,890e-3,59,150,,eval err
410,C0,890e-3,60,-40,,9.806e-9
410,C1,890e-3,60,150,,9.803e-9
411,C0,890e-3,61,-40,,eval err
411,C1,890e-3,61,150,,eval err
412,C0,890e-3,62,-40,,10.21e-9
412,C1,890e-3,62,150,,10.21e-9
413,C0,890e-3,63,-40,,eval err
413,C1,890e-3,63,150,,eval err
414,C0,890e-3,64,-40,,10.04e-9
414,C1,890e-3,64,150,,10.09e-9
415,C0,890e-3,65,-40,,eval err
415,C1,890e-3,65,150,,eval err
416,C0,890e-3,66,-40,,eval err
416,C1,890e-3,66,150,,eval err
417,C0,890e-3,67,-40,,eval err
417,C1,890e-3,67,150,,eval err
418,C0,890e-3,68,-40,,9.839e-9
418,C1,890e-3,68,150,,9.873e-9
419,C0,890e-3,69,-40,,eval err
419,C1,890e-3,69,150,,eval err
420,C0,890e-3,70,-40,,10.23e-9
420,C1,890e-3,70,150,,10.18e-9
421,C0,895e-3,1,-40,,eval err
421,C1,895e-3,1,150,,eval err
422,C0,895e-3,2,-40,,9.76e-9
422,C1,895e-3,2,150,,9.754e-9
423,C0,895e-3,3,-40,,eval err
423,C1,895e-3,3,150,,eval err
424,C0,895e-3,4,-40,,eval err
424,C1,895e-3,4,150,,eval err
425,C0,895e-3,5,-40,,eval err
425,C1,895e-3,5,150,,eval err
426,C0,895e-3,6,-40,,10.11e-9
426,C1,895e-3,6,150,,10.1e-9
427,C0,895e-3,7,-40,,eval err
427,C1,895e-3,7,150,,eval err
428,C0,895e-3,8,-40,,eval err
428,C1,895e-3,8,150,,eval err
429,C0,895e-3,9,-40,,eval err
429,C1,895e-3,9,150,,eval err
430,C0,895e-3,10,-40,,eval err
430,C1,895e-3,10,150,,eval err
431,C0,895e-3,11,-40,,10.19e-9
431,C1,895e-3,11,150,,10.23e-9
432,C0,895e-3,12,-40,,eval err
432,C1,895e-3,12,150,,eval err
433,C0,895e-3,13,-40,,eval err
433,C1,895e-3,13,150,,eval err
434,C0,895e-3,14,-40,,eval err
434,C1,895e-3,14,150,,eval err
435,C0,895e-3,15,-40,,9.98e-9
435,C1,895e-3,15,150,,9.998e-9
436,C0,895e-3,16,-40,,10.19e-9
436,C1,895e-3,16,150,,10.16e-9
437,C0,895e-3,17,-40,,eval err
437,C1,895e-3,17,150,,eval err
438,C0,895e-3,18,-40,,eval err
438,C1,895e-3,18,150,,eval err
439,C0,895e-3,19,-40,,eval err
439,C1,895e-3,19,150,,eval err
440,C0,895e-3,20,-40,,9.857e-9
440,C1,895e-3,20,150,,9.88e-9
441,C0,895e-3,21,-40,,eval err
441,C1,895e-3,21,150,,eval err
442,C0,895e-3,22,-40,,eval err
442,C1,895e-3,22,150,,eval err
443,C0,895e-3,23,-40,,eval err
443,C1,895e-3,23,150,,eval err
444,C0,895e-3,24,-40,,eval err
444,C1,895e-3,24,150,,eval err
445,C0,895e-3,25,-40,,10.07e-9
445,C1,895e-3,25,150,,10.04e-9
446,C0,895e-3,26,-40,,eval err
446,C1,895e-3,26,150,,eval err
447,C0,895e-3,27,-40,,eval err
447,C1,895e-3,27,150,,eval err
448,C0,895e-3,28,-40,,eval err
448,C1,895e-3,28,150,,eval err
449,C0,895e-3,29,-40,,10.26e-9
449,C1,895e-3,29,150,,10.26e-9
450,C0,895e-3,30,-40,,9.42e-9
450,C1,895e-3,30,150,,9.447e-9
451,C0,895e-3,31,-40,,eval err
451,C1,895e-3,31,150,,eval err
452,C0,895e-3,32,-40,,eval err
452,C1,895e-3,32,150,,eval err
453,C0,895e-3,33,-40,,eval err
453,C1,895e-3,33,150,,eval err
454,C0,895e-3,34,-40,,eval err
454,C1,895e-3,34,150,,eval err
455,C0,895e-3,35,-40,,10.23e-9
455,C1,895e-3,35,150,,10.23e-9
456,C0,895e-3,36,-40,,eval err
456,C1,895e-3,36,150,,eval err
457,C0,895e-3,37,-40,,eval err
457,C1,895e-3,37,150,,eval err
458,C0,895e-3,38,-40,,eval err
458,C1,895e-3,38,150,,eval err
459,C0,895e-3,39,-40,,10.04e-9
459,C1,895e-3,39,150,,10.01e-9
460,C0,895e-3,40,-40,,10.33e-9
460,C1,895e-3,40,150,,eval err
461,C0,895e-3,41,-40,,eval err
461,C1,895e-3,41,150,,eval err
462,C0,895e-3,42,-40,,9.822e-9
462,C1,895e-3,42,150,,9.833e-9
463,C0,895e-3,43,-40,,eval err
463,C1,895e-3,43,150,,eval err
464,C0,895e-3,44,-40,,eval err
464,C1,895e-3,44,150,,eval err
465,C0,895e-3,45,-40,,eval err
465,C1,895e-3,45,150,,eval err
466,C0,895e-3,46,-40,,10.19e-9
466,C1,895e-3,46,150,,10.14e-9
467,C0,895e-3,47,-40,,eval err
467,C1,895e-3,47,150,,eval err
468,C0,895e-3,48,-40,,eval err
468,C1,895e-3,48,150,,eval err
469,C0,895e-3,49,-40,,10.08e-9
469,C1,895e-3,49,150,,10.1e-9
470,C0,895e-3,50,-40,,eval err
470,C1,895e-3,50,150,,eval err
471,C0,895e-3,51,-40,,eval err
471,C1,895e-3,51,150,,eval err
472,C0,895e-3,52,-40,,eval err
472,C1,895e-3,52,150,,eval err
473,C0,895e-3,53,-40,,10.33e-9
473,C1,895e-3,53,150,,10.24e-9
474,C0,895e-3,54,-40,,9.651e-9
474,C1,895e-3,54,150,,9.652e-9
475,C0,895e-3,55,-40,,eval err
475,C1,895e-3,55,150,,eval err
476,C0,895e-3,56,-40,,10.2e-9
476,C1,895e-3,56,150,,10.2e-9
477,C0,895e-3,57,-40,,eval err
477,C1,895e-3,57,150,,eval err
478,C0,895e-3,58,-40,,eval err
478,C1,895e-3,58,150,,eval err
479,C0,895e-3,59,-40,,eval err
479,C1,895e-3,59,150,,eval err
480,C0,895e-3,60,-40,,9.957e-9
480,C1,895e-3,60,150,,9.951e-9
481,C0,895e-3,61,-40,,eval err
481,C1,895e-3,61,150,,eval err
482,C0,895e-3,62,-40,,eval err
482,C1,895e-3,62,150,,eval err
483,C0,895e-3,63,-40,,eval err
483,C1,895e-3,63,150,,eval err
484,C0,895e-3,64,-40,,10.19e-9
484,C1,895e-3,64,150,,10.24e-9
485,C0,895e-3,65,-40,,eval err
485,C1,895e-3,65,150,,eval err
486,C0,895e-3,66,-40,,eval err
486,C1,895e-3,66,150,,eval err
487,C0,895e-3,67,-40,,eval err
487,C1,895e-3,67,150,,eval err
488,C0,895e-3,68,-40,,9.993e-9
488,C1,895e-3,68,150,,10.03e-9
489,C0,895e-3,69,-40,,eval err
489,C1,895e-3,69,150,,eval err
490,C0,895e-3,70,-40,,eval err
490,C1,895e-3,70,150,,10.37e-9
491,C0,898e-3,1,-40,,eval err
491,C1,898e-3,1,150,,eval err
492,C0,898e-3,2,-40,,9.848e-9
492,C1,898e-3,2,150,,9.843e-9
493,C0,898e-3,3,-40,,eval err
493,C1,898e-3,3,150,,eval err
494,C0,898e-3,4,-40,,eval err
494,C1,898e-3,4,150,,eval err
495,C0,898e-3,5,-40,,eval err
495,C1,898e-3,5,150,,eval err
496,C0,898e-3,6,-40,,10.2e-9
496,C1,898e-3,6,150,,10.19e-9
497,C0,898e-3,7,-40,,eval err
497,C1,898e-3,7,150,,eval err
498,C0,898e-3,8,-40,,eval err
498,C1,898e-3,8,150,,eval err
499,C0,898e-3,9,-40,,eval err
499,C1,898e-3,9,150,,eval err
500,C0,898e-3,10,-40,,eval err
500,C1,898e-3,10,150,,eval err
501,C0,898e-3,11,-40,,10.28e-9
501,C1,898e-3,11,150,,10.35e-9
502,C0,898e-3,12,-40,,eval err
502,C1,898e-3,12,150,,eval err
503,C0,898e-3,13,-40,,eval err
503,C1,898e-3,13,150,,eval err
504,C0,898e-3,14,-40,,eval err
504,C1,898e-3,14,150,,eval err
505,C0,898e-3,15,-40,,10.07e-9
505,C1,898e-3,15,150,,10.1e-9
506,C0,898e-3,16,-40,,10.29e-9
506,C1,898e-3,16,150,,10.25e-9
507,C0,898e-3,17,-40,,eval err
507,C1,898e-3,17,150,,eval err
508,C0,898e-3,18,-40,,eval err
508,C1,898e-3,18,150,,eval err
509,C0,898e-3,19,-40,,eval err
509,C1,898e-3,19,150,,eval err
510,C0,898e-3,20,-40,,9.947e-9
510,C1,898e-3,20,150,,9.97e-9
511,C0,898e-3,21,-40,,eval err
511,C1,898e-3,21,150,,eval err
512,C0,898e-3,22,-40,,eval err
512,C1,898e-3,22,150,,eval err
513,C0,898e-3,23,-40,,eval err
513,C1,898e-3,23,150,,eval err
514,C0,898e-3,24,-40,,eval err
514,C1,898e-3,24,150,,eval err
515,C0,898e-3,25,-40,,10.16e-9
515,C1,898e-3,25,150,,10.14e-9
516,C0,898e-3,26,-40,,eval err
516,C1,898e-3,26,150,,eval err
517,C0,898e-3,27,-40,,eval err
517,C1,898e-3,27,150,,eval err
518,C0,898e-3,28,-40,,eval err
518,C1,898e-3,28,150,,eval err
519,C0,898e-3,29,-40,,eval err
519,C1,898e-3,29,150,,eval err
520,C0,898e-3,30,-40,,9.506e-9
520,C1,898e-3,30,150,,9.532e-9
521,C0,898e-3,31,-40,,eval err
521,C1,898e-3,31,150,,eval err
522,C0,898e-3,32,-40,,eval err
522,C1,898e-3,32,150,,eval err
523,C0,898e-3,33,-40,,eval err
523,C1,898e-3,33,150,,eval err
524,C0,898e-3,34,-40,,eval err
524,C1,898e-3,34,150,,eval err
525,C0,898e-3,35,-40,,eval err
525,C1,898e-3,35,150,,10.34e-9
526,C0,898e-3,36,-40,,eval err
526,C1,898e-3,36,150,,eval err
527,C0,898e-3,37,-40,,eval err
527,C1,898e-3,37,150,,eval err
528,C0,898e-3,38,-40,,eval err
528,C1,898e-3,38,150,,eval err
529,C0,898e-3,39,-40,,10.12e-9
529,C1,898e-3,39,150,,10.1e-9
530,C0,898e-3,40,-40,,eval err
530,C1,898e-3,40,150,,eval err
531,C0,898e-3,41,-40,,eval err
531,C1,898e-3,41,150,,eval err
532,C0,898e-3,42,-40,,9.912e-9
532,C1,898e-3,42,150,,9.923e-9
533,C0,898e-3,43,-40,,eval err
533,C1,898e-3,43,150,,eval err
534,C0,898e-3,44,-40,,eval err
534,C1,898e-3,44,150,,eval err
535,C0,898e-3,45,-40,,eval err
535,C1,898e-3,45,150,,eval err
536,C0,898e-3,46,-40,,10.28e-9
536,C1,898e-3,46,150,,10.23e-9
537,C0,898e-3,47,-40,,eval err
537,C1,898e-3,47,150,,eval err
538,C0,898e-3,48,-40,,eval err
538,C1,898e-3,48,150,,eval err
539,C0,898e-3,49,-40,,10.16e-9
539,C1,898e-3,49,150,,10.19e-9
540,C0,898e-3,50,-40,,eval err
540,C1,898e-3,50,150,,eval err
541,C0,898e-3,51,-40,,eval err
541,C1,898e-3,51,150,,eval err
542,C0,898e-3,52,-40,,eval err
542,C1,898e-3,52,150,,eval err
543,C0,898e-3,53,-40,,eval err
543,C1,898e-3,53,150,,10.35e-9
544,C0,898e-3,54,-40,,9.738e-9
544,C1,898e-3,54,150,,9.739e-9
545,C0,898e-3,55,-40,,eval err
545,C1,898e-3,55,150,,eval err
546,C0,898e-3,56,-40,,10.3e-9
546,C1,898e-3,56,150,,10.29e-9
547,C0,898e-3,57,-40,,eval err
547,C1,898e-3,57,150,,eval err
548,C0,898e-3,58,-40,,eval err
548,C1,898e-3,58,150,,eval err
549,C0,898e-3,59,-40,,eval err
549,C1,898e-3,59,150,,eval err
550,C0,898e-3,60,-40,,10.05e-9
550,C1,898e-3,60,150,,10.05e-9
551,C0,898e-3,61,-40,,eval err
551,C1,898e-3,61,150,,eval err
552,C0,898e-3,62,-40,,eval err
552,C1,898e-3,62,150,,eval err
553,C0,898e-3,63,-40,,eval err
553,C1,898e-3,63,150,,eval err
554,C0,898e-3,64,-40,,10.29e-9
554,C1,898e-3,64,150,,eval err
555,C0,898e-3,65,-40,,eval err
555,C1,898e-3,65,150,,eval err
556,C0,898e-3,66,-40,,eval err
556,C1,898e-3,66,150,,eval err
557,C0,898e-3,67,-40,,eval err
557,C1,898e-3,67,150,,eval err
558,C0,898e-3,68,-40,,10.08e-9
558,C1,898e-3,68,150,,10.12e-9
559,C0,898e-3,69,-40,,eval err
559,C1,898e-3,69,150,,eval err
560,C0,898e-3,70,-40,,eval err
560,C1,898e-3,70,150,,eval err
561,C0,600e-3,1,-40,,eval err
561,C1,600e-3,1,150,,eval err
562,C0,600e-3,2,-40,,eval err
562,C1,600e-3,2,150,,eval err
563,C0,600e-3,3,-40,,eval err
563,C1,600e-3,3,150,,eval err
564,C0,600e-3,4,-40,,eval err
564,C1,600e-3,4,150,,eval err
565,C0,600e-3,5,-40,,eval err
565,C1,600e-3,5,150,,eval err
566,C0,600e-3,6,-40,,eval err
566,C1,600e-3,6,150,,eval err
567,C0,600e-3,7,-40,,eval err
567,C1,600e-3,7,150,,eval err
568,C0,600e-3,8,-40,,eval err
568,C1,600e-3,8,150,,eval err
569,C0,600e-3,9,-40,,eval err
569,C1,600e-3,9,150,,eval err
570,C0,600e-3,10,-40,,eval err
570,C1,600e-3,10,150,,eval err
571,C0,600e-3,11,-40,,eval err
571,C1,600e-3,11,150,,eval err
572,C0,600e-3,12,-40,,eval err
572,C1,600e-3,12,150,,eval err
573,C0,600e-3,13,-40,,eval err
573,C1,600e-3,13,150,,eval err
574,C0,600e-3,14,-40,,eval err
574,C1,600e-3,14,150,,eval err
575,C0,600e-3,15,-40,,eval err
575,C1,600e-3,15,150,,eval err
576,C0,600e-3,16,-40,,eval err
576,C1,600e-3,16,150,,eval err
577,C0,600e-3,17,-40,,eval err
577,C1,600e-3,17,150,,eval err
578,C0,600e-3,18,-40,,eval err
578,C1,600e-3,18,150,,eval err
579,C0,600e-3,19,-40,,eval err
579,C1,600e-3,19,150,,eval err
580,C0,600e-3,20,-40,,eval err
580,C1,600e-3,20,150,,eval err
581,C0,600e-3,21,-40,,eval err
581,C1,600e-3,21,150,,eval err
582,C0,600e-3,22,-40,,952.4e-12
582,C1,600e-3,22,150,,1.063e-9
583,C0,600e-3,23,-40,,eval err
583,C1,600e-3,23,150,,eval err
584,C0,600e-3,24,-40,,eval err
584,C1,600e-3,24,150,,eval err
585,C0,600e-3,25,-40,,eval err
585,C1,600e-3,25,150,,eval err
586,C0,600e-3,26,-40,,eval err
586,C1,600e-3,26,150,,eval err
587,C0,600e-3,27,-40,,eval err
587,C1,600e-3,27,150,,eval err
588,C0,600e-3,28,-40,,eval err
588,C1,600e-3,28,150,,eval err
589,C0,600e-3,29,-40,,eval err
589,C1,600e-3,29,150,,eval err
590,C0,600e-3,30,-40,,eval err
590,C1,600e-3,30,150,,eval err
591,C0,600e-3,31,-40,,eval err
591,C1,600e-3,31,150,,eval err
592,C0,600e-3,32,-40,,eval err
592,C1,600e-3,32,150,,eval err
593,C0,600e-3,33,-40,,eval err
593,C1,600e-3,33,150,,eval err
594,C0,600e-3,34,-40,,eval err
594,C1,600e-3,34,150,,eval err
595,C0,600e-3,35,-40,,eval err
595,C1,600e-3,35,150,,eval err
596,C0,600e-3,36,-40,,eval err
596,C1,600e-3,36,150,,eval err
597,C0,600e-3,37,-40,,eval err
597,C1,600e-3,37,150,,eval err
598,C0,600e-3,38,-40,,eval err
598,C1,600e-3,38,150,,eval err
599,C0,600e-3,39,-40,,eval err
599,C1,600e-3,39,150,,eval err
600,C0,600e-3,40,-40,,eval err
600,C1,600e-3,40,150,,eval err
601,C0,600e-3,41,-40,,eval err
601,C1,600e-3,41,150,,eval err
602,C0,600e-3,42,-40,,eval err
602,C1,600e-3,42,150,,eval err
603,C0,600e-3,43,-40,,eval err
603,C1,600e-3,43,150,,eval err
604,C0,600e-3,44,-40,,eval err
604,C1,600e-3,44,150,,eval err
605,C0,600e-3,45,-40,,eval err
605,C1,600e-3,45,150,,eval err
606,C0,600e-3,46,-40,,eval err
606,C1,600e-3,46,150,,eval err
607,C0,600e-3,47,-40,,eval err
607,C1,600e-3,47,150,,eval err
608,C0,600e-3,48,-40,,eval err
608,C1,600e-3,48,150,,eval err
609,C0,600e-3,49,-40,,eval err
609,C1,600e-3,49,150,,eval err
610,C0,600e-3,50,-40,,eval err
610,C1,600e-3,50,150,,eval err
611,C0,600e-3,51,-40,,eval err
611,C1,600e-3,51,150,,eval err
612,C0,600e-3,52,-40,,eval err
612,C1,600e-3,52,150,,eval err
613,C0,600e-3,53,-40,,eval err
613,C1,600e-3,53,150,,eval err
614,C0,600e-3,54,-40,,eval err
614,C1,600e-3,54,150,,eval err
615,C0,600e-3,55,-40,,eval err
615,C1,600e-3,55,150,,eval err
616,C0,600e-3,56,-40,,eval err
616,C1,600e-3,56,150,,eval err
617,C0,600e-3,57,-40,,eval err
617,C1,600e-3,57,150,,eval err
618,C0,600e-3,58,-40,,eval err
618,C1,600e-3,58,150,,eval err
619,C0,600e-3,59,-40,,eval err
619,C1,600e-3,59,150,,eval err
620,C0,600e-3,60,-40,,eval err
620,C1,600e-3,60,150,,eval err
621,C0,600e-3,61,-40,,eval err
621,C1,600e-3,61,150,,eval err
622,C0,600e-3,62,-40,,eval err
622,C1,600e-3,62,150,,eval err
623,C0,600e-3,63,-40,,eval err
623,C1,600e-3,63,150,,eval err
624,C0,600e-3,64,-40,,784.1e-12
624,C1,600e-3,64,150,,eval err
625,C0,600e-3,65,-40,,eval err
625,C1,600e-3,65,150,,eval err
626,C0,600e-3,66,-40,,eval err
626,C1,600e-3,66,150,,eval err
627,C0,600e-3,67,-40,,eval err
627,C1,600e-3,67,150,,eval err
628,C0,600e-3,68,-40,,eval err
628,C1,600e-3,68,150,,eval err
629,C0,600e-3,69,-40,,eval err
629,C1,600e-3,69,150,,eval err
630,C0,600e-3,70,-40,,eval err
630,C1,600e-3,70,150,,eval err
631,C0,630e-3,1,-40,,2.368e-9
631,C1,630e-3,1,150,,2.475e-9
632,C0,630e-3,2,-40,,2.224e-9
632,C1,630e-3,2,150,,2.344e-9
633,C0,630e-3,3,-40,,2.324e-9
633,C1,630e-3,3,150,,2.466e-9
634,C0,630e-3,4,-40,,2.301e-9
634,C1,630e-3,4,150,,2.416e-9
635,C0,630e-3,5,-40,,2.383e-9
635,C1,630e-3,5,150,,2.52e-9
636,C0,630e-3,6,-40,,2.234e-9
636,C1,630e-3,6,150,,2.372e-9
637,C0,630e-3,7,-40,,2.35e-9
637,C1,630e-3,7,150,,2.448e-9
638,C0,630e-3,8,-40,,2.405e-9
638,C1,630e-3,8,150,,2.518e-9
639,C0,630e-3,9,-40,,2.311e-9
639,C1,630e-3,9,150,,2.446e-9
640,C0,630e-3,10,-40,,2.372e-9
640,C1,630e-3,10,150,,2.487e-9
641,C0,630e-3,11,-40,,2.259e-9
641,C1,630e-3,11,150,,2.414e-9
642,C0,630e-3,12,-40,,2.343e-9
642,C1,630e-3,12,150,,2.479e-9
643,C0,630e-3,13,-40,,2.308e-9
643,C1,630e-3,13,150,,2.412e-9
644,C0,630e-3,14,-40,,2.322e-9
644,C1,630e-3,14,150,,2.441e-9
645,C0,630e-3,15,-40,,2.253e-9
645,C1,630e-3,15,150,,2.392e-9
646,C0,630e-3,16,-40,,2.272e-9
646,C1,630e-3,16,150,,2.383e-9
647,C0,630e-3,17,-40,,2.347e-9
647,C1,630e-3,17,150,,2.474e-9
648,C0,630e-3,18,-40,,2.275e-9
648,C1,630e-3,18,150,,2.427e-9
649,C0,630e-3,19,-40,,2.396e-9
649,C1,630e-3,19,150,,2.516e-9
650,C0,630e-3,20,-40,,2.24e-9
650,C1,630e-3,20,150,,2.371e-9
651,C0,630e-3,21,-40,,2.326e-9
651,C1,630e-3,21,150,,2.44e-9
652,C0,630e-3,22,-40,,2.272e-9
652,C1,630e-3,22,150,,2.452e-9
653,C0,630e-3,23,-40,,2.365e-9
653,C1,630e-3,23,150,,2.487e-9
654,C0,630e-3,24,-40,,2.357e-9
654,C1,630e-3,24,150,,2.481e-9
655,C0,630e-3,25,-40,,2.265e-9
655,C1,630e-3,25,150,,2.377e-9
656,C0,630e-3,26,-40,,2.351e-9
656,C1,630e-3,26,150,,2.513e-9
657,C0,630e-3,27,-40,,2.305e-9
657,C1,630e-3,27,150,,2.426e-9
658,C0,630e-3,28,-40,,2.361e-9
658,C1,630e-3,28,150,,2.461e-9
659,C0,630e-3,29,-40,,2.292e-9
659,C1,630e-3,29,150,,2.416e-9
660,C0,630e-3,30,-40,,2.165e-9
660,C1,630e-3,30,150,,2.309e-9
661,C0,630e-3,31,-40,,2.325e-9
661,C1,630e-3,31,150,,2.44e-9
662,C0,630e-3,32,-40,,2.422e-9
662,C1,630e-3,32,150,,2.564e-9
663,C0,630e-3,33,-40,,2.348e-9
663,C1,630e-3,33,150,,2.457e-9
664,C0,630e-3,34,-40,,2.373e-9
664,C1,630e-3,34,150,,2.471e-9
665,C0,630e-3,35,-40,,2.264e-9
665,C1,630e-3,35,150,,2.396e-9
666,C0,630e-3,36,-40,,2.369e-9
666,C1,630e-3,36,150,,2.526e-9
667,C0,630e-3,37,-40,,2.283e-9
667,C1,630e-3,37,150,,2.409e-9
668,C0,630e-3,38,-40,,2.325e-9
668,C1,630e-3,38,150,,2.459e-9
669,C0,630e-3,39,-40,,2.242e-9
669,C1,630e-3,39,150,,2.361e-9
670,C0,630e-3,40,-40,,2.287e-9
670,C1,630e-3,40,150,,2.432e-9
671,C0,630e-3,41,-40,,2.342e-9
671,C1,630e-3,41,150,,2.472e-9
672,C0,630e-3,42,-40,,2.23e-9
672,C1,630e-3,42,150,,2.361e-9
673,C0,630e-3,43,-40,,2.3e-9
673,C1,630e-3,43,150,,2.417e-9
674,C0,630e-3,44,-40,,2.294e-9
674,C1,630e-3,44,150,,2.434e-9
675,C0,630e-3,45,-40,,2.415e-9
675,C1,630e-3,45,150,,2.524e-9
676,C0,630e-3,46,-40,,2.298e-9
676,C1,630e-3,46,150,,2.392e-9
677,C0,630e-3,47,-40,,2.32e-9
677,C1,630e-3,47,150,,2.449e-9
678,C0,630e-3,48,-40,,2.337e-9
678,C1,630e-3,48,150,,2.46e-9
679,C0,630e-3,49,-40,,2.242e-9
679,C1,630e-3,49,150,,2.394e-9
680,C0,630e-3,50,-40,,2.37e-9
680,C1,630e-3,50,150,,2.503e-9
681,C0,630e-3,51,-40,,2.335e-9
681,C1,630e-3,51,150,,2.438e-9
682,C0,630e-3,52,-40,,2.351e-9
682,C1,630e-3,52,150,,2.478e-9
683,C0,630e-3,53,-40,,2.287e-9
683,C1,630e-3,53,150,,2.379e-9
684,C0,630e-3,54,-40,,2.225e-9
684,C1,630e-3,54,150,,2.339e-9
685,C0,630e-3,55,-40,,2.304e-9
685,C1,630e-3,55,150,,2.446e-9
686,C0,630e-3,56,-40,,2.274e-9
686,C1,630e-3,56,150,,2.401e-9
687,C0,630e-3,57,-40,,2.318e-9
687,C1,630e-3,57,150,,2.477e-9
688,C0,630e-3,58,-40,,2.333e-9
688,C1,630e-3,58,150,,2.44e-9
689,C0,630e-3,59,-40,,2.39e-9
689,C1,630e-3,59,150,,2.527e-9
690,C0,630e-3,60,-40,,2.252e-9
690,C1,630e-3,60,150,,2.372e-9
691,C0,630e-3,61,-40,,2.308e-9
691,C1,630e-3,61,150,,2.453e-9
692,C0,630e-3,62,-40,,2.289e-9
692,C1,630e-3,62,150,,2.419e-9
693,C0,630e-3,63,-40,,2.33e-9
693,C1,630e-3,63,150,,2.436e-9
694,C0,630e-3,64,-40,,2.275e-9
694,C1,630e-3,64,150,,2.43e-9
695,C0,630e-3,65,-40,,2.342e-9
695,C1,630e-3,65,150,,2.468e-9
696,C0,630e-3,66,-40,,2.29e-9
696,C1,630e-3,66,150,,2.436e-9
697,C0,630e-3,67,-40,,2.433e-9
697,C1,630e-3,67,150,,2.543e-9
698,C0,630e-3,68,-40,,2.235e-9
698,C1,630e-3,68,150,,2.388e-9
699,C0,630e-3,69,-40,,2.341e-9
699,C1,630e-3,69,150,,2.457e-9
700,C0,630e-3,70,-40,,2.28e-9
700,C1,630e-3,70,150,,2.389e-9
701,C0,660e-3,1,-40,,3.336e-9
701,C1,660e-3,1,150,,3.435e-9
702,C0,660e-3,2,-40,,3.074e-9
702,C1,660e-3,2,150,,3.187e-9
703,C0,660e-3,3,-40,,3.25e-9
703,C1,660e-3,3,150,,3.389e-9
704,C0,660e-3,4,-40,,3.219e-9
704,C1,660e-3,4,150,,3.325e-9
705,C0,660e-3,5,-40,,3.366e-9
705,C1,660e-3,5,150,,3.497e-9
706,C0,660e-3,6,-40,,3.117e-9
706,C1,660e-3,6,150,,3.245e-9
707,C0,660e-3,7,-40,,3.303e-9
707,C1,660e-3,7,150,,3.39e-9
708,C0,660e-3,8,-40,,3.42e-9
708,C1,660e-3,8,150,,3.521e-9
709,C0,660e-3,9,-40,,3.234e-9
709,C1,660e-3,9,150,,3.364e-9
710,C0,660e-3,10,-40,,3.328e-9
710,C1,660e-3,10,150,,3.438e-9
711,C0,660e-3,11,-40,,3.145e-9
711,C1,660e-3,11,150,,3.296e-9
712,C0,660e-3,12,-40,,3.313e-9
712,C1,660e-3,12,150,,3.438e-9
713,C0,660e-3,13,-40,,3.229e-9
713,C1,660e-3,13,150,,3.325e-9
714,C0,660e-3,14,-40,,3.26e-9
714,C1,660e-3,14,150,,3.37e-9
715,C0,660e-3,15,-40,,3.122e-9
715,C1,660e-3,15,150,,3.258e-9
716,C0,660e-3,16,-40,,3.168e-9
716,C1,660e-3,16,150,,3.271e-9
717,C0,660e-3,17,-40,,3.294e-9
717,C1,660e-3,17,150,,3.416e-9
718,C0,660e-3,18,-40,,3.19e-9
718,C1,660e-3,18,150,,3.334e-9
719,C0,660e-3,19,-40,,3.392e-9
719,C1,660e-3,19,150,,3.504e-9
720,C0,660e-3,20,-40,,3.098e-9
720,C1,660e-3,20,150,,3.226e-9
721,C0,660e-3,21,-40,,3.262e-9
721,C1,660e-3,21,150,,3.369e-9
722,C0,660e-3,22,-40,,3.168e-9
722,C1,660e-3,22,150,,3.343e-9
723,C0,660e-3,23,-40,,3.33e-9
723,C1,660e-3,23,150,,3.445e-9
724,C0,660e-3,24,-40,,3.3e-9
724,C1,660e-3,24,150,,3.421e-9
725,C0,660e-3,25,-40,,3.148e-9
725,C1,660e-3,25,150,,3.252e-9
726,C0,660e-3,26,-40,,3.322e-9
726,C1,660e-3,26,150,,3.476e-9
727,C0,660e-3,27,-40,,3.218e-9
727,C1,660e-3,27,150,,3.334e-9
728,C0,660e-3,28,-40,,3.326e-9
728,C1,660e-3,28,150,,3.416e-9
729,C0,660e-3,29,-40,,3.19e-9
729,C1,660e-3,29,150,,3.311e-9
730,C0,660e-3,30,-40,,2.978e-9
730,C1,660e-3,30,150,,3.115e-9
731,C0,660e-3,31,-40,,3.254e-9
731,C1,660e-3,31,150,,3.362e-9
732,C0,660e-3,32,-40,,3.445e-9
732,C1,660e-3,32,150,,3.579e-9
733,C0,660e-3,33,-40,,3.281e-9
733,C1,660e-3,33,150,,3.384e-9
734,C0,660e-3,34,-40,,3.336e-9
734,C1,660e-3,34,150,,3.424e-9
735,C0,660e-3,35,-40,,3.158e-9
735,C1,660e-3,35,150,,3.281e-9
736,C0,660e-3,36,-40,,3.336e-9
736,C1,660e-3,36,150,,3.487e-9
737,C0,660e-3,37,-40,,3.192e-9
737,C1,660e-3,37,150,,3.31e-9
738,C0,660e-3,38,-40,,3.261e-9
738,C1,660e-3,38,150,,3.389e-9
739,C0,660e-3,39,-40,,3.12e-9
739,C1,660e-3,39,150,,3.23e-9
740,C0,660e-3,40,-40,,3.187e-9
740,C1,660e-3,40,150,,3.327e-9
741,C0,660e-3,41,-40,,3.308e-9
741,C1,660e-3,41,150,,3.428e-9
742,C0,660e-3,42,-40,,3.084e-9
742,C1,660e-3,42,150,,3.21e-9
743,C0,660e-3,43,-40,,3.237e-9
743,C1,660e-3,43,150,,3.341e-9
744,C0,660e-3,44,-40,,3.208e-9
744,C1,660e-3,44,150,,3.342e-9
745,C0,660e-3,45,-40,,3.411e-9
745,C1,660e-3,45,150,,3.512e-9
746,C0,660e-3,46,-40,,3.195e-9
746,C1,660e-3,46,150,,3.281e-9
747,C0,660e-3,47,-40,,3.265e-9
747,C1,660e-3,47,150,,3.383e-9
748,C0,660e-3,48,-40,,3.283e-9
748,C1,660e-3,48,150,,3.4e-9
749,C0,660e-3,49,-40,,3.118e-9
749,C1,660e-3,49,150,,3.263e-9
750,C0,660e-3,50,-40,,3.35e-9
750,C1,660e-3,50,150,,3.475e-9
751,C0,660e-3,51,-40,,3.257e-9
751,C1,660e-3,51,150,,3.354e-9
752,C0,660e-3,52,-40,,3.31e-9
752,C1,660e-3,52,150,,3.43e-9
753,C0,660e-3,53,-40,,3.197e-9
753,C1,660e-3,53,150,,3.274e-9
754,C0,660e-3,54,-40,,3.068e-9
754,C1,660e-3,54,150,,3.176e-9
755,C0,660e-3,55,-40,,3.23e-9
755,C1,660e-3,55,150,,3.364e-9
756,C0,660e-3,56,-40,,3.168e-9
756,C1,660e-3,56,150,,3.29e-9
757,C0,660e-3,57,-40,,3.262e-9
757,C1,660e-3,57,150,,3.413e-9
758,C0,660e-3,58,-40,,3.26e-9
758,C1,660e-3,58,150,,3.358e-9
759,C0,660e-3,59,-40,,3.389e-9
759,C1,660e-3,59,150,,3.517e-9
760,C0,660e-3,60,-40,,3.126e-9
760,C1,660e-3,60,150,,3.241e-9
761,C0,660e-3,61,-40,,3.239e-9
761,C1,660e-3,61,150,,3.378e-9
762,C0,660e-3,62,-40,,3.197e-9
762,C1,660e-3,62,150,,3.321e-9
763,C0,660e-3,63,-40,,3.305e-9
763,C1,660e-3,63,150,,3.392e-9
764,C0,660e-3,64,-40,,3.161e-9
764,C1,660e-3,64,150,,3.314e-9
765,C0,660e-3,65,-40,,3.295e-9
765,C1,660e-3,65,150,,3.414e-9
766,C0,660e-3,66,-40,,3.212e-9
766,C1,660e-3,66,150,,3.351e-9
767,C0,660e-3,67,-40,,3.454e-9
767,C1,660e-3,67,150,,3.555e-9
768,C0,660e-3,68,-40,,3.104e-9
768,C1,660e-3,68,150,,3.251e-9
769,C0,660e-3,69,-40,,3.281e-9
769,C1,660e-3,69,150,,3.391e-9
770,C0,660e-3,70,-40,,3.195e-9
770,C1,660e-3,70,150,,3.288e-9
771,C0,690e-3,1,-40,,4.285e-9
771,C1,690e-3,1,150,,4.366e-9
772,C0,690e-3,2,-40,,3.908e-9
772,C1,690e-3,2,150,,4.007e-9
773,C0,690e-3,3,-40,,4.164e-9
773,C1,690e-3,3,150,,4.289e-9
774,C0,690e-3,4,-40,,4.124e-9
774,C1,690e-3,4,150,,4.213e-9
775,C0,690e-3,5,-40,,4.336e-9
775,C1,690e-3,5,150,,4.452e-9
776,C0,690e-3,6,-40,,3.991e-9
776,C1,690e-3,6,150,,4.103e-9
777,C0,690e-3,7,-40,,4.234e-9
777,C1,690e-3,7,150,,4.3e-9
778,C0,690e-3,8,-40,,4.422e-9
778,C1,690e-3,8,150,,4.502e-9
779,C0,690e-3,9,-40,,4.142e-9
779,C1,690e-3,9,150,,4.257e-9
780,C0,690e-3,10,-40,,4.263e-9
780,C1,690e-3,10,150,,4.357e-9
781,C0,690e-3,11,-40,,4.022e-9
781,C1,690e-3,11,150,,4.158e-9
782,C0,690e-3,12,-40,,4.274e-9
782,C1,690e-3,12,150,,4.383e-9
783,C0,690e-3,13,-40,,4.125e-9
783,C1,690e-3,13,150,,4.206e-9
784,C0,690e-3,14,-40,,4.184e-9
784,C1,690e-3,14,150,,4.277e-9
785,C0,690e-3,15,-40,,3.975e-9
785,C1,690e-3,15,150,,4.099e-9
786,C0,690e-3,16,-40,,4.045e-9
786,C1,690e-3,16,150,,4.132e-9
787,C0,690e-3,17,-40,,4.228e-9
787,C1,690e-3,17,150,,4.333e-9
788,C0,690e-3,18,-40,,4.099e-9
788,C1,690e-3,18,150,,4.225e-9
789,C0,690e-3,19,-40,,4.376e-9
789,C1,690e-3,19,150,,4.469e-9
790,C0,690e-3,20,-40,,3.94e-9
790,C1,690e-3,20,150,,4.056e-9
791,C0,690e-3,21,-40,,4.184e-9
791,C1,690e-3,21,150,,4.275e-9
792,C0,690e-3,22,-40,,4.06e-9
792,C1,690e-3,22,150,,4.225e-9
793,C0,690e-3,23,-40,,4.283e-9
793,C1,690e-3,23,150,,4.38e-9
794,C0,690e-3,24,-40,,4.224e-9
794,C1,690e-3,24,150,,4.33e-9
795,C0,690e-3,25,-40,,4.011e-9
795,C1,690e-3,25,150,,4.101e-9
796,C0,690e-3,26,-40,,4.288e-9
796,C1,690e-3,26,150,,4.427e-9
797,C0,690e-3,27,-40,,4.115e-9
797,C1,690e-3,27,150,,4.216e-9
798,C0,690e-3,28,-40,,4.272e-9
798,C1,690e-3,28,150,,4.344e-9
799,C0,690e-3,29,-40,,4.071e-9
799,C1,690e-3,29,150,,4.176e-9
800,C0,690e-3,30,-40,,3.783e-9
800,C1,690e-3,30,150,,3.907e-9
801,C0,690e-3,31,-40,,4.168e-9
801,C1,690e-3,31,150,,4.261e-9
802,C0,690e-3,32,-40,,4.462e-9
802,C1,690e-3,32,150,,4.58e-9
803,C0,690e-3,33,-40,,4.189e-9
803,C1,690e-3,33,150,,4.278e-9
804,C0,690e-3,34,-40,,4.277e-9
804,C1,690e-3,34,150,,4.35e-9
805,C0,690e-3,35,-40,,4.04e-9
805,C1,690e-3,35,150,,4.149e-9
806,C0,690e-3,36,-40,,4.294e-9
806,C1,690e-3,36,150,,4.431e-9
807,C0,690e-3,37,-40,,4.089e-9
807,C1,690e-3,37,150,,4.191e-9
808,C0,690e-3,38,-40,,4.185e-9
808,C1,690e-3,38,150,,4.298e-9
809,C0,690e-3,39,-40,,3.982e-9
809,C1,690e-3,39,150,,4.077e-9
810,C0,690e-3,40,-40,,4.075e-9
810,C1,690e-3,40,150,,4.202e-9
811,C0,690e-3,41,-40,,4.259e-9
811,C1,690e-3,41,150,,4.364e-9
812,C0,690e-3,42,-40,,3.924e-9
812,C1,690e-3,42,150,,4.037e-9
813,C0,690e-3,43,-40,,4.161e-9
813,C1,690e-3,43,150,,4.246e-9
814,C0,690e-3,44,-40,,4.112e-9
814,C1,690e-3,44,150,,4.232e-9
815,C0,690e-3,45,-40,,4.385e-9
815,C1,690e-3,45,150,,4.47e-9
816,C0,690e-3,46,-40,,4.067e-9
816,C1,690e-3,46,150,,4.136e-9
817,C0,690e-3,47,-40,,4.201e-9
817,C1,690e-3,47,150,,4.302e-9
818,C0,690e-3,48,-40,,4.213e-9
818,C1,690e-3,48,150,,4.313e-9
819,C0,690e-3,49,-40,,3.985e-9
819,C1,690e-3,49,150,,4.117e-9
820,C0,690e-3,50,-40,,4.318e-9
820,C1,690e-3,50,150,,4.427e-9
821,C0,690e-3,51,-40,,4.154e-9
821,C1,690e-3,51,150,,4.235e-9
822,C0,690e-3,52,-40,,4.256e-9
822,C1,690e-3,52,150,,4.359e-9
823,C0,690e-3,53,-40,,4.089e-9
823,C1,690e-3,53,150,,4.145e-9
824,C0,690e-3,54,-40,,3.887e-9
824,C1,690e-3,54,150,,3.983e-9
825,C0,690e-3,55,-40,,4.145e-9
825,C1,690e-3,55,150,,4.265e-9
826,C0,690e-3,56,-40,,4.045e-9
826,C1,690e-3,56,150,,4.152e-9
827,C0,690e-3,57,-40,,4.2e-9
827,C1,690e-3,57,150,,4.335e-9
828,C0,690e-3,58,-40,,4.165e-9
828,C1,690e-3,58,150,,4.249e-9
829,C0,690e-3,59,-40,,4.379e-9
829,C1,690e-3,59,150,,4.492e-9
830,C0,690e-3,60,-40,,3.979e-9
830,C1,690e-3,60,150,,4.079e-9
831,C0,690e-3,61,-40,,4.163e-9
831,C1,690e-3,61,150,,4.285e-9
832,C0,690e-3,62,-40,,4.09e-9
832,C1,690e-3,62,150,,4.2e-9
833,C0,690e-3,63,-40,,4.271e-9
833,C1,690e-3,63,150,,4.336e-9
834,C0,690e-3,64,-40,,4.036e-9
834,C1,690e-3,64,150,,4.177e-9
835,C0,690e-3,65,-40,,4.236e-9
835,C1,690e-3,65,150,,4.337e-9
836,C0,690e-3,66,-40,,4.123e-9
836,C1,690e-3,66,150,,4.248e-9
837,C0,690e-3,67,-40,,4.46e-9
837,C1,690e-3,67,150,,4.542e-9
838,C0,690e-3,68,-40,,3.962e-9
838,C1,690e-3,68,150,,4.096e-9
839,C0,690e-3,69,-40,,4.203e-9
839,C1,690e-3,69,150,,4.299e-9
840,C0,690e-3,70,-40,,4.094e-9
840,C1,690e-3,70,150,,4.17e-9
841,C0,720e-3,1,-40,,5.238e-9
841,C1,720e-3,1,150,,5.302e-9
842,C0,720e-3,2,-40,,4.748e-9
842,C1,720e-3,2,150,,4.831e-9
843,C0,720e-3,3,-40,,5.082e-9
843,C1,720e-3,3,150,,5.194e-9
844,C0,720e-3,4,-40,,5.034e-9
844,C1,720e-3,4,150,,5.105e-9
845,C0,720e-3,5,-40,,5.312e-9
845,C1,720e-3,5,150,,5.412e-9
846,C0,720e-3,6,-40,,4.869e-9
846,C1,720e-3,6,150,,4.965e-9
847,C0,720e-3,7,-40,,5.17e-9
847,C1,720e-3,7,150,,5.219e-9
848,C0,720e-3,8,-40,,5.43e-9
848,C1,720e-3,8,150,,5.491e-9
849,C0,720e-3,9,-40,,5.055e-9
849,C1,720e-3,9,150,,5.155e-9
850,C0,720e-3,10,-40,,5.204e-9
850,C1,720e-3,10,150,,5.283e-9
851,C0,720e-3,11,-40,,4.906e-9
851,C1,720e-3,11,150,,5.027e-9
852,C0,720e-3,12,-40,,5.241e-9
852,C1,720e-3,12,150,,5.33e-9
853,C0,720e-3,13,-40,,5.026e-9
853,C1,720e-3,13,150,,5.091e-9
854,C0,720e-3,14,-40,,5.115e-9
854,C1,720e-3,14,150,,5.19e-9
855,C0,720e-3,15,-40,,4.834e-9
855,C1,720e-3,15,150,,4.945e-9
856,C0,720e-3,16,-40,,4.926e-9
856,C1,720e-3,16,150,,4.995e-9
857,C0,720e-3,17,-40,,5.166e-9
857,C1,720e-3,17,150,,5.255e-9
858,C0,720e-3,18,-40,,5.012e-9
858,C1,720e-3,18,150,,5.124e-9
859,C0,720e-3,19,-40,,5.365e-9
859,C1,720e-3,19,150,,5.439e-9
860,C0,720e-3,20,-40,,4.788e-9
860,C1,720e-3,20,150,,4.891e-9
861,C0,720e-3,21,-40,,5.11e-9
861,C1,720e-3,21,150,,5.181e-9
862,C0,720e-3,22,-40,,4.958e-9
862,C1,720e-3,22,150,,5.109e-9
863,C0,720e-3,23,-40,,5.241e-9
863,C1,720e-3,23,150,,5.321e-9
864,C0,720e-3,24,-40,,5.15e-9
864,C1,720e-3,24,150,,5.246e-9
865,C0,720e-3,25,-40,,4.88e-9
865,C1,720e-3,25,150,,4.954e-9
866,C0,720e-3,26,-40,,5.259e-9
866,C1,720e-3,26,150,,5.383e-9
867,C0,720e-3,27,-40,,5.019e-9
867,C1,720e-3,27,150,,5.103e-9
868,C0,720e-3,28,-40,,5.222e-9
868,C1,720e-3,28,150,,5.275e-9
869,C0,720e-3,29,-40,,4.957e-9
869,C1,720e-3,29,150,,5.047e-9
870,C0,720e-3,30,-40,,4.592e-9
870,C1,720e-3,30,150,,4.702e-9
871,C0,720e-3,31,-40,,5.086e-9
871,C1,720e-3,31,150,,5.161e-9
872,C0,720e-3,32,-40,,5.484e-9
872,C1,720e-3,32,150,,5.584e-9
873,C0,720e-3,33,-40,,5.101e-9
873,C1,720e-3,33,150,,5.177e-9
874,C0,720e-3,34,-40,,5.223e-9
874,C1,720e-3,34,150,,5.277e-9
875,C0,720e-3,35,-40,,4.928e-9
875,C1,720e-3,35,150,,5.02e-9
876,C0,720e-3,36,-40,,5.257e-9
876,C1,720e-3,36,150,,5.38e-9
877,C0,720e-3,37,-40,,4.993e-9
877,C1,720e-3,37,150,,5.077e-9
878,C0,720e-3,38,-40,,5.116e-9
878,C1,720e-3,38,150,,5.212e-9
879,C0,720e-3,39,-40,,4.85e-9
879,C1,720e-3,39,150,,4.928e-9
880,C0,720e-3,40,-40,,4.966e-9
880,C1,720e-3,40,150,,5.079e-9
881,C0,720e-3,41,-40,,5.216e-9
881,C1,720e-3,41,150,,5.304e-9
882,C0,720e-3,42,-40,,4.77e-9
882,C1,720e-3,42,150,,4.868e-9
883,C0,720e-3,43,-40,,5.088e-9
883,C1,720e-3,43,150,,5.157e-9
884,C0,720e-3,44,-40,,5.022e-9
884,C1,720e-3,44,150,,5.125e-9
885,C0,720e-3,45,-40,,5.365e-9
885,C1,720e-3,45,150,,5.434e-9
886,C0,720e-3,46,-40,,4.944e-9
886,C1,720e-3,46,150,,4.997e-9
887,C0,720e-3,47,-40,,5.141e-9
887,C1,720e-3,47,150,,5.224e-9
888,C0,720e-3,48,-40,,5.146e-9
888,C1,720e-3,48,150,,5.231e-9
889,C0,720e-3,49,-40,,4.858e-9
889,C1,720e-3,49,150,,4.976e-9
890,C0,720e-3,50,-40,,5.292e-9
890,C1,720e-3,50,150,,5.384e-9
891,C0,720e-3,51,-40,,5.057e-9
891,C1,720e-3,51,150,,5.122e-9
892,C0,720e-3,52,-40,,5.206e-9
892,C1,720e-3,52,150,,5.293e-9
893,C0,720e-3,53,-40,,4.984e-9
893,C1,720e-3,53,150,,5.021e-9
894,C0,720e-3,54,-40,,4.714e-9
894,C1,720e-3,54,150,,4.796e-9
895,C0,720e-3,55,-40,,5.066e-9
895,C1,720e-3,55,150,,5.17e-9
896,C0,720e-3,56,-40,,4.926e-9
896,C1,720e-3,56,150,,5.018e-9
897,C0,720e-3,57,-40,,5.143e-9
897,C1,720e-3,57,150,,5.263e-9
898,C0,720e-3,58,-40,,5.076e-9
898,C1,720e-3,58,150,,5.144e-9
899,C0,720e-3,59,-40,,5.376e-9
899,C1,720e-3,59,150,,5.471e-9
900,C0,720e-3,60,-40,,4.832e-9
900,C1,720e-3,60,150,,4.92e-9
901,C0,720e-3,61,-40,,5.09e-9
901,C1,720e-3,61,150,,5.198e-9
902,C0,720e-3,62,-40,,4.989e-9
902,C1,720e-3,62,150,,5.083e-9
903,C0,720e-3,63,-40,,5.241e-9
903,C1,720e-3,63,150,,5.282e-9
904,C0,720e-3,64,-40,,4.917e-9
904,C1,720e-3,64,150,,5.044e-9
905,C0,720e-3,65,-40,,5.182e-9
905,C1,720e-3,65,150,,5.267e-9
906,C0,720e-3,66,-40,,5.041e-9
906,C1,720e-3,66,150,,5.15e-9
907,C0,720e-3,67,-40,,5.473e-9
907,C1,720e-3,67,150,,5.535e-9
908,C0,720e-3,68,-40,,4.825e-9
908,C1,720e-3,68,150,,4.946e-9
909,C0,720e-3,69,-40,,5.131e-9
909,C1,720e-3,69,150,,5.21e-9
910,C0,720e-3,70,-40,,4.999e-9
910,C1,720e-3,70,150,,5.057e-9
911,C0,750e-3,1,-40,,6.197e-9
911,C1,750e-3,1,150,,6.244e-9
912,C0,750e-3,2,-40,,5.591e-9
912,C1,750e-3,2,150,,5.659e-9
913,C0,750e-3,3,-40,,6.007e-9
913,C1,750e-3,3,150,,6.102e-9
914,C0,750e-3,4,-40,,5.948e-9
914,C1,750e-3,4,150,,6.002e-9
915,C0,750e-3,5,-40,,6.295e-9
915,C1,750e-3,5,150,,6.378e-9
916,C0,750e-3,6,-40,,5.753e-9
916,C1,750e-3,6,150,,5.832e-9
917,C0,750e-3,7,-40,,6.112e-9
917,C1,750e-3,7,150,,6.141e-9
918,C0,750e-3,8,-40,,6.446e-9
918,C1,750e-3,8,150,,6.485e-9
919,C0,750e-3,9,-40,,5.975e-9
919,C1,750e-3,9,150,,6.057e-9
920,C0,750e-3,10,-40,,6.151e-9
920,C1,750e-3,10,150,,6.214e-9
921,C0,750e-3,11,-40,,5.793e-9
921,C1,750e-3,11,150,,5.901e-9
922,C0,750e-3,12,-40,,6.215e-9
922,C1,750e-3,12,150,,6.284e-9
923,C0,750e-3,13,-40,,5.933e-9
923,C1,750e-3,13,150,,5.979e-9
924,C0,750e-3,14,-40,,6.049e-9
924,C1,750e-3,14,150,,6.111e-9
925,C0,750e-3,15,-40,,5.698e-9
925,C1,750e-3,15,150,,5.794e-9
926,C0,750e-3,16,-40,,5.812e-9
926,C1,750e-3,16,150,,5.865e-9
927,C0,750e-3,17,-40,,6.11e-9
927,C1,750e-3,17,150,,6.185e-9
928,C0,750e-3,18,-40,,5.931e-9
928,C1,750e-3,18,150,,6.023e-9
929,C0,750e-3,19,-40,,6.359e-9
929,C1,750e-3,19,150,,6.417e-9
930,C0,750e-3,20,-40,,5.641e-9
930,C1,750e-3,20,150,,5.727e-9
931,C0,750e-3,21,-40,,6.041e-9
931,C1,750e-3,21,150,,6.096e-9
932,C0,750e-3,22,-40,,5.861e-9
932,C1,750e-3,22,150,,5.999e-9
933,C0,750e-3,23,-40,,6.204e-9
933,C1,750e-3,23,150,,6.269e-9
934,C0,750e-3,24,-40,,6.085e-9
934,C1,750e-3,24,150,,6.162e-9
935,C0,750e-3,25,-40,,5.751e-9
935,C1,750e-3,25,150,,5.807e-9
936,C0,750e-3,26,-40,,6.236e-9
936,C1,750e-3,26,150,,6.345e-9
937,C0,750e-3,27,-40,,5.926e-9
937,C1,750e-3,27,150,,5.994e-9
938,C0,750e-3,28,-40,,6.178e-9
938,C1,750e-3,28,150,,6.212e-9
939,C0,750e-3,29,-40,,5.849e-9
939,C1,750e-3,29,150,,5.923e-9
940,C0,750e-3,30,-40,,5.404e-9
940,C1,750e-3,30,150,,5.501e-9
941,C0,750e-3,31,-40,,6.01e-9
941,C1,750e-3,31,150,,6.068e-9
942,C0,750e-3,32,-40,,6.512e-9
942,C1,750e-3,32,150,,6.595e-9
943,C0,750e-3,33,-40,,6.02e-9
943,C1,750e-3,33,150,,6.081e-9
944,C0,750e-3,34,-40,,6.175e-9
944,C1,750e-3,34,150,,6.211e-9
945,C0,750e-3,35,-40,,5.819e-9
945,C1,750e-3,35,150,,5.896e-9
946,C0,750e-3,36,-40,,6.228e-9
946,C1,750e-3,36,150,,6.336e-9
947,C0,750e-3,37,-40,,5.899e-9
947,C1,750e-3,37,150,,5.973e-9
948,C0,750e-3,38,-40,,6.05e-9
948,C1,750e-3,38,150,,6.129e-9
949,C0,750e-3,39,-40,,5.721e-9
949,C1,750e-3,39,150,,5.782e-9
950,C0,750e-3,40,-40,,5.866e-9
950,C1,750e-3,40,150,,5.963e-9
951,C0,750e-3,41,-40,,6.179e-9
951,C1,750e-3,41,150,,6.249e-9
952,C0,750e-3,42,-40,,5.62e-9
952,C1,750e-3,42,150,,5.702e-9
953,C0,750e-3,43,-40,,6.022e-9
953,C1,750e-3,43,150,,6.069e-9
954,C0,750e-3,44,-40,,5.937e-9
954,C1,750e-3,44,150,,6.024e-9
955,C0,750e-3,45,-40,,6.351e-9
955,C1,750e-3,45,150,,6.404e-9
956,C0,750e-3,46,-40,,5.824e-9
956,C1,750e-3,46,150,,5.86e-9
957,C0,750e-3,47,-40,,6.086e-9
957,C1,750e-3,47,150,,6.153e-9
958,C0,750e-3,48,-40,,6.085e-9
958,C1,750e-3,48,150,,6.154e-9
959,C0,750e-3,49,-40,,5.735e-9
959,C1,750e-3,49,150,,5.836e-9
960,C0,750e-3,50,-40,,6.272e-9
960,C1,750e-3,50,150,,6.344e-9
961,C0,750e-3,51,-40,,5.965e-9
961,C1,750e-3,51,150,,6.016e-9
962,C0,750e-3,52,-40,,6.163e-9
962,C1,750e-3,52,150,,6.232e-9
963,C0,750e-3,53,-40,,5.884e-9
963,C1,750e-3,53,150,,5.901e-9
964,C0,750e-3,54,-40,,5.545e-9
964,C1,750e-3,54,150,,5.609e-9
965,C0,750e-3,55,-40,,5.992e-9
965,C1,750e-3,55,150,,6.082e-9
966,C0,750e-3,56,-40,,5.812e-9
966,C1,750e-3,56,150,,5.889e-9
967,C0,750e-3,57,-40,,6.092e-9
967,C1,750e-3,57,150,,6.198e-9
968,C0,750e-3,58,-40,,5.992e-9
968,C1,750e-3,58,150,,6.043e-9
969,C0,750e-3,59,-40,,6.377e-9
969,C1,750e-3,59,150,,6.452e-9
970,C0,750e-3,60,-40,,5.693e-9
970,C1,750e-3,60,150,,5.766e-9
971,C0,750e-3,61,-40,,6.024e-9
971,C1,750e-3,61,150,,6.116e-9
972,C0,750e-3,62,-40,,5.893e-9
972,C1,750e-3,62,150,,5.971e-9
973,C0,750e-3,63,-40,,6.213e-9
973,C1,750e-3,63,150,,6.236e-9
974,C0,750e-3,64,-40,,5.804e-9
974,C1,750e-3,64,150,,5.916e-9
975,C0,750e-3,65,-40,,6.134e-9
975,C1,750e-3,65,150,,6.201e-9
976,C0,750e-3,66,-40,,5.963e-9
976,C1,750e-3,66,150,,6.057e-9
977,C0,750e-3,67,-40,,6.491e-9
977,C1,750e-3,67,150,,6.535e-9
978,C0,750e-3,68,-40,,5.694e-9
978,C1,750e-3,68,150,,5.8e-9
979,C0,750e-3,69,-40,,6.065e-9
979,C1,750e-3,69,150,,6.126e-9
980,C0,750e-3,70,-40,,5.915e-9
980,C1,750e-3,70,150,,5.954e-9
981,C0,780e-3,1,-40,,7.162e-9
981,C1,780e-3,1,150,,7.191e-9
982,C0,780e-3,2,-40,,6.442e-9
982,C1,780e-3,2,150,,6.495e-9
983,C0,780e-3,3,-40,,6.941e-9
983,C1,780e-3,3,150,,7.019e-9
984,C0,780e-3,4,-40,,6.87e-9
984,C1,780e-3,4,150,,6.907e-9
985,C0,780e-3,5,-40,,7.284e-9
985,C1,780e-3,5,150,,7.349e-9
986,C0,780e-3,6,-40,,6.641e-9
986,C1,780e-3,6,150,,6.699e-9
987,C0,780e-3,7,-40,,7.06e-9
987,C1,780e-3,7,150,,7.066e-9
988,C0,780e-3,8,-40,,7.464e-9
988,C1,780e-3,8,150,,7.477e-9
989,C0,780e-3,9,-40,,6.899e-9
989,C1,780e-3,9,150,,6.967e-9
990,C0,780e-3,10,-40,,7.104e-9
990,C1,780e-3,10,150,,7.149e-9
991,C0,780e-3,11,-40,,6.689e-9
991,C1,780e-3,11,150,,6.781e-9
992,C0,780e-3,12,-40,,7.197e-9
992,C1,780e-3,12,150,,7.25e-9
993,C0,780e-3,13,-40,,6.845e-9
993,C1,780e-3,13,150,,6.876e-9
994,C0,780e-3,14,-40,,6.992e-9
994,C1,780e-3,14,150,,7.032e-9
995,C0,780e-3,15,-40,,6.568e-9
995,C1,780e-3,15,150,,6.65e-9
996,C0,780e-3,16,-40,,6.704e-9
996,C1,780e-3,16,150,,6.745e-9
997,C0,780e-3,17,-40,,7.062e-9
997,C1,780e-3,17,150,,7.117e-9
998,C0,780e-3,18,-40,,6.856e-9
998,C1,780e-3,18,150,,6.929e-9
999,C0,780e-3,19,-40,,7.36e-9
999,C1,780e-3,19,150,,7.402e-9
1e3,C0,780e-3,20,-40,,6.501e-9
1e3,C1,780e-3,20,150,,6.574e-9
1.001e3,C0,780e-3,21,-40,,6.98e-9
1.001e3,C1,780e-3,21,150,,7.021e-9
1.002e3,C0,780e-3,22,-40,,6.771e-9
1.002e3,C1,780e-3,22,150,,6.899e-9
1.003e3,C0,780e-3,23,-40,,7.174e-9
1.003e3,C1,780e-3,23,150,,7.22e-9
1.004e3,C0,780e-3,24,-40,,7.027e-9
1.004e3,C1,780e-3,24,150,,7.089e-9
1.005e3,C0,780e-3,25,-40,,6.631e-9
1.005e3,C1,780e-3,25,150,,6.666e-9
1.006e3,C0,780e-3,26,-40,,7.221e-9
1.006e3,C1,780e-3,26,150,,7.316e-9
1.007e3,C0,780e-3,27,-40,,6.841e-9
1.007e3,C1,780e-3,27,150,,6.893e-9
1.008e3,C0,780e-3,28,-40,,7.142e-9
1.008e3,C1,780e-3,28,150,,7.16e-9
1.009e3,C0,780e-3,29,-40,,6.747e-9
1.009e3,C1,780e-3,29,150,,6.806e-9
1.01e3,C0,780e-3,30,-40,,6.225e-9
1.01e3,C1,780e-3,30,150,,6.307e-9
1.011e3,C0,780e-3,31,-40,,6.944e-9
1.011e3,C1,780e-3,31,150,,6.985e-9
1.012e3,C0,780e-3,32,-40,,7.548e-9
1.012e3,C1,780e-3,32,150,,7.615e-9
1.013e3,C0,780e-3,33,-40,,6.945e-9
1.013e3,C1,780e-3,33,150,,6.988e-9
1.014e3,C0,780e-3,34,-40,,7.134e-9
1.014e3,C1,780e-3,34,150,,7.156e-9
1.015e3,C0,780e-3,35,-40,,6.719e-9
1.015e3,C1,780e-3,35,150,,6.785e-9
1.016e3,C0,780e-3,36,-40,,7.205e-9
1.016e3,C1,780e-3,36,150,,7.296e-9
1.017e3,C0,780e-3,37,-40,,6.815e-9
1.017e3,C1,780e-3,37,150,,6.861e-9
1.018e3,C0,780e-3,38,-40,,6.993e-9
1.018e3,C1,780e-3,38,150,,7.056e-9
1.019e3,C0,780e-3,39,-40,,6.601e-9
1.019e3,C1,780e-3,39,150,,6.646e-9
1.02e3,C0,780e-3,40,-40,,6.769e-9
1.02e3,C1,780e-3,40,150,,6.856e-9
1.021e3,C0,780e-3,41,-40,,7.148e-9
1.021e3,C1,780e-3,41,150,,7.2e-9
1.022e3,C0,780e-3,42,-40,,6.478e-9
1.022e3,C1,780e-3,42,150,,6.54e-9
1.023e3,C0,780e-3,43,-40,,6.961e-9
1.023e3,C1,780e-3,43,150,,6.986e-9
1.024e3,C0,780e-3,44,-40,,6.858e-9
1.024e3,C1,780e-3,44,150,,6.934e-9
1.025e3,C0,780e-3,45,-40,,7.345e-9
1.025e3,C1,780e-3,45,150,,7.378e-9
1.026e3,C0,780e-3,46,-40,,6.714e-9
1.026e3,C1,780e-3,46,150,,6.732e-9
1.027e3,C0,780e-3,47,-40,,7.037e-9
1.027e3,C1,780e-3,47,150,,7.081e-9
1.028e3,C0,780e-3,48,-40,,7.034e-9
1.028e3,C1,780e-3,48,150,,7.082e-9
1.029e3,C0,780e-3,49,-40,,6.62e-9
1.029e3,C1,780e-3,49,150,,6.708e-9
1.03e3,C0,780e-3,50,-40,,7.259e-9
1.03e3,C1,780e-3,50,150,,7.315e-9
1.031e3,C0,780e-3,51,-40,,6.881e-9
1.031e3,C1,780e-3,51,150,,6.911e-9
1.032e3,C0,780e-3,52,-40,,7.126e-9
1.032e3,C1,780e-3,52,150,,7.179e-9
1.033e3,C0,780e-3,53,-40,,6.798e-9
1.033e3,C1,780e-3,53,150,,6.781e-9
1.034e3,C0,780e-3,54,-40,,6.381e-9
1.034e3,C1,780e-3,54,150,,6.428e-9
1.035e3,C0,780e-3,55,-40,,6.927e-9
1.035e3,C1,780e-3,55,150,,6.991e-9
1.036e3,C0,780e-3,56,-40,,6.708e-9
1.036e3,C1,780e-3,56,150,,6.766e-9
1.037e3,C0,780e-3,57,-40,,7.053e-9
1.037e3,C1,780e-3,57,150,,7.131e-9
1.038e3,C0,780e-3,58,-40,,6.914e-9
1.038e3,C1,780e-3,58,150,,6.95e-9
1.039e3,C0,780e-3,59,-40,,7.387e-9
1.039e3,C1,780e-3,59,150,,7.439e-9
1.04e3,C0,780e-3,60,-40,,6.56e-9
1.04e3,C1,780e-3,60,150,,6.616e-9
1.041e3,C0,780e-3,61,-40,,6.969e-9
1.041e3,C1,780e-3,61,150,,7.033e-9
1.042e3,C0,780e-3,62,-40,,6.804e-9
1.042e3,C1,780e-3,62,150,,6.865e-9
1.043e3,C0,780e-3,63,-40,,7.196e-9
1.043e3,C1,780e-3,63,150,,7.185e-9
1.044e3,C0,780e-3,64,-40,,6.697e-9
1.044e3,C1,780e-3,64,150,,6.796e-9
1.045e3,C0,780e-3,65,-40,,7.092e-9
1.045e3,C1,780e-3,65,150,,7.142e-9
1.046e3,C0,780e-3,66,-40,,6.894e-9
1.046e3,C1,780e-3,66,150,,6.969e-9
1.047e3,C0,780e-3,67,-40,,7.515e-9
1.047e3,C1,780e-3,67,150,,7.543e-9
1.048e3,C0,780e-3,68,-40,,6.57e-9
1.048e3,C1,780e-3,68,150,,6.661e-9
1.049e3,C0,780e-3,69,-40,,7.005e-9
1.049e3,C1,780e-3,69,150,,7.054e-9
1.05e3,C0,780e-3,70,-40,,6.825e-9
1.05e3,C1,780e-3,70,150,,6.838e-9
1.051e3,C0,810e-3,1,-40,,8.136e-9
1.051e3,C1,810e-3,1,150,,8.145e-9
1.052e3,C0,810e-3,2,-40,,7.295e-9
1.052e3,C1,810e-3,2,150,,7.328e-9
1.053e3,C0,810e-3,3,-40,,7.877e-9
1.053e3,C1,810e-3,3,150,,7.944e-9
1.054e3,C0,810e-3,4,-40,,7.795e-9
1.054e3,C1,810e-3,4,150,,7.809e-9
1.055e3,C0,810e-3,5,-40,,8.282e-9
1.055e3,C1,810e-3,5,150,,8.328e-9
1.056e3,C0,810e-3,6,-40,,7.54e-9
1.056e3,C1,810e-3,6,150,,7.574e-9
1.057e3,C0,810e-3,7,-40,,8.016e-9
1.057e3,C1,810e-3,7,150,,7.999e-9
1.058e3,C0,810e-3,8,-40,,8.493e-9
1.058e3,C1,810e-3,8,150,,8.479e-9
1.059e3,C0,810e-3,9,-40,,7.834e-9
1.059e3,C1,810e-3,9,150,,7.878e-9
1.06e3,C0,810e-3,10,-40,,8.07e-9
1.06e3,C1,810e-3,10,150,,8.099e-9
1.061e3,C0,810e-3,11,-40,,7.589e-9
1.061e3,C1,810e-3,11,150,,7.662e-9
1.062e3,C0,810e-3,12,-40,,8.181e-9
1.062e3,C1,810e-3,12,150,,8.201e-9
1.063e3,C0,810e-3,13,-40,,7.765e-9
1.063e3,C1,810e-3,13,150,,7.784e-9
1.064e3,C0,810e-3,14,-40,,7.94e-9
1.064e3,C1,810e-3,14,150,,7.955e-9
1.065e3,C0,810e-3,15,-40,,7.446e-9
1.065e3,C1,810e-3,15,150,,7.518e-9
1.066e3,C0,810e-3,16,-40,,7.605e-9
1.066e3,C1,810e-3,16,150,,7.622e-9
1.067e3,C0,810e-3,17,-40,,8.024e-9
1.067e3,C1,810e-3,17,150,,8.058e-9
1.068e3,C0,810e-3,18,-40,,7.786e-9
1.068e3,C1,810e-3,18,150,,7.842e-9
1.069e3,C0,810e-3,19,-40,,8.369e-9
1.069e3,C1,810e-3,19,150,,8.389e-9
1.07e3,C0,810e-3,20,-40,,7.365e-9
1.07e3,C1,810e-3,20,150,,7.417e-9
1.071e3,C0,810e-3,21,-40,,7.93e-9
1.071e3,C1,810e-3,21,150,,7.944e-9
1.072e3,C0,810e-3,22,-40,,7.686e-9
1.072e3,C1,810e-3,22,150,,7.792e-9
1.073e3,C0,810e-3,23,-40,,8.158e-9
1.073e3,C1,810e-3,23,150,,8.179e-9
1.074e3,C0,810e-3,24,-40,,7.977e-9
1.074e3,C1,810e-3,24,150,,8.019e-9
1.075e3,C0,810e-3,25,-40,,7.517e-9
1.075e3,C1,810e-3,25,150,,7.532e-9
1.076e3,C0,810e-3,26,-40,,8.211e-9
1.076e3,C1,810e-3,26,150,,8.278e-9
1.077e3,C0,810e-3,27,-40,,7.771e-9
1.077e3,C1,810e-3,27,150,,7.791e-9
1.078e3,C0,810e-3,28,-40,,8.111e-9
1.078e3,C1,810e-3,28,150,,8.106e-9
1.079e3,C0,810e-3,29,-40,,7.651e-9
1.079e3,C1,810e-3,29,150,,7.688e-9
1.08e3,C0,810e-3,30,-40,,7.048e-9
1.08e3,C1,810e-3,30,150,,7.11e-9
1.081e3,C0,810e-3,31,-40,,7.878e-9
1.081e3,C1,810e-3,31,150,,7.902e-9
1.082e3,C0,810e-3,32,-40,,8.591e-9
1.082e3,C1,810e-3,32,150,,8.629e-9
1.083e3,C0,810e-3,33,-40,,7.882e-9
1.083e3,C1,810e-3,33,150,,7.909e-9
1.084e3,C0,810e-3,34,-40,,8.1e-9
1.084e3,C1,810e-3,34,150,,8.099e-9
1.085e3,C0,810e-3,35,-40,,7.622e-9
1.085e3,C1,810e-3,35,150,,7.66e-9
1.086e3,C0,810e-3,36,-40,,8.19e-9
1.086e3,C1,810e-3,36,150,,8.264e-9
1.087e3,C0,810e-3,37,-40,,7.732e-9
1.087e3,C1,810e-3,37,150,,7.761e-9
1.088e3,C0,810e-3,38,-40,,7.941e-9
1.088e3,C1,810e-3,38,150,,7.982e-9
1.089e3,C0,810e-3,39,-40,,7.485e-9
1.089e3,C1,810e-3,39,150,,7.505e-9
1.09e3,C0,810e-3,40,-40,,7.682e-9
1.09e3,C1,810e-3,40,150,,7.749e-9
1.091e3,C0,810e-3,41,-40,,8.126e-9
1.091e3,C1,810e-3,41,150,,8.152e-9
1.092e3,C0,810e-3,42,-40,,7.34e-9
1.092e3,C1,810e-3,42,150,,7.385e-9
1.093e3,C0,810e-3,43,-40,,7.904e-9
1.093e3,C1,810e-3,43,150,,7.91e-9
1.094e3,C0,810e-3,44,-40,,7.786e-9
1.094e3,C1,810e-3,44,150,,7.842e-9
1.095e3,C0,810e-3,45,-40,,8.347e-9
1.095e3,C1,810e-3,45,150,,8.359e-9
1.096e3,C0,810e-3,46,-40,,7.606e-9
1.096e3,C1,810e-3,46,150,,7.603e-9
1.097e3,C0,810e-3,47,-40,,7.995e-9
1.097e3,C1,810e-3,47,150,,8.018e-9
1.098e3,C0,810e-3,48,-40,,7.986e-9
1.098e3,C1,810e-3,48,150,,8.013e-9
1.099e3,C0,810e-3,49,-40,,7.508e-9
1.099e3,C1,810e-3,49,150,,7.575e-9
1.1e3,C0,810e-3,50,-40,,8.254e-9
1.1e3,C1,810e-3,50,150,,8.283e-9
1.101e3,C0,810e-3,51,-40,,7.803e-9
1.101e3,C1,810e-3,51,150,,7.818e-9
1.102e3,C0,810e-3,52,-40,,8.097e-9
1.102e3,C1,810e-3,52,150,,8.126e-9
1.103e3,C0,810e-3,53,-40,,7.698e-9
1.103e3,C1,810e-3,53,150,,7.671e-9
1.104e3,C0,810e-3,54,-40,,7.224e-9
1.104e3,C1,810e-3,54,150,,7.254e-9
1.105e3,C0,810e-3,55,-40,,7.867e-9
1.105e3,C1,810e-3,55,150,,7.913e-9
1.106e3,C0,810e-3,56,-40,,7.606e-9
1.106e3,C1,810e-3,56,150,,7.644e-9
1.107e3,C0,810e-3,57,-40,,8.01e-9
1.107e3,C1,810e-3,57,150,,8.076e-9
1.108e3,C0,810e-3,58,-40,,7.846e-9
1.108e3,C1,810e-3,58,150,,7.856e-9
1.109e3,C0,810e-3,59,-40,,8.403e-9
1.109e3,C1,810e-3,59,150,,8.434e-9
1.11e3,C0,810e-3,60,-40,,7.435e-9
1.11e3,C1,810e-3,60,150,,7.476e-9
1.111e3,C0,810e-3,61,-40,,7.914e-9
1.111e3,C1,810e-3,61,150,,7.962e-9
1.112e3,C0,810e-3,62,-40,,7.728e-9
1.112e3,C1,810e-3,62,150,,7.76e-9
1.113e3,C0,810e-3,63,-40,,8.174e-9
1.113e3,C1,810e-3,63,150,,8.145e-9
1.114e3,C0,810e-3,64,-40,,7.597e-9
1.114e3,C1,810e-3,64,150,,7.676e-9
1.115e3,C0,810e-3,65,-40,,8.057e-9
1.115e3,C1,810e-3,65,150,,8.082e-9
1.116e3,C0,810e-3,66,-40,,7.83e-9
1.116e3,C1,810e-3,66,150,,7.881e-9
1.117e3,C0,810e-3,67,-40,,8.547e-9
1.117e3,C1,810e-3,67,150,,8.552e-9
1.118e3,C0,810e-3,68,-40,,7.452e-9
1.118e3,C1,810e-3,68,150,,7.521e-9
1.119e3,C0,810e-3,69,-40,,7.96e-9
1.119e3,C1,810e-3,69,150,,7.981e-9
1.12e3,C0,810e-3,70,-40,,7.744e-9
1.12e3,C1,810e-3,70,150,,7.737e-9
1.121e3,C0,840e-3,1,-40,,9.122e-9
1.121e3,C1,840e-3,1,150,,9.101e-9
1.122e3,C0,840e-3,2,-40,,8.159e-9
1.122e3,C1,840e-3,2,150,,8.174e-9
1.123e3,C0,840e-3,3,-40,,8.825e-9
1.123e3,C1,840e-3,3,150,,8.872e-9
1.124e3,C0,840e-3,4,-40,,8.729e-9
1.124e3,C1,840e-3,4,150,,8.726e-9
1.125e3,C0,840e-3,5,-40,,9.292e-9
1.125e3,C1,840e-3,5,150,,9.31e-9
1.126e3,C0,840e-3,6,-40,,8.436e-9
1.126e3,C1,840e-3,6,150,,8.455e-9
1.127e3,C0,840e-3,7,-40,,8.975e-9
1.127e3,C1,840e-3,7,150,,8.944e-9
1.128e3,C0,840e-3,8,-40,,9.528e-9
1.128e3,C1,840e-3,8,150,,9.495e-9
1.129e3,C0,840e-3,9,-40,,8.774e-9
1.129e3,C1,840e-3,9,150,,8.8e-9
1.13e3,C0,840e-3,10,-40,,9.039e-9
1.13e3,C1,840e-3,10,150,,9.047e-9
1.131e3,C0,840e-3,11,-40,,8.497e-9
1.131e3,C1,840e-3,11,150,,8.555e-9
1.132e3,C0,840e-3,12,-40,,9.169e-9
1.132e3,C1,840e-3,12,150,,9.176e-9
1.133e3,C0,840e-3,13,-40,,8.697e-9
1.133e3,C1,840e-3,13,150,,8.689e-9
1.134e3,C0,840e-3,14,-40,,8.894e-9
1.134e3,C1,840e-3,14,150,,8.893e-9
1.135e3,C0,840e-3,15,-40,,8.332e-9
1.135e3,C1,840e-3,15,150,,8.384e-9
1.136e3,C0,840e-3,16,-40,,8.51e-9
1.136e3,C1,840e-3,16,150,,8.503e-9
1.137e3,C0,840e-3,17,-40,,8.988e-9
1.137e3,C1,840e-3,17,150,,9.002e-9
1.138e3,C0,840e-3,18,-40,,8.725e-9
1.138e3,C1,840e-3,18,150,,8.764e-9
1.139e3,C0,840e-3,19,-40,,9.394e-9
1.139e3,C1,840e-3,19,150,,9.378e-9
1.14e3,C0,840e-3,20,-40,,8.241e-9
1.14e3,C1,840e-3,20,150,,8.277e-9
1.141e3,C0,840e-3,21,-40,,8.879e-9
1.141e3,C1,840e-3,21,150,,8.869e-9
1.142e3,C0,840e-3,22,-40,,8.61e-9
1.142e3,C1,840e-3,22,150,,8.702e-9
1.143e3,C0,840e-3,23,-40,,9.132e-9
1.143e3,C1,840e-3,23,150,,9.14e-9
1.144e3,C0,840e-3,24,-40,,8.931e-9
1.144e3,C1,840e-3,24,150,,8.96e-9
1.145e3,C0,840e-3,25,-40,,8.412e-9
1.145e3,C1,840e-3,25,150,,8.408e-9
1.146e3,C0,840e-3,26,-40,,9.209e-9
1.146e3,C1,840e-3,26,150,,9.261e-9
1.147e3,C0,840e-3,27,-40,,8.691e-9
1.147e3,C1,840e-3,27,150,,8.702e-9
1.148e3,C0,840e-3,28,-40,,9.087e-9
1.148e3,C1,840e-3,28,150,,9.054e-9
1.149e3,C0,840e-3,29,-40,,8.566e-9
1.149e3,C1,840e-3,29,150,,8.585e-9
1.15e3,C0,840e-3,30,-40,,7.878e-9
1.15e3,C1,840e-3,30,150,,7.925e-9
1.151e3,C0,840e-3,31,-40,,8.824e-9
1.151e3,C1,840e-3,31,150,,8.821e-9
1.152e3,C0,840e-3,32,-40,,9.65e-9
1.152e3,C1,840e-3,32,150,,9.66e-9
1.153e3,C0,840e-3,33,-40,,8.821e-9
1.153e3,C1,840e-3,33,150,,8.822e-9
1.154e3,C0,840e-3,34,-40,,9.071e-9
1.154e3,C1,840e-3,34,150,,9.046e-9
1.155e3,C0,840e-3,35,-40,,8.534e-9
1.155e3,C1,840e-3,35,150,,8.553e-9
1.156e3,C0,840e-3,36,-40,,9.182e-9
1.156e3,C1,840e-3,36,150,,9.236e-9
1.157e3,C0,840e-3,37,-40,,8.659e-9
1.157e3,C1,840e-3,37,150,,8.672e-9
1.158e3,C0,840e-3,38,-40,,8.897e-9
1.158e3,C1,840e-3,38,150,,8.921e-9
1.159e3,C0,840e-3,39,-40,,8.375e-9
1.159e3,C1,840e-3,39,150,,8.373e-9
1.16e3,C0,840e-3,40,-40,,8.601e-9
1.16e3,C1,840e-3,40,150,,8.647e-9
1.161e3,C0,840e-3,41,-40,,9.118e-9
1.161e3,C1,840e-3,41,150,,9.118e-9
1.162e3,C0,840e-3,42,-40,,8.214e-9
1.162e3,C1,840e-3,42,150,,8.239e-9
1.163e3,C0,840e-3,43,-40,,8.858e-9
1.163e3,C1,840e-3,43,150,,8.84e-9
1.164e3,C0,840e-3,44,-40,,8.725e-9
1.164e3,C1,840e-3,44,150,,8.752e-9
1.165e3,C0,840e-3,45,-40,,9.356e-9
1.165e3,C1,840e-3,45,150,,9.359e-9
1.166e3,C0,840e-3,46,-40,,8.509e-9
1.166e3,C1,840e-3,46,150,,8.486e-9
1.167e3,C0,840e-3,47,-40,,8.96e-9
1.167e3,C1,840e-3,47,150,,8.966e-9
1.168e3,C0,840e-3,48,-40,,8.947e-9
1.168e3,C1,840e-3,48,150,,8.955e-9
1.169e3,C0,840e-3,49,-40,,8.405e-9
1.169e3,C1,840e-3,49,150,,8.453e-9
1.17e3,C0,840e-3,50,-40,,9.255e-9
1.17e3,C1,840e-3,50,150,,9.268e-9
1.171e3,C0,840e-3,51,-40,,8.739e-9
1.171e3,C1,840e-3,51,150,,8.725e-9
1.172e3,C0,840e-3,52,-40,,9.082e-9
1.172e3,C1,840e-3,52,150,,9.085e-9
1.173e3,C0,840e-3,53,-40,,8.615e-9
1.173e3,C1,840e-3,53,150,,8.563e-9
1.174e3,C0,840e-3,54,-40,,8.077e-9
1.174e3,C1,840e-3,54,150,,8.089e-9
1.175e3,C0,840e-3,55,-40,,8.812e-9
1.175e3,C1,840e-3,55,150,,8.844e-9
1.176e3,C0,840e-3,56,-40,,8.515e-9
1.176e3,C1,840e-3,56,150,,8.533e-9
1.177e3,C0,840e-3,57,-40,,8.985e-9
1.177e3,C1,840e-3,57,150,,9.028e-9
1.178e3,C0,840e-3,58,-40,,8.783e-9
1.178e3,C1,840e-3,58,150,,8.775e-9
1.179e3,C0,840e-3,59,-40,,9.426e-9
1.179e3,C1,840e-3,59,150,,9.438e-9
1.18e3,C0,840e-3,60,-40,,8.317e-9
1.18e3,C1,840e-3,60,150,,8.336e-9
1.181e3,C0,840e-3,61,-40,,8.868e-9
1.181e3,C1,840e-3,61,150,,8.9e-9
1.182e3,C0,840e-3,62,-40,,8.645e-9
1.182e3,C1,840e-3,62,150,,8.666e-9
1.183e3,C0,840e-3,63,-40,,9.169e-9
1.183e3,C1,840e-3,63,150,,9.108e-9
1.184e3,C0,840e-3,64,-40,,8.511e-9
1.184e3,C1,840e-3,64,150,,8.569e-9
1.185e3,C0,840e-3,65,-40,,9.028e-9
1.185e3,C1,840e-3,65,150,,9.038e-9
1.186e3,C0,840e-3,66,-40,,8.772e-9
1.186e3,C1,840e-3,66,150,,8.808e-9
1.187e3,C0,840e-3,67,-40,,9.595e-9
1.187e3,C1,840e-3,67,150,,9.565e-9
1.188e3,C0,840e-3,68,-40,,8.339e-9
1.188e3,C1,840e-3,68,150,,8.393e-9
1.189e3,C0,840e-3,69,-40,,8.907e-9
1.189e3,C1,840e-3,69,150,,8.91e-9
1.19e3,C0,840e-3,70,-40,,8.673e-9
1.19e3,C1,840e-3,70,150,,8.646e-9
1.191e3,C0,870e-3,1,-40,,10.11e-9
1.191e3,C1,870e-3,1,150,,10.08e-9
1.192e3,C0,870e-3,2,-40,,9.029e-9
1.192e3,C1,870e-3,2,150,,9.029e-9
1.193e3,C0,870e-3,3,-40,,9.78e-9
1.193e3,C1,870e-3,3,150,,9.807e-9
1.194e3,C0,870e-3,4,-40,,9.673e-9
1.194e3,C1,870e-3,4,150,,9.646e-9
1.195e3,C0,870e-3,5,-40,,10.31e-9
1.195e3,C1,870e-3,5,150,,10.32e-9
1.196e3,C0,870e-3,6,-40,,9.345e-9
1.196e3,C1,870e-3,6,150,,9.349e-9
1.197e3,C0,870e-3,7,-40,,9.941e-9
1.197e3,C1,870e-3,7,150,,9.893e-9
1.198e3,C0,870e-3,8,-40,,eval err
1.198e3,C1,870e-3,8,150,,eval err
1.199e3,C0,870e-3,9,-40,,9.721e-9
1.199e3,C1,870e-3,9,150,,9.735e-9
1.2e3,C0,870e-3,10,-40,,10.01e-9
1.2e3,C1,870e-3,10,150,,10e-9
1.201e3,C0,870e-3,11,-40,,9.413e-9
1.201e3,C1,870e-3,11,150,,9.455e-9
1.202e3,C0,870e-3,12,-40,,10.17e-9
1.202e3,C1,870e-3,12,150,,10.16e-9
1.203e3,C0,870e-3,13,-40,,9.63e-9
1.203e3,C1,870e-3,13,150,,9.599e-9
1.204e3,C0,870e-3,14,-40,,9.858e-9
1.204e3,C1,870e-3,14,150,,9.838e-9
1.205e3,C0,870e-3,15,-40,,9.223e-9
1.205e3,C1,870e-3,15,150,,9.257e-9
1.206e3,C0,870e-3,16,-40,,9.421e-9
1.206e3,C1,870e-3,16,150,,9.398e-9
1.207e3,C0,870e-3,17,-40,,9.961e-9
1.207e3,C1,870e-3,17,150,,9.959e-9
1.208e3,C0,870e-3,18,-40,,9.672e-9
1.208e3,C1,870e-3,18,150,,9.696e-9
1.209e3,C0,870e-3,19,-40,,eval err
1.209e3,C1,870e-3,19,150,,eval err
1.21e3,C0,870e-3,20,-40,,9.117e-9
1.21e3,C1,870e-3,20,150,,9.148e-9
1.211e3,C0,870e-3,21,-40,,9.835e-9
1.211e3,C1,870e-3,21,150,,9.814e-9
1.212e3,C0,870e-3,22,-40,,9.542e-9
1.212e3,C1,870e-3,22,150,,9.624e-9
1.213e3,C0,870e-3,23,-40,,10.13e-9
1.213e3,C1,870e-3,23,150,,10.12e-9
1.214e3,C0,870e-3,24,-40,,9.896e-9
1.214e3,C1,870e-3,24,150,,9.919e-9
1.215e3,C0,870e-3,25,-40,,9.309e-9
1.215e3,C1,870e-3,25,150,,9.295e-9
1.216e3,C0,870e-3,26,-40,,10.22e-9
1.216e3,C1,870e-3,26,150,,10.26e-9
1.217e3,C0,870e-3,27,-40,,9.631e-9
1.217e3,C1,870e-3,27,150,,9.625e-9
1.218e3,C0,870e-3,28,-40,,10.08e-9
1.218e3,C1,870e-3,28,150,,10.02e-9
1.219e3,C0,870e-3,29,-40,,9.483e-9
1.219e3,C1,870e-3,29,150,,9.493e-9
1.22e3,C0,870e-3,30,-40,,8.715e-9
1.22e3,C1,870e-3,30,150,,8.749e-9
1.221e3,C0,870e-3,31,-40,,9.774e-9
1.221e3,C1,870e-3,31,150,,9.76e-9
1.222e3,C0,870e-3,32,-40,,eval err
1.222e3,C1,870e-3,32,150,,eval err
1.223e3,C0,870e-3,33,-40,,9.769e-9
1.223e3,C1,870e-3,33,150,,9.767e-9
1.224e3,C0,870e-3,34,-40,,10.05e-9
1.224e3,C1,870e-3,34,150,,10.02e-9
1.225e3,C0,870e-3,35,-40,,9.453e-9
1.225e3,C1,870e-3,35,150,,9.46e-9
1.226e3,C0,870e-3,36,-40,,10.18e-9
1.226e3,C1,870e-3,36,150,,10.23e-9
1.227e3,C0,870e-3,37,-40,,9.594e-9
1.227e3,C1,870e-3,37,150,,9.586e-9
1.228e3,C0,870e-3,38,-40,,9.869e-9
1.228e3,C1,870e-3,38,150,,9.872e-9
1.229e3,C0,870e-3,39,-40,,9.274e-9
1.229e3,C1,870e-3,39,150,,9.259e-9
1.23e3,C0,870e-3,40,-40,,9.527e-9
1.23e3,C1,870e-3,40,150,,9.562e-9
1.231e3,C0,870e-3,41,-40,,10.1e-9
1.231e3,C1,870e-3,41,150,,10.1e-9
1.232e3,C0,870e-3,42,-40,,9.087e-9
1.232e3,C1,870e-3,42,150,,9.105e-9
1.233e3,C0,870e-3,43,-40,,9.818e-9
1.233e3,C1,870e-3,43,150,,9.777e-9
1.234e3,C0,870e-3,44,-40,,9.665e-9
1.234e3,C1,870e-3,44,150,,9.684e-9
1.235e3,C0,870e-3,45,-40,,eval err
1.235e3,C1,870e-3,45,150,,10.39e-9
1.236e3,C0,870e-3,46,-40,,9.423e-9
1.236e3,C1,870e-3,46,150,,9.38e-9
1.237e3,C0,870e-3,47,-40,,9.934e-9
1.237e3,C1,870e-3,47,150,,9.921e-9
1.238e3,C0,870e-3,48,-40,,9.914e-9
1.238e3,C1,870e-3,48,150,,9.91e-9
1.239e3,C0,870e-3,49,-40,,9.31e-9
1.239e3,C1,870e-3,49,150,,9.346e-9
1.24e3,C0,870e-3,50,-40,,10.27e-9
1.24e3,C1,870e-3,50,150,,10.27e-9
1.241e3,C0,870e-3,51,-40,,9.667e-9
1.241e3,C1,870e-3,51,150,,9.643e-9
1.242e3,C0,870e-3,52,-40,,10.07e-9
1.242e3,C1,870e-3,52,150,,10.06e-9
1.243e3,C0,870e-3,53,-40,,9.544e-9
1.243e3,C1,870e-3,53,150,,9.473e-9
1.244e3,C0,870e-3,54,-40,,8.931e-9
1.244e3,C1,870e-3,54,150,,8.937e-9
1.245e3,C0,870e-3,55,-40,,9.768e-9
1.245e3,C1,870e-3,55,150,,9.784e-9
1.246e3,C0,870e-3,56,-40,,9.427e-9
1.246e3,C1,870e-3,56,150,,9.435e-9
1.247e3,C0,870e-3,57,-40,,9.96e-9
1.247e3,C1,870e-3,57,150,,9.994e-9
1.248e3,C0,870e-3,58,-40,,9.725e-9
1.248e3,C1,870e-3,58,150,,9.708e-9
1.249e3,C0,870e-3,59,-40,,eval err
1.249e3,C1,870e-3,59,150,,eval err
1.25e3,C0,870e-3,60,-40,,9.215e-9
1.25e3,C1,870e-3,60,150,,9.21e-9
1.251e3,C0,870e-3,61,-40,,9.829e-9
1.251e3,C1,870e-3,61,150,,9.846e-9
1.252e3,C0,870e-3,62,-40,,9.582e-9
1.252e3,C1,870e-3,62,150,,9.584e-9
1.253e3,C0,870e-3,63,-40,,10.17e-9
1.253e3,C1,870e-3,63,150,,10.09e-9
1.254e3,C0,870e-3,64,-40,,9.423e-9
1.254e3,C1,870e-3,64,150,,9.474e-9
1.255e3,C0,870e-3,65,-40,,10.02e-9
1.255e3,C1,870e-3,65,150,,10e-9
1.256e3,C0,870e-3,66,-40,,9.724e-9
1.256e3,C1,870e-3,66,150,,9.743e-9
1.257e3,C0,870e-3,67,-40,,eval err
1.257e3,C1,870e-3,67,150,,eval err
1.258e3,C0,870e-3,68,-40,,9.236e-9
1.258e3,C1,870e-3,68,150,,9.277e-9
1.259e3,C0,870e-3,69,-40,,9.874e-9
1.259e3,C1,870e-3,69,150,,9.866e-9
1.26e3,C0,870e-3,70,-40,,9.605e-9
1.26e3,C1,870e-3,70,150,,9.559e-9
1.261e3,C0,900e-3,1,-40,,eval err
1.261e3,C1,900e-3,1,150,,eval err
1.262e3,C0,900e-3,2,-40,,9.908e-9
1.262e3,C1,900e-3,2,150,,9.902e-9
1.263e3,C0,900e-3,3,-40,,eval err
1.263e3,C1,900e-3,3,150,,eval err
1.264e3,C0,900e-3,4,-40,,eval err
1.264e3,C1,900e-3,4,150,,eval err
1.265e3,C0,900e-3,5,-40,,eval err
1.265e3,C1,900e-3,5,150,,eval err
1.266e3,C0,900e-3,6,-40,,10.26e-9
1.266e3,C1,900e-3,6,150,,10.26e-9
1.267e3,C0,900e-3,7,-40,,eval err
1.267e3,C1,900e-3,7,150,,eval err
1.268e3,C0,900e-3,8,-40,,eval err
1.268e3,C1,900e-3,8,150,,eval err
1.269e3,C0,900e-3,9,-40,,eval err
1.269e3,C1,900e-3,9,150,,eval err
1.27e3,C0,900e-3,10,-40,,eval err
1.27e3,C1,900e-3,10,150,,eval err
1.271e3,C0,900e-3,11,-40,,eval err
1.271e3,C1,900e-3,11,150,,eval err
1.272e3,C0,900e-3,12,-40,,eval err
1.272e3,C1,900e-3,12,150,,eval err
1.273e3,C0,900e-3,13,-40,,eval err
1.273e3,C1,900e-3,13,150,,eval err
1.274e3,C0,900e-3,14,-40,,eval err
1.274e3,C1,900e-3,14,150,,eval err
1.275e3,C0,900e-3,15,-40,,10.12e-9
1.275e3,C1,900e-3,15,150,,10.16e-9
1.276e3,C0,900e-3,16,-40,,eval err
1.276e3,C1,900e-3,16,150,,10.32e-9
1.277e3,C0,900e-3,17,-40,,eval err
1.277e3,C1,900e-3,17,150,,eval err
1.278e3,C0,900e-3,18,-40,,eval err
1.278e3,C1,900e-3,18,150,,eval err
1.279e3,C0,900e-3,19,-40,,eval err
1.279e3,C1,900e-3,19,150,,eval err
1.28e3,C0,900e-3,20,-40,,10e-9
1.28e3,C1,900e-3,20,150,,10.03e-9
1.281e3,C0,900e-3,21,-40,,eval err
1.281e3,C1,900e-3,21,150,,eval err
1.282e3,C0,900e-3,22,-40,,eval err
1.282e3,C1,900e-3,22,150,,eval err
1.283e3,C0,900e-3,23,-40,,eval err
1.283e3,C1,900e-3,23,150,,eval err
1.284e3,C0,900e-3,24,-40,,eval err
1.284e3,C1,900e-3,24,150,,eval err
1.285e3,C0,900e-3,25,-40,,10.22e-9
1.285e3,C1,900e-3,25,150,,10.2e-9
1.286e3,C0,900e-3,26,-40,,eval err
1.286e3,C1,900e-3,26,150,,eval err
1.287e3,C0,900e-3,27,-40,,eval err
1.287e3,C1,900e-3,27,150,,eval err
1.288e3,C0,900e-3,28,-40,,eval err
1.288e3,C1,900e-3,28,150,,eval err
1.289e3,C0,900e-3,29,-40,,eval err
1.289e3,C1,900e-3,29,150,,eval err
1.29e3,C0,900e-3,30,-40,,9.564e-9
1.29e3,C1,900e-3,30,150,,9.589e-9
1.291e3,C0,900e-3,31,-40,,eval err
1.291e3,C1,900e-3,31,150,,eval err
1.292e3,C0,900e-3,32,-40,,eval err
1.292e3,C1,900e-3,32,150,,eval err
1.293e3,C0,900e-3,33,-40,,eval err
1.293e3,C1,900e-3,33,150,,eval err
1.294e3,C0,900e-3,34,-40,,eval err
1.294e3,C1,900e-3,34,150,,eval err
1.295e3,C0,900e-3,35,-40,,eval err
1.295e3,C1,900e-3,35,150,,eval err
1.296e3,C0,900e-3,36,-40,,eval err
1.296e3,C1,900e-3,36,150,,eval err
1.297e3,C0,900e-3,37,-40,,eval err
1.297e3,C1,900e-3,37,150,,eval err
1.298e3,C0,900e-3,38,-40,,eval err
1.298e3,C1,900e-3,38,150,,eval err
1.299e3,C0,900e-3,39,-40,,10.18e-9
1.299e3,C1,900e-3,39,150,,10.16e-9
1.3e3,C0,900e-3,40,-40,,eval err
1.3e3,C1,900e-3,40,150,,eval err
1.301e3,C0,900e-3,41,-40,,eval err
1.301e3,C1,900e-3,41,150,,eval err
1.302e3,C0,900e-3,42,-40,,9.972e-9
1.302e3,C1,900e-3,42,150,,9.983e-9
1.303e3,C0,900e-3,43,-40,,eval err
1.303e3,C1,900e-3,43,150,,eval err
1.304e3,C0,900e-3,44,-40,,eval err
1.304e3,C1,900e-3,44,150,,eval err
1.305e3,C0,900e-3,45,-40,,eval err
1.305e3,C1,900e-3,45,150,,eval err
1.306e3,C0,900e-3,46,-40,,10.37e-9
1.306e3,C1,900e-3,46,150,,10.3e-9
1.307e3,C0,900e-3,47,-40,,eval err
1.307e3,C1,900e-3,47,150,,eval err
1.308e3,C0,900e-3,48,-40,,eval err
1.308e3,C1,900e-3,48,150,,eval err
1.309e3,C0,900e-3,49,-40,,10.23e-9
1.309e3,C1,900e-3,49,150,,10.26e-9
1.31e3,C0,900e-3,50,-40,,eval err
1.31e3,C1,900e-3,50,150,,eval err
1.311e3,C0,900e-3,51,-40,,eval err
1.311e3,C1,900e-3,51,150,,eval err
1.312e3,C0,900e-3,52,-40,,eval err
1.312e3,C1,900e-3,52,150,,eval err
1.313e3,C0,900e-3,53,-40,,eval err
1.313e3,C1,900e-3,53,150,,eval err
1.314e3,C0,900e-3,54,-40,,9.796e-9
1.314e3,C1,900e-3,54,150,,9.789e-9
1.315e3,C0,900e-3,55,-40,,eval err
1.315e3,C1,900e-3,55,150,,eval err
1.316e3,C0,900e-3,56,-40,,eval err
1.316e3,C1,900e-3,56,150,,eval err
1.317e3,C0,900e-3,57,-40,,eval err
1.317e3,C1,900e-3,57,150,,eval err
1.318e3,C0,900e-3,58,-40,,eval err
1.318e3,C1,900e-3,58,150,,eval err
1.319e3,C0,900e-3,59,-40,,eval err
1.319e3,C1,900e-3,59,150,,eval err
1.32e3,C0,900e-3,60,-40,,10.11e-9
1.32e3,C1,900e-3,60,150,,10.1e-9
1.321e3,C0,900e-3,61,-40,,eval err
1.321e3,C1,900e-3,61,150,,eval err
1.322e3,C0,900e-3,62,-40,,eval err
1.322e3,C1,900e-3,62,150,,eval err
1.323e3,C0,900e-3,63,-40,,eval err
1.323e3,C1,900e-3,63,150,,eval err
1.324e3,C0,900e-3,64,-40,,eval err
1.324e3,C1,900e-3,64,150,,eval err
1.325e3,C0,900e-3,65,-40,,eval err
1.325e3,C1,900e-3,65,150,,eval err
1.326e3,C0,900e-3,66,-40,,eval err
1.326e3,C1,900e-3,66,150,,eval err
1.327e3,C0,900e-3,67,-40,,eval err
1.327e3,C1,900e-3,67,150,,eval err
1.328e3,C0,900e-3,68,-40,,10.14e-9
1.328e3,C1,900e-3,68,150,,10.17e-9
1.329e3,C0,900e-3,69,-40,,eval err
1.329e3,C1,900e-3,69,150,,eval err
1.33e3,C0,900e-3,70,-40,,eval err
1.33e3,C1,900e-3,70,150,,eval err

