Point,Corner,Iinput,mc_iteration,temperature,Pass/Fail,Z2
1,mc150,40e-9,1,150,,19.03e-9
1,mc_40,40e-9,1,-40,,15.98e-9
2,mc150,40e-9,2,150,,14.68e-9
2,mc_40,40e-9,2,-40,,11.6e-9
3,mc150,40e-9,3,150,,14.29e-9
3,mc_40,40e-9,3,-40,,11.96e-9
4,mc150,40e-9,4,150,,15.13e-9
4,mc_40,40e-9,4,-40,,12.03e-9
5,mc150,40e-9,5,150,,15.13e-9
5,mc_40,40e-9,5,-40,,12.5e-9
6,mc150,40e-9,6,150,,10.85e-9
6,mc_40,40e-9,6,-40,,9.06e-9
7,mc150,40e-9,7,150,,19.12e-9
7,mc_40,40e-9,7,-40,,15.09e-9
8,mc150,40e-9,8,150,,15.4e-9
8,mc_40,40e-9,8,-40,,12.26e-9
9,mc150,40e-9,9,150,,15.63e-9
9,mc_40,40e-9,9,-40,,12.78e-9
10,mc150,40e-9,10,150,,18.79e-9
10,mc_40,40e-9,10,-40,,15.47e-9
11,mc150,40e-9,11,150,,8.873e-9
11,mc_40,40e-9,11,-40,,8.055e-9
12,mc150,40e-9,12,150,,11.98e-9
12,mc_40,40e-9,12,-40,,9.669e-9
13,mc150,40e-9,13,150,,19.71e-9
13,mc_40,40e-9,13,-40,,16.83e-9
14,mc150,40e-9,14,150,,15.06e-9
14,mc_40,40e-9,14,-40,,11.88e-9
15,mc150,40e-9,15,150,,14.63e-9
15,mc_40,40e-9,15,-40,,12.19e-9
16,mc150,40e-9,16,150,,17.63e-9
16,mc_40,40e-9,16,-40,,14.6e-9
17,mc150,40e-9,17,150,,15.82e-9
17,mc_40,40e-9,17,-40,,12.75e-9
18,mc150,40e-9,18,150,,8.076e-9
18,mc_40,40e-9,18,-40,,7.216e-9
19,mc150,40e-9,19,150,,16.45e-9
19,mc_40,40e-9,19,-40,,13.36e-9
20,mc150,40e-9,20,150,,14.84e-9
20,mc_40,40e-9,20,-40,,11.52e-9
21,mc150,40e-9,21,150,,16.62e-9
21,mc_40,40e-9,21,-40,,13.37e-9
22,mc150,40e-9,22,150,,3.342e-9
22,mc_40,40e-9,22,-40,,6.853e-9
23,mc150,40e-9,23,150,,15.62e-9
23,mc_40,40e-9,23,-40,,12.47e-9
24,mc150,40e-9,24,150,,19.03e-9
24,mc_40,40e-9,24,-40,,16.17e-9
25,mc150,40e-9,25,150,,17.36e-9
25,mc_40,40e-9,25,-40,,13.94e-9
26,mc150,40e-9,26,150,,9.463e-9
26,mc_40,40e-9,26,-40,,8.831e-9
27,mc150,40e-9,27,150,,16.44e-9
27,mc_40,40e-9,27,-40,,13.02e-9
28,mc150,40e-9,28,150,,18.83e-9
28,mc_40,40e-9,28,-40,,15.58e-9
29,mc150,40e-9,29,150,,16.7e-9
29,mc_40,40e-9,29,-40,,13.41e-9
30,mc150,40e-9,30,150,,9.631e-9
30,mc_40,40e-9,30,-40,,7.99e-9
31,mc150,40e-9,31,150,,17.01e-9
31,mc_40,40e-9,31,-40,,13.79e-9
32,mc150,40e-9,32,150,,12.12e-9
32,mc_40,40e-9,32,-40,,10e-9
33,mc150,40e-9,33,150,,20.4e-9
33,mc_40,40e-9,33,-40,,17.2e-9
34,mc150,40e-9,34,150,,19.29e-9
34,mc_40,40e-9,34,-40,,16.03e-9
35,mc150,40e-9,35,150,,12.5e-9
35,mc_40,40e-9,35,-40,,9.878e-9
36,mc150,40e-9,36,150,,10.65e-9
36,mc_40,40e-9,36,-40,,10.03e-9
37,mc150,40e-9,37,150,,13.58e-9
37,mc_40,40e-9,37,-40,,10.39e-9
38,mc150,40e-9,38,150,,13.75e-9
38,mc_40,40e-9,38,-40,,11.01e-9
39,mc150,40e-9,39,150,,15.01e-9
39,mc_40,40e-9,39,-40,,12.2e-9
40,mc150,40e-9,40,150,,12.76e-9
40,mc_40,40e-9,40,-40,,10.74e-9
41,mc150,40e-9,41,150,,15.7e-9
41,mc_40,40e-9,41,-40,,13.03e-9
42,mc150,40e-9,42,150,,13.76e-9
42,mc_40,40e-9,42,-40,,10.96e-9
43,mc150,40e-9,43,150,,14.35e-9
43,mc_40,40e-9,43,-40,,11.7e-9
44,mc150,40e-9,44,150,,12.49e-9
44,mc_40,40e-9,44,-40,,10.08e-9
45,mc150,40e-9,45,150,,19.58e-9
45,mc_40,40e-9,45,-40,,16.34e-9
46,mc150,40e-9,46,150,,20.12e-9
46,mc_40,40e-9,46,-40,,16.71e-9
47,mc150,40e-9,47,150,,12.14e-9
47,mc_40,40e-9,47,-40,,9.621e-9
48,mc150,40e-9,48,150,,17.71e-9
48,mc_40,40e-9,48,-40,,14.71e-9
49,mc150,40e-9,49,150,,9.82e-9
49,mc_40,40e-9,49,-40,,8.648e-9
50,mc150,40e-9,50,150,,14.46e-9
50,mc_40,40e-9,50,-40,,11.68e-9
51,mc150,440e-9,1,150,,28.92e-9
51,mc_40,440e-9,1,-40,,26.21e-9
52,mc150,440e-9,2,150,,23.85e-9
52,mc_40,440e-9,2,-40,,20.75e-9
53,mc150,440e-9,3,150,,23.98e-9
53,mc_40,440e-9,3,-40,,20.88e-9
54,mc150,440e-9,4,150,,24.38e-9
54,mc_40,440e-9,4,-40,,21.38e-9
55,mc150,440e-9,5,150,,24.64e-9
55,mc_40,440e-9,5,-40,,21.64e-9
56,mc150,440e-9,6,150,,19.68e-9
56,mc_40,440e-9,6,-40,,17.63e-9
57,mc150,440e-9,7,150,,29.28e-9
57,mc_40,440e-9,7,-40,,25.32e-9
58,mc150,440e-9,8,150,,24.72e-9
58,mc_40,440e-9,8,-40,,21.72e-9
59,mc150,440e-9,9,150,,25.14e-9
59,mc_40,440e-9,9,-40,,22.03e-9
60,mc150,440e-9,10,150,,28.72e-9
60,mc_40,440e-9,10,-40,,25.28e-9
61,mc150,440e-9,11,150,,18.42e-9
61,mc_40,440e-9,11,-40,,15.99e-9
62,mc150,440e-9,12,150,,20.9e-9
62,mc_40,440e-9,12,-40,,18.36e-9
63,mc150,440e-9,13,150,,29.81e-9
63,mc_40,440e-9,13,-40,,27.32e-9
64,mc150,440e-9,14,150,,24.34e-9
64,mc_40,440e-9,14,-40,,21.16e-9
65,mc150,440e-9,15,150,,24.15e-9
65,mc_40,440e-9,15,-40,,21.19e-9
66,mc150,440e-9,16,150,,27.31e-9
66,mc_40,440e-9,16,-40,,24.67e-9
67,mc150,440e-9,17,150,,25.27e-9
67,mc_40,440e-9,17,-40,,21.99e-9
68,mc150,440e-9,18,150,,17.25e-9
68,mc_40,440e-9,18,-40,,15.1e-9
69,mc150,440e-9,19,150,,25.9e-9
69,mc_40,440e-9,19,-40,,22.92e-9
70,mc150,440e-9,20,150,,24.34e-9
70,mc_40,440e-9,20,-40,,20.4e-9
71,mc150,440e-9,21,150,,26.12e-9
71,mc_40,440e-9,21,-40,,23.03e-9
72,mc150,440e-9,22,150,,14.72e-9
72,mc_40,440e-9,22,-40,,14.22e-9
73,mc150,440e-9,23,150,,24.93e-9
73,mc_40,440e-9,23,-40,,21.74e-9
74,mc150,440e-9,24,150,,29.23e-9
74,mc_40,440e-9,24,-40,,25.97e-9
75,mc150,440e-9,25,150,,26.99e-9
75,mc_40,440e-9,25,-40,,23.77e-9
76,mc150,440e-9,26,150,,18.74e-9
76,mc_40,440e-9,26,-40,,16.96e-9
77,mc150,440e-9,27,150,,25.91e-9
77,mc_40,440e-9,27,-40,,22.42e-9
78,mc150,440e-9,28,150,,28.85e-9
78,mc_40,440e-9,28,-40,,25.91e-9
79,mc150,440e-9,29,150,,26.29e-9
79,mc_40,440e-9,29,-40,,22.8e-9
80,mc150,440e-9,30,150,,18.66e-9
80,mc_40,440e-9,30,-40,,16.12e-9
81,mc150,440e-9,31,150,,26.53e-9
81,mc_40,440e-9,31,-40,,23.47e-9
82,mc150,440e-9,32,150,,21.36e-9
82,mc_40,440e-9,32,-40,,18.58e-9
83,mc150,440e-9,33,150,,30.59e-9
83,mc_40,440e-9,33,-40,,27.45e-9
84,mc150,440e-9,34,150,,29.23e-9
84,mc_40,440e-9,34,-40,,26.28e-9
85,mc150,440e-9,35,150,,21.5e-9
85,mc_40,440e-9,35,-40,,18.58e-9
86,mc150,440e-9,36,150,,20.71e-9
86,mc_40,440e-9,36,-40,,18.36e-9
87,mc150,440e-9,37,150,,22.7e-9
87,mc_40,440e-9,37,-40,,19.26e-9
88,mc150,440e-9,38,150,,22.97e-9
88,mc_40,440e-9,38,-40,,19.84e-9
89,mc150,440e-9,39,150,,24.28e-9
89,mc_40,440e-9,39,-40,,21.7e-9
90,mc150,440e-9,40,150,,22.3e-9
90,mc_40,440e-9,40,-40,,19.36e-9
91,mc150,440e-9,41,150,,25.05e-9
91,mc_40,440e-9,41,-40,,22.57e-9
92,mc150,440e-9,42,150,,22.92e-9
92,mc_40,440e-9,42,-40,,19.83e-9
93,mc150,440e-9,43,150,,23.57e-9
93,mc_40,440e-9,43,-40,,21.15e-9
94,mc150,440e-9,44,150,,21.61e-9
94,mc_40,440e-9,44,-40,,18.71e-9
95,mc150,440e-9,45,150,,29.58e-9
95,mc_40,440e-9,45,-40,,26.46e-9
96,mc150,440e-9,46,150,,30.39e-9
96,mc_40,440e-9,46,-40,,27.22e-9
97,mc150,440e-9,47,150,,21.08e-9
97,mc_40,440e-9,47,-40,,18.28e-9
98,mc150,440e-9,48,150,,27.36e-9
98,mc_40,440e-9,48,-40,,24.55e-9
99,mc150,440e-9,49,150,,18.92e-9
99,mc_40,440e-9,49,-40,,16.83e-9
100,mc150,440e-9,50,150,,23.7e-9
100,mc_40,440e-9,50,-40,,20.78e-9
101,mc150,840e-9,1,150,,39.57e-9
101,mc_40,840e-9,1,-40,,36.87e-9
102,mc150,840e-9,2,150,,33.62e-9
102,mc_40,840e-9,2,-40,,30.41e-9
103,mc150,840e-9,3,150,,33.79e-9
103,mc_40,840e-9,3,-40,,30.31e-9
104,mc150,840e-9,4,150,,34.29e-9
104,mc_40,840e-9,4,-40,,31.21e-9
105,mc150,840e-9,5,150,,34.53e-9
105,mc_40,840e-9,5,-40,,31.29e-9
106,mc150,840e-9,6,150,,28.76e-9
106,mc_40,840e-9,6,-40,,26.79e-9
107,mc150,840e-9,7,150,,40.09e-9
107,mc_40,840e-9,7,-40,,35.95e-9
108,mc150,840e-9,8,150,,34.72e-9
108,mc_40,840e-9,8,-40,,31.67e-9
109,mc150,840e-9,9,150,,35.15e-9
109,mc_40,840e-9,9,-40,,31.8e-9
110,mc150,840e-9,10,150,,39.3e-9
110,mc_40,840e-9,10,-40,,35.57e-9
111,mc150,840e-9,11,150,,27.36e-9
111,mc_40,840e-9,11,-40,,24.42e-9
112,mc150,840e-9,12,150,,30.18e-9
112,mc_40,840e-9,12,-40,,27.59e-9
113,mc150,840e-9,13,150,,40.61e-9
113,mc_40,840e-9,13,-40,,38.22e-9
114,mc150,840e-9,14,150,,34.24e-9
114,mc_40,840e-9,14,-40,,30.93e-9
115,mc150,840e-9,15,150,,33.93e-9
115,mc_40,840e-9,15,-40,,30.74e-9
116,mc150,840e-9,16,150,,37.76e-9
116,mc_40,840e-9,16,-40,,35.15e-9
117,mc150,840e-9,17,150,,35.25e-9
117,mc_40,840e-9,17,-40,,31.75e-9
118,mc150,840e-9,18,150,,25.89e-9
118,mc_40,840e-9,18,-40,,23.58e-9
119,mc150,840e-9,19,150,,36.04e-9
119,mc_40,840e-9,19,-40,,32.95e-9
120,mc150,840e-9,20,150,,34.2e-9
120,mc_40,840e-9,20,-40,,29.82e-9
121,mc150,840e-9,21,150,,36.36e-9
121,mc_40,840e-9,21,-40,,33.15e-9
122,mc150,840e-9,22,150,,23.35e-9
122,mc_40,840e-9,22,-40,,22.24e-9
123,mc150,840e-9,23,150,,34.86e-9
123,mc_40,840e-9,23,-40,,31.51e-9
124,mc150,840e-9,24,150,,39.87e-9
124,mc_40,840e-9,24,-40,,36.29e-9
125,mc150,840e-9,25,150,,37.39e-9
125,mc_40,840e-9,25,-40,,34.03e-9
126,mc150,840e-9,26,150,,27.58e-9
126,mc_40,840e-9,26,-40,,25.63e-9
127,mc150,840e-9,27,150,,36.06e-9
127,mc_40,840e-9,27,-40,,32.31e-9
128,mc150,840e-9,28,150,,39.59e-9
128,mc_40,840e-9,28,-40,,36.69e-9
129,mc150,840e-9,29,150,,36.47e-9
129,mc_40,840e-9,29,-40,,32.71e-9
130,mc150,840e-9,30,150,,27.53e-9
130,mc_40,840e-9,30,-40,,24.8e-9
131,mc150,840e-9,31,150,,36.78e-9
131,mc_40,840e-9,31,-40,,33.6e-9
132,mc150,840e-9,32,150,,30.7e-9
132,mc_40,840e-9,32,-40,,27.7e-9
133,mc150,840e-9,33,150,,41.45e-9
133,mc_40,840e-9,33,-40,,38.08e-9
134,mc150,840e-9,34,150,,39.92e-9
134,mc_40,840e-9,34,-40,,36.93e-9
135,mc150,840e-9,35,150,,30.87e-9
135,mc_40,840e-9,35,-40,,27.8e-9
136,mc150,840e-9,36,150,,30.15e-9
136,mc_40,840e-9,36,-40,,27.14e-9
137,mc150,840e-9,37,150,,32.31e-9
137,mc_40,840e-9,37,-40,,28.67e-9
138,mc150,840e-9,38,150,,32.56e-9
138,mc_40,840e-9,38,-40,,29.24e-9
139,mc150,840e-9,39,150,,34.22e-9
139,mc_40,840e-9,39,-40,,31.67e-9
140,mc150,840e-9,40,150,,31.83e-9
140,mc_40,840e-9,40,-40,,28.54e-9
141,mc150,840e-9,41,150,,35.07e-9
141,mc_40,840e-9,41,-40,,32.6e-9
142,mc150,840e-9,42,150,,32.5e-9
142,mc_40,840e-9,42,-40,,29.24e-9
143,mc150,840e-9,43,150,,33.41e-9
143,mc_40,840e-9,43,-40,,31.06e-9
144,mc150,840e-9,44,150,,30.99e-9
144,mc_40,840e-9,44,-40,,27.89e-9
145,mc150,840e-9,45,150,,40.32e-9
145,mc_40,840e-9,45,-40,,37.07e-9
146,mc150,840e-9,46,150,,41.31e-9
146,mc_40,840e-9,46,-40,,38.13e-9
147,mc150,840e-9,47,150,,30.37e-9
147,mc_40,840e-9,47,-40,,27.48e-9
148,mc150,840e-9,48,150,,37.74e-9
148,mc_40,840e-9,48,-40,,34.86e-9
149,mc150,840e-9,49,150,,27.78e-9
149,mc_40,840e-9,49,-40,,25.53e-9
150,mc150,840e-9,50,150,,33.43e-9
150,mc_40,840e-9,50,-40,,30.41e-9
151,mc150,1.24e-6,1,150,,50.8e-9
151,mc_40,1.24e-6,1,-40,,47.82e-9
152,mc150,1.24e-6,2,150,,43.93e-9
152,mc_40,1.24e-6,2,-40,,40.37e-9
153,mc150,1.24e-6,3,150,,44.07e-9
153,mc_40,1.24e-6,3,-40,,39.97e-9
154,mc150,1.24e-6,4,150,,44.73e-9
154,mc_40,1.24e-6,4,-40,,41.36e-9
155,mc150,1.24e-6,5,150,,44.93e-9
155,mc_40,1.24e-6,5,-40,,41.25e-9
156,mc150,1.24e-6,6,150,,38.43e-9
156,mc_40,1.24e-6,6,-40,,36.31e-9
157,mc150,1.24e-6,7,150,,51.51e-9
157,mc_40,1.24e-6,7,-40,,46.92e-9
158,mc150,1.24e-6,8,150,,45.28e-9
158,mc_40,1.24e-6,8,-40,,41.91e-9
159,mc150,1.24e-6,9,150,,45.66e-9
159,mc_40,1.24e-6,9,-40,,41.89e-9
160,mc150,1.24e-6,10,150,,50.36e-9
160,mc_40,1.24e-6,10,-40,,46.24e-9
161,mc150,1.24e-6,11,150,,36.76e-9
161,mc_40,1.24e-6,11,-40,,33.32e-9
162,mc150,1.24e-6,12,150,,40.04e-9
162,mc_40,1.24e-6,12,-40,,37.17e-9
163,mc150,1.24e-6,13,150,,52.02e-9
163,mc_40,1.24e-6,13,-40,,49.41e-9
164,mc150,1.24e-6,14,150,,44.69e-9
164,mc_40,1.24e-6,14,-40,,41.03e-9
165,mc150,1.24e-6,15,150,,44.2e-9
165,mc_40,1.24e-6,15,-40,,40.51e-9
166,mc150,1.24e-6,16,150,,48.82e-9
166,mc_40,1.24e-6,16,-40,,45.93e-9
167,mc150,1.24e-6,17,150,,45.74e-9
167,mc_40,1.24e-6,17,-40,,41.8e-9
168,mc150,1.24e-6,18,150,,35.11e-9
168,mc_40,1.24e-6,18,-40,,32.48e-9
169,mc150,1.24e-6,19,150,,46.69e-9
169,mc_40,1.24e-6,19,-40,,43.29e-9
170,mc150,1.24e-6,20,150,,44.54e-9
170,mc_40,1.24e-6,20,-40,,39.51e-9
171,mc150,1.24e-6,21,150,,47.14e-9
171,mc_40,1.24e-6,21,-40,,43.59e-9
172,mc150,1.24e-6,22,150,,32.16e-9
172,mc_40,1.24e-6,22,-40,,30.71e-9
173,mc150,1.24e-6,23,150,,45.29e-9
173,mc_40,1.24e-6,23,-40,,41.55e-9
174,mc150,1.24e-6,24,150,,50.97e-9
174,mc_40,1.24e-6,24,-40,,47e-9
175,mc150,1.24e-6,25,150,,48.34e-9
175,mc_40,1.24e-6,25,-40,,44.6e-9
176,mc150,1.24e-6,26,150,,36.97e-9
176,mc_40,1.24e-6,26,-40,,34.77e-9
177,mc150,1.24e-6,27,150,,46.73e-9
177,mc_40,1.24e-6,27,-40,,42.55e-9
178,mc150,1.24e-6,28,150,,50.95e-9
178,mc_40,1.24e-6,28,-40,,47.72e-9
179,mc150,1.24e-6,29,150,,47.14e-9
179,mc_40,1.24e-6,29,-40,,42.91e-9
180,mc150,1.24e-6,30,150,,36.99e-9
180,mc_40,1.24e-6,30,-40,,33.89e-9
181,mc150,1.24e-6,31,150,,47.55e-9
181,mc_40,1.24e-6,31,-40,,44.04e-9
182,mc150,1.24e-6,32,150,,40.58e-9
182,mc_40,1.24e-6,32,-40,,37.04e-9
183,mc150,1.24e-6,33,150,,52.8e-9
183,mc_40,1.24e-6,33,-40,,49.11e-9
184,mc150,1.24e-6,34,150,,51.18e-9
184,mc_40,1.24e-6,34,-40,,47.89e-9
185,mc150,1.24e-6,35,150,,40.8e-9
185,mc_40,1.24e-6,35,-40,,37.37e-9
186,mc150,1.24e-6,36,150,,39.96e-9
186,mc_40,1.24e-6,36,-40,,36.26e-9
187,mc150,1.24e-6,37,150,,42.47e-9
187,mc_40,1.24e-6,37,-40,,38.35e-9
188,mc150,1.24e-6,38,150,,42.67e-9
188,mc_40,1.24e-6,38,-40,,38.88e-9
189,mc150,1.24e-6,39,150,,44.76e-9
189,mc_40,1.24e-6,39,-40,,41.95e-9
190,mc150,1.24e-6,40,150,,41.84e-9
190,mc_40,1.24e-6,40,-40,,37.93e-9
191,mc150,1.24e-6,41,150,,45.63e-9
191,mc_40,1.24e-6,41,-40,,42.92e-9
192,mc150,1.24e-6,42,150,,42.63e-9
192,mc_40,1.24e-6,42,-40,,38.92e-9
193,mc150,1.24e-6,43,150,,43.9e-9
193,mc_40,1.24e-6,43,-40,,41.32e-9
194,mc150,1.24e-6,44,150,,40.92e-9
194,mc_40,1.24e-6,44,-40,,37.33e-9
195,mc150,1.24e-6,45,150,,51.5e-9
195,mc_40,1.24e-6,45,-40,,47.96e-9
196,mc150,1.24e-6,46,150,,52.88e-9
196,mc_40,1.24e-6,46,-40,,49.33e-9
197,mc150,1.24e-6,47,150,,40.23e-9
197,mc_40,1.24e-6,47,-40,,37.01e-9
198,mc150,1.24e-6,48,150,,48.62e-9
198,mc_40,1.24e-6,48,-40,,45.41e-9
199,mc150,1.24e-6,49,150,,37.21e-9
199,mc_40,1.24e-6,49,-40,,34.69e-9
200,mc150,1.24e-6,50,150,,43.73e-9
200,mc_40,1.24e-6,50,-40,,40.27e-9
201,mc150,1.64e-6,1,150,,62.33e-9
201,mc_40,1.64e-6,1,-40,,59.01e-9
202,mc150,1.64e-6,2,150,,54.69e-9
202,mc_40,1.64e-6,2,-40,,50.62e-9
203,mc150,1.64e-6,3,150,,54.71e-9
203,mc_40,1.64e-6,3,-40,,49.99e-9
204,mc150,1.64e-6,4,150,,55.62e-9
204,mc_40,1.64e-6,4,-40,,51.77e-9
205,mc150,1.64e-6,5,150,,55.71e-9
205,mc_40,1.64e-6,5,-40,,51.44e-9
206,mc150,1.64e-6,6,150,,48.62e-9
206,mc_40,1.64e-6,6,-40,,46.09e-9
207,mc150,1.64e-6,7,150,,63.2e-9
207,mc_40,1.64e-6,7,-40,,58.07e-9
208,mc150,1.64e-6,8,150,,56.24e-9
208,mc_40,1.64e-6,8,-40,,52.43e-9
209,mc150,1.64e-6,9,150,,56.56e-9
209,mc_40,1.64e-6,9,-40,,52.16e-9
210,mc150,1.64e-6,10,150,,61.74e-9
210,mc_40,1.64e-6,10,-40,,57.01e-9
211,mc150,1.64e-6,11,150,,46.57e-9
211,mc_40,1.64e-6,11,-40,,42.42e-9
212,mc150,1.64e-6,12,150,,50.38e-9
212,mc_40,1.64e-6,12,-40,,47.03e-9
213,mc150,1.64e-6,13,150,,63.71e-9
213,mc_40,1.64e-6,13,-40,,60.87e-9
214,mc150,1.64e-6,14,150,,55.57e-9
214,mc_40,1.64e-6,14,-40,,51.37e-9
215,mc150,1.64e-6,15,150,,54.84e-9
215,mc_40,1.64e-6,15,-40,,50.62e-9
216,mc150,1.64e-6,16,150,,60.16e-9
216,mc_40,1.64e-6,16,-40,,57.01e-9
217,mc150,1.64e-6,17,150,,56.62e-9
217,mc_40,1.64e-6,17,-40,,52.13e-9
218,mc150,1.64e-6,18,150,,44.79e-9
218,mc_40,1.64e-6,18,-40,,41.63e-9
219,mc150,1.64e-6,19,150,,57.75e-9
219,mc_40,1.64e-6,19,-40,,53.88e-9
220,mc150,1.64e-6,20,150,,55.27e-9
220,mc_40,1.64e-6,20,-40,,49.45e-9
221,mc150,1.64e-6,21,150,,58.28e-9
221,mc_40,1.64e-6,21,-40,,54.26e-9
222,mc150,1.64e-6,22,150,,41.41e-9
222,mc_40,1.64e-6,22,-40,,39.36e-9
223,mc150,1.64e-6,23,150,,56.14e-9
223,mc_40,1.64e-6,23,-40,,51.86e-9
224,mc150,1.64e-6,24,150,,62.39e-9
224,mc_40,1.64e-6,24,-40,,57.75e-9
225,mc150,1.64e-6,25,150,,59.62e-9
225,mc_40,1.64e-6,25,-40,,55.4e-9
226,mc150,1.64e-6,26,150,,46.77e-9
226,mc_40,1.64e-6,26,-40,,44.07e-9
227,mc150,1.64e-6,27,150,,57.76e-9
227,mc_40,1.64e-6,27,-40,,52.96e-9
228,mc150,1.64e-6,28,150,,62.54e-9
228,mc_40,1.64e-6,28,-40,,59.03e-9
229,mc150,1.64e-6,29,150,,58.2e-9
229,mc_40,1.64e-6,29,-40,,53.35e-9
230,mc150,1.64e-6,30,150,,46.9e-9
230,mc_40,1.64e-6,30,-40,,43.25e-9
231,mc150,1.64e-6,31,150,,58.68e-9
231,mc_40,1.64e-6,31,-40,,54.73e-9
232,mc150,1.64e-6,32,150,,50.87e-9
232,mc_40,1.64e-6,32,-40,,46.82e-9
233,mc150,1.64e-6,33,150,,64.47e-9
233,mc_40,1.64e-6,33,-40,,60.25e-9
234,mc150,1.64e-6,34,150,,62.72e-9
234,mc_40,1.64e-6,34,-40,,59.1e-9
235,mc150,1.64e-6,35,150,,51.2e-9
235,mc_40,1.64e-6,35,-40,,47.22e-9
236,mc150,1.64e-6,36,150,,50.1e-9
236,mc_40,1.64e-6,36,-40,,45.73e-9
237,mc150,1.64e-6,37,150,,53.09e-9
237,mc_40,1.64e-6,37,-40,,48.34e-9
238,mc150,1.64e-6,38,150,,53.18e-9
238,mc_40,1.64e-6,38,-40,,48.84e-9
239,mc150,1.64e-6,39,150,,55.69e-9
239,mc_40,1.64e-6,39,-40,,52.54e-9
240,mc150,1.64e-6,40,150,,52.22e-9
240,mc_40,1.64e-6,40,-40,,47.71e-9
241,mc150,1.64e-6,41,150,,56.61e-9
241,mc_40,1.64e-6,41,-40,,53.52e-9
242,mc150,1.64e-6,42,150,,53.18e-9
242,mc_40,1.64e-6,42,-40,,48.94e-9
243,mc150,1.64e-6,43,150,,54.75e-9
243,mc_40,1.64e-6,43,-40,,51.91e-9
244,mc150,1.64e-6,44,150,,51.24e-9
244,mc_40,1.64e-6,44,-40,,47.15e-9
245,mc150,1.64e-6,45,150,,63.06e-9
245,mc_40,1.64e-6,45,-40,,59.04e-9
246,mc150,1.64e-6,46,150,,64.65e-9
246,mc_40,1.64e-6,46,-40,,60.78e-9
247,mc150,1.64e-6,47,150,,50.56e-9
247,mc_40,1.64e-6,47,-40,,46.84e-9
248,mc150,1.64e-6,48,150,,59.9e-9
248,mc_40,1.64e-6,48,-40,,56.27e-9
249,mc150,1.64e-6,49,150,,47.07e-9
249,mc_40,1.64e-6,49,-40,,44.04e-9
250,mc150,1.64e-6,50,150,,54.42e-9
250,mc_40,1.64e-6,50,-40,,50.49e-9
251,mc150,2.04e-6,1,150,,74.11e-9
251,mc_40,2.04e-6,1,-40,,70.5e-9
252,mc150,2.04e-6,2,150,,65.67e-9
252,mc_40,2.04e-6,2,-40,,61.07e-9
253,mc150,2.04e-6,3,150,,65.61e-9
253,mc_40,2.04e-6,3,-40,,60.11e-9
254,mc150,2.04e-6,4,150,,66.74e-9
254,mc_40,2.04e-6,4,-40,,62.43e-9
255,mc150,2.04e-6,5,150,,66.75e-9
255,mc_40,2.04e-6,5,-40,,61.84e-9
256,mc150,2.04e-6,6,150,,59.09e-9
256,mc_40,2.04e-6,6,-40,,56.14e-9
257,mc150,2.04e-6,7,150,,75.2e-9
257,mc_40,2.04e-6,7,-40,,69.54e-9
258,mc150,2.04e-6,8,150,,67.5e-9
258,mc_40,2.04e-6,8,-40,,63.2e-9
259,mc150,2.04e-6,9,150,,67.72e-9
259,mc_40,2.04e-6,9,-40,,62.71e-9
260,mc150,2.04e-6,10,150,,73.38e-9
260,mc_40,2.04e-6,10,-40,,68.17e-9
261,mc150,2.04e-6,11,150,,56.73e-9
261,mc_40,2.04e-6,11,-40,,51.73e-9
262,mc150,2.04e-6,12,150,,61e-9
262,mc_40,2.04e-6,12,-40,,57.11e-9
263,mc150,2.04e-6,13,150,,75.68e-9
263,mc_40,2.04e-6,13,-40,,72.6e-9
264,mc150,2.04e-6,14,150,,66.68e-9
264,mc_40,2.04e-6,14,-40,,61.95e-9
265,mc150,2.04e-6,15,150,,65.77e-9
265,mc_40,2.04e-6,15,-40,,60.86e-9
266,mc150,2.04e-6,16,150,,71.78e-9
266,mc_40,2.04e-6,16,-40,,68.29e-9
267,mc150,2.04e-6,17,150,,67.75e-9
267,mc_40,2.04e-6,17,-40,,62.65e-9
268,mc150,2.04e-6,18,150,,54.86e-9
268,mc_40,2.04e-6,18,-40,,51.04e-9
269,mc150,2.04e-6,19,150,,69.05e-9
269,mc_40,2.04e-6,19,-40,,64.7e-9
270,mc150,2.04e-6,20,150,,66.26e-9
270,mc_40,2.04e-6,20,-40,,59.62e-9
271,mc150,2.04e-6,21,150,,69.71e-9
271,mc_40,2.04e-6,21,-40,,65.2e-9
272,mc150,2.04e-6,22,150,,50.99e-9
272,mc_40,2.04e-6,22,-40,,48.34e-9
273,mc150,2.04e-6,23,150,,67.23e-9
273,mc_40,2.04e-6,23,-40,,62.41e-9
274,mc150,2.04e-6,24,150,,74.04e-9
274,mc_40,2.04e-6,24,-40,,68.91e-9
275,mc150,2.04e-6,25,150,,71.14e-9
275,mc_40,2.04e-6,25,-40,,66.49e-9
276,mc150,2.04e-6,26,150,,56.93e-9
276,mc_40,2.04e-6,26,-40,,53.72e-9
277,mc150,2.04e-6,27,150,,69.03e-9
277,mc_40,2.04e-6,27,-40,,63.69e-9
278,mc150,2.04e-6,28,150,,74.51e-9
278,mc_40,2.04e-6,28,-40,,70.6e-9
279,mc150,2.04e-6,29,150,,69.49e-9
279,mc_40,2.04e-6,29,-40,,64.07e-9
280,mc150,2.04e-6,30,150,,57.18e-9
280,mc_40,2.04e-6,30,-40,,52.82e-9
281,mc150,2.04e-6,31,150,,70.06e-9
281,mc_40,2.04e-6,31,-40,,65.65e-9
282,mc150,2.04e-6,32,150,,61.47e-9
282,mc_40,2.04e-6,32,-40,,56.67e-9
283,mc150,2.04e-6,33,150,,76.37e-9
283,mc_40,2.04e-6,33,-40,,71.85e-9
284,mc150,2.04e-6,34,150,,74.53e-9
284,mc_40,2.04e-6,34,-40,,70.57e-9
285,mc150,2.04e-6,35,150,,61.88e-9
285,mc_40,2.04e-6,35,-40,,57.26e-9
286,mc150,2.04e-6,36,150,,60.54e-9
286,mc_40,2.04e-6,36,-40,,55.33e-9
287,mc150,2.04e-6,37,150,,63.96e-9
287,mc_40,2.04e-6,37,-40,,58.54e-9
288,mc150,2.04e-6,38,150,,64.04e-9
288,mc_40,2.04e-6,38,-40,,58.97e-9
289,mc150,2.04e-6,39,150,,66.89e-9
289,mc_40,2.04e-6,39,-40,,63.35e-9
290,mc150,2.04e-6,40,150,,62.91e-9
290,mc_40,2.04e-6,40,-40,,57.6e-9
291,mc150,2.04e-6,41,150,,67.83e-9
291,mc_40,2.04e-6,41,-40,,64.34e-9
292,mc150,2.04e-6,42,150,,64e-9
292,mc_40,2.04e-6,42,-40,,59.07e-9
293,mc150,2.04e-6,43,150,,65.94e-9
293,mc_40,2.04e-6,43,-40,,62.67e-9
294,mc150,2.04e-6,44,150,,61.91e-9
294,mc_40,2.04e-6,44,-40,,57.08e-9
295,mc150,2.04e-6,45,150,,74.85e-9
295,mc_40,2.04e-6,45,-40,,70.45e-9
296,mc150,2.04e-6,46,150,,76.78e-9
296,mc_40,2.04e-6,46,-40,,72.51e-9
297,mc150,2.04e-6,47,150,,61.17e-9
297,mc_40,2.04e-6,47,-40,,56.87e-9
298,mc150,2.04e-6,48,150,,71.4e-9
298,mc_40,2.04e-6,48,-40,,67.32e-9
299,mc150,2.04e-6,49,150,,57.3e-9
299,mc_40,2.04e-6,49,-40,,53.68e-9
300,mc150,2.04e-6,50,150,,65.42e-9
300,mc_40,2.04e-6,50,-40,,60.85e-9
301,mc150,2.44e-6,1,150,,86.16e-9
301,mc_40,2.44e-6,1,-40,,82.27e-9
302,mc150,2.44e-6,2,150,,76.95e-9
302,mc_40,2.44e-6,2,-40,,71.78e-9
303,mc150,2.44e-6,3,150,,76.74e-9
303,mc_40,2.44e-6,3,-40,,70.61e-9
304,mc150,2.44e-6,4,150,,78.16e-9
304,mc_40,2.44e-6,4,-40,,73.32e-9
305,mc150,2.44e-6,5,150,,78.01e-9
305,mc_40,2.44e-6,5,-40,,72.59e-9
306,mc150,2.44e-6,6,150,,69.87e-9
306,mc_40,2.44e-6,6,-40,,66.39e-9
307,mc150,2.44e-6,7,150,,87.41e-9
307,mc_40,2.44e-6,7,-40,,81.26e-9
308,mc150,2.44e-6,8,150,,78.98e-9
308,mc_40,2.44e-6,8,-40,,74.21e-9
309,mc150,2.44e-6,9,150,,79.09e-9
309,mc_40,2.44e-6,9,-40,,73.56e-9
310,mc150,2.44e-6,10,150,,85.23e-9
310,mc_40,2.44e-6,10,-40,,79.48e-9
311,mc150,2.44e-6,11,150,,67.12e-9
311,mc_40,2.44e-6,11,-40,,61.29e-9
312,mc150,2.44e-6,12,150,,71.91e-9
312,mc_40,2.44e-6,12,-40,,67.43e-9
313,mc150,2.44e-6,13,150,,87.88e-9
313,mc_40,2.44e-6,13,-40,,84.72e-9
314,mc150,2.44e-6,14,150,,78.09e-9
314,mc_40,2.44e-6,14,-40,,72.79e-9
315,mc150,2.44e-6,15,150,,76.9e-9
315,mc_40,2.44e-6,15,-40,,71.45e-9
316,mc150,2.44e-6,16,150,,83.7e-9
316,mc_40,2.44e-6,16,-40,,79.92e-9
317,mc150,2.44e-6,17,150,,79.1e-9
317,mc_40,2.44e-6,17,-40,,73.45e-9
318,mc150,2.44e-6,18,150,,65.17e-9
318,mc_40,2.44e-6,18,-40,,60.63e-9
319,mc150,2.44e-6,19,150,,80.62e-9
319,mc_40,2.44e-6,19,-40,,75.81e-9
320,mc150,2.44e-6,20,150,,77.47e-9
320,mc_40,2.44e-6,20,-40,,70.07e-9
321,mc150,2.44e-6,21,150,,81.36e-9
321,mc_40,2.44e-6,21,-40,,76.39e-9
322,mc150,2.44e-6,22,150,,60.86e-9
322,mc_40,2.44e-6,22,-40,,57.52e-9
323,mc150,2.44e-6,23,150,,78.58e-9
323,mc_40,2.44e-6,23,-40,,73.25e-9
324,mc150,2.44e-6,24,150,,85.9e-9
324,mc_40,2.44e-6,24,-40,,80.35e-9
325,mc150,2.44e-6,25,150,,82.98e-9
325,mc_40,2.44e-6,25,-40,,77.81e-9
326,mc150,2.44e-6,26,150,,67.34e-9
326,mc_40,2.44e-6,26,-40,,63.45e-9
327,mc150,2.44e-6,27,150,,80.59e-9
327,mc_40,2.44e-6,27,-40,,74.58e-9
328,mc150,2.44e-6,28,150,,86.66e-9
328,mc_40,2.44e-6,28,-40,,82.55e-9
329,mc150,2.44e-6,29,150,,81.01e-9
329,mc_40,2.44e-6,29,-40,,74.96e-9
330,mc150,2.44e-6,30,150,,67.67e-9
330,mc_40,2.44e-6,30,-40,,62.61e-9
331,mc150,2.44e-6,31,150,,81.73e-9
331,mc_40,2.44e-6,31,-40,,76.86e-9
332,mc150,2.44e-6,32,150,,72.29e-9
332,mc_40,2.44e-6,32,-40,,66.86e-9
333,mc150,2.44e-6,33,150,,88.4e-9
333,mc_40,2.44e-6,33,-40,,83.63e-9
334,mc150,2.44e-6,34,150,,86.6e-9
334,mc_40,2.44e-6,34,-40,,82.37e-9
335,mc150,2.44e-6,35,150,,72.77e-9
335,mc_40,2.44e-6,35,-40,,67.56e-9
336,mc150,2.44e-6,36,150,,71.19e-9
336,mc_40,2.44e-6,36,-40,,65.22e-9
337,mc150,2.44e-6,37,150,,75.06e-9
337,mc_40,2.44e-6,37,-40,,68.99e-9
338,mc150,2.44e-6,38,150,,75.08e-9
338,mc_40,2.44e-6,38,-40,,69.44e-9
339,mc150,2.44e-6,39,150,,78.37e-9
339,mc_40,2.44e-6,39,-40,,74.39e-9
340,mc150,2.44e-6,40,150,,73.8e-9
340,mc_40,2.44e-6,40,-40,,67.81e-9
341,mc150,2.44e-6,41,150,,79.33e-9
341,mc_40,2.44e-6,41,-40,,75.44e-9
342,mc150,2.44e-6,42,150,,75.05e-9
342,mc_40,2.44e-6,42,-40,,69.55e-9
343,mc150,2.44e-6,43,150,,77.3e-9
343,mc_40,2.44e-6,43,-40,,73.81e-9
344,mc150,2.44e-6,44,150,,72.79e-9
344,mc_40,2.44e-6,44,-40,,67.35e-9
345,mc150,2.44e-6,45,150,,86.9e-9
345,mc_40,2.44e-6,45,-40,,82.18e-9
346,mc150,2.44e-6,46,150,,89.13e-9
346,mc_40,2.44e-6,46,-40,,84.65e-9
347,mc150,2.44e-6,47,150,,72.06e-9
347,mc_40,2.44e-6,47,-40,,67.15e-9
348,mc150,2.44e-6,48,150,,83.14e-9
348,mc_40,2.44e-6,48,-40,,78.72e-9
349,mc150,2.44e-6,49,150,,67.76e-9
349,mc_40,2.44e-6,49,-40,,63.48e-9
350,mc150,2.44e-6,50,150,,76.6e-9
350,mc_40,2.44e-6,50,-40,,71.54e-9
351,mc150,2.84e-6,1,150,,98.4e-9
351,mc_40,2.84e-6,1,-40,,94.51e-9
352,mc150,2.84e-6,2,150,,88.42e-9
352,mc_40,2.84e-6,2,-40,,82.74e-9
353,mc150,2.84e-6,3,150,,88.05e-9
353,mc_40,2.84e-6,3,-40,,81.17e-9
354,mc150,2.84e-6,4,150,,89.74e-9
354,mc_40,2.84e-6,4,-40,,84.5e-9
355,mc150,2.84e-6,5,150,,89.48e-9
355,mc_40,2.84e-6,5,-40,,83.5e-9
356,mc150,2.84e-6,6,150,,80.84e-9
356,mc_40,2.84e-6,6,-40,,76.91e-9
357,mc150,2.84e-6,7,150,,99.95e-9
357,mc_40,2.84e-6,7,-40,,93.49e-9
358,mc150,2.84e-6,8,150,,90.7e-9
358,mc_40,2.84e-6,8,-40,,85.54e-9
359,mc150,2.84e-6,9,150,,90.69e-9
359,mc_40,2.84e-6,9,-40,,84.56e-9
360,mc150,2.84e-6,10,150,,97.28e-9
360,mc_40,2.84e-6,10,-40,,91.19e-9
361,mc150,2.84e-6,11,150,,77.72e-9
361,mc_40,2.84e-6,11,-40,,71.11e-9
362,mc150,2.84e-6,12,150,,83.02e-9
362,mc_40,2.84e-6,12,-40,,77.99e-9
363,mc150,2.84e-6,13,150,,100.3e-9
363,mc_40,2.84e-6,13,-40,,97.29e-9
364,mc150,2.84e-6,14,150,,89.68e-9
364,mc_40,2.84e-6,14,-40,,83.88e-9
365,mc150,2.84e-6,15,150,,88.23e-9
365,mc_40,2.84e-6,15,-40,,82.14e-9
366,mc150,2.84e-6,16,150,,95.74e-9
366,mc_40,2.84e-6,16,-40,,91.93e-9
367,mc150,2.84e-6,17,150,,90.68e-9
367,mc_40,2.84e-6,17,-40,,84.4e-9
368,mc150,2.84e-6,18,150,,75.73e-9
368,mc_40,2.84e-6,18,-40,,70.51e-9
369,mc150,2.84e-6,19,150,,92.37e-9
369,mc_40,2.84e-6,19,-40,,87.17e-9
370,mc150,2.84e-6,20,150,,88.88e-9
370,mc_40,2.84e-6,20,-40,,80.69e-9
371,mc150,2.84e-6,21,150,,93.23e-9
371,mc_40,2.84e-6,21,-40,,87.9e-9
372,mc150,2.84e-6,22,150,,70.94e-9
372,mc_40,2.84e-6,22,-40,,66.85e-9
373,mc150,2.84e-6,23,150,,90.17e-9
373,mc_40,2.84e-6,23,-40,,84.25e-9
374,mc150,2.84e-6,24,150,,97.98e-9
374,mc_40,2.84e-6,24,-40,,91.99e-9
375,mc150,2.84e-6,25,150,,94.96e-9
375,mc_40,2.84e-6,25,-40,,89.5e-9
376,mc150,2.84e-6,26,150,,77.95e-9
376,mc_40,2.84e-6,26,-40,,73.54e-9
377,mc150,2.84e-6,27,150,,92.32e-9
377,mc_40,2.84e-6,27,-40,,85.79e-9
378,mc150,2.84e-6,28,150,,99.07e-9
378,mc_40,2.84e-6,28,-40,,94.9e-9
379,mc150,2.84e-6,29,150,,92.76e-9
379,mc_40,2.84e-6,29,-40,,86.11e-9
380,mc150,2.84e-6,30,150,,78.42e-9
380,mc_40,2.84e-6,30,-40,,72.68e-9
381,mc150,2.84e-6,31,150,,93.59e-9
381,mc_40,2.84e-6,31,-40,,88.33e-9
382,mc150,2.84e-6,32,150,,83.33e-9
382,mc_40,2.84e-6,32,-40,,77.2e-9
383,mc150,2.84e-6,33,150,,100.8e-9
383,mc_40,2.84e-6,33,-40,,95.85e-9
384,mc150,2.84e-6,34,150,,98.85e-9
384,mc_40,2.84e-6,34,-40,,94.6e-9
385,mc150,2.84e-6,35,150,,83.98e-9
385,mc_40,2.84e-6,35,-40,,78.12e-9
386,mc150,2.84e-6,36,150,,82.03e-9
386,mc_40,2.84e-6,36,-40,,75.31e-9
387,mc150,2.84e-6,37,150,,86.4e-9
387,mc_40,2.84e-6,37,-40,,79.68e-9
388,mc150,2.84e-6,38,150,,86.31e-9
388,mc_40,2.84e-6,38,-40,,80.03e-9
389,mc150,2.84e-6,39,150,,90.06e-9
389,mc_40,2.84e-6,39,-40,,85.78e-9
390,mc150,2.84e-6,40,150,,84.9e-9
390,mc_40,2.84e-6,40,-40,,78.18e-9
391,mc150,2.84e-6,41,150,,91e-9
391,mc_40,2.84e-6,41,-40,,86.78e-9
392,mc150,2.84e-6,42,150,,86.34e-9
392,mc_40,2.84e-6,42,-40,,80.21e-9
393,mc150,2.84e-6,43,150,,88.89e-9
393,mc_40,2.84e-6,43,-40,,85.19e-9
394,mc150,2.84e-6,44,150,,83.9e-9
394,mc_40,2.84e-6,44,-40,,77.77e-9
395,mc150,2.84e-6,45,150,,99.12e-9
395,mc_40,2.84e-6,45,-40,,94.18e-9
396,mc150,2.84e-6,46,150,,101.7e-9
396,mc_40,2.84e-6,46,-40,,97.2e-9
397,mc150,2.84e-6,47,150,,83.15e-9
397,mc_40,2.84e-6,47,-40,,77.67e-9
398,mc150,2.84e-6,48,150,,95.09e-9
398,mc_40,2.84e-6,48,-40,,90.4e-9
399,mc150,2.84e-6,49,150,,78.44e-9
399,mc_40,2.84e-6,49,-40,,73.58e-9
400,mc150,2.84e-6,50,150,,88.03e-9
400,mc_40,2.84e-6,50,-40,,82.43e-9
401,mc150,3.24e-6,1,150,,110.9e-9
401,mc_40,3.24e-6,1,-40,,107.1e-9
402,mc150,3.24e-6,2,150,,100.1e-9
402,mc_40,3.24e-6,2,-40,,94.02e-9
403,mc150,3.24e-6,3,150,,99.57e-9
403,mc_40,3.24e-6,3,-40,,92.07e-9
404,mc150,3.24e-6,4,150,,101.6e-9
404,mc_40,3.24e-6,4,-40,,96.04e-9
405,mc150,3.24e-6,5,150,,101.1e-9
405,mc_40,3.24e-6,5,-40,,94.63e-9
406,mc150,3.24e-6,6,150,,92.02e-9
406,mc_40,3.24e-6,6,-40,,87.69e-9
407,mc150,3.24e-6,7,150,,112.7e-9
407,mc_40,3.24e-6,7,-40,,106.5e-9
408,mc150,3.24e-6,8,150,,102.6e-9
408,mc_40,3.24e-6,8,-40,,97.22e-9
409,mc150,3.24e-6,9,150,,102.5e-9
409,mc_40,3.24e-6,9,-40,,95.95e-9
410,mc150,3.24e-6,10,150,,109.6e-9
410,mc_40,3.24e-6,10,-40,,103.3e-9
411,mc150,3.24e-6,11,150,,88.53e-9
411,mc_40,3.24e-6,11,-40,,81.08e-9
412,mc150,3.24e-6,12,150,,94.34e-9
412,mc_40,3.24e-6,12,-40,,88.81e-9
413,mc150,3.24e-6,13,150,,113e-9
413,mc_40,3.24e-6,13,-40,,110.4e-9
414,mc150,3.24e-6,14,150,,101.5e-9
414,mc_40,3.24e-6,14,-40,,95.32e-9
415,mc150,3.24e-6,15,150,,99.76e-9
415,mc_40,3.24e-6,15,-40,,93.16e-9
416,mc150,3.24e-6,16,150,,108.1e-9
416,mc_40,3.24e-6,16,-40,,104.4e-9
417,mc150,3.24e-6,17,150,,102.5e-9
417,mc_40,3.24e-6,17,-40,,95.82e-9
418,mc150,3.24e-6,18,150,,86.49e-9
418,mc_40,3.24e-6,18,-40,,80.54e-9
419,mc150,3.24e-6,19,150,,104.3e-9
419,mc_40,3.24e-6,19,-40,,98.92e-9
420,mc150,3.24e-6,20,150,,100.5e-9
420,mc_40,3.24e-6,20,-40,,91.72e-9
421,mc150,3.24e-6,21,150,,105.3e-9
421,mc_40,3.24e-6,21,-40,,99.81e-9
422,mc150,3.24e-6,22,150,,81.23e-9
422,mc_40,3.24e-6,22,-40,,76.49e-9
423,mc150,3.24e-6,23,150,,101.9e-9
423,mc_40,3.24e-6,23,-40,,95.64e-9
424,mc150,3.24e-6,24,150,,110.2e-9
424,mc_40,3.24e-6,24,-40,,103.9e-9
425,mc150,3.24e-6,25,150,,107.2e-9
425,mc_40,3.24e-6,25,-40,,101.6e-9
426,mc150,3.24e-6,26,150,,88.78e-9
426,mc_40,3.24e-6,26,-40,,83.78e-9
427,mc150,3.24e-6,27,150,,104.2e-9
427,mc_40,3.24e-6,27,-40,,97.37e-9
428,mc150,3.24e-6,28,150,,111.7e-9
428,mc_40,3.24e-6,28,-40,,108e-9
429,mc150,3.24e-6,29,150,,104.7e-9
429,mc_40,3.24e-6,29,-40,,97.67e-9
430,mc150,3.24e-6,30,150,,89.37e-9
430,mc_40,3.24e-6,30,-40,,82.91e-9
431,mc150,3.24e-6,31,150,,105.6e-9
431,mc_40,3.24e-6,31,-40,,100.2e-9
432,mc150,3.24e-6,32,150,,94.56e-9
432,mc_40,3.24e-6,32,-40,,87.78e-9
433,mc150,3.24e-6,33,150,,113.3e-9
433,mc_40,3.24e-6,33,-40,,108.2e-9
434,mc150,3.24e-6,34,150,,111.4e-9
434,mc_40,3.24e-6,34,-40,,107.3e-9
435,mc150,3.24e-6,35,150,,95.32e-9
435,mc_40,3.24e-6,35,-40,,88.9e-9
436,mc150,3.24e-6,36,150,,93.07e-9
436,mc_40,3.24e-6,36,-40,,85.56e-9
437,mc150,3.24e-6,37,150,,97.98e-9
437,mc_40,3.24e-6,37,-40,,90.62e-9
438,mc150,3.24e-6,38,150,,97.81e-9
438,mc_40,3.24e-6,38,-40,,90.9e-9
439,mc150,3.24e-6,39,150,,102e-9
439,mc_40,3.24e-6,39,-40,,97.5e-9
440,mc150,3.24e-6,40,150,,96.19e-9
440,mc_40,3.24e-6,40,-40,,88.81e-9
441,mc150,3.24e-6,41,150,,102.9e-9
441,mc_40,3.24e-6,41,-40,,98.52e-9
442,mc150,3.24e-6,42,150,,97.82e-9
442,mc_40,3.24e-6,42,-40,,91.11e-9
443,mc150,3.24e-6,43,150,,100.8e-9
443,mc_40,3.24e-6,43,-40,,96.9e-9
444,mc150,3.24e-6,44,150,,95.2e-9
444,mc_40,3.24e-6,44,-40,,88.4e-9
445,mc150,3.24e-6,45,150,,111.6e-9
445,mc_40,3.24e-6,45,-40,,106.6e-9
446,mc150,3.24e-6,46,150,,114.5e-9
446,mc_40,3.24e-6,46,-40,,110.6e-9
447,mc150,3.24e-6,47,150,,94.47e-9
447,mc_40,3.24e-6,47,-40,,88.44e-9
448,mc150,3.24e-6,48,150,,107.2e-9
448,mc_40,3.24e-6,48,-40,,102.4e-9
449,mc150,3.24e-6,49,150,,89.34e-9
449,mc_40,3.24e-6,49,-40,,83.86e-9
450,mc150,3.24e-6,50,150,,99.69e-9
450,mc_40,3.24e-6,50,-40,,93.55e-9
451,mc150,3.64e-6,1,150,,123.6e-9
451,mc_40,3.64e-6,1,-40,,121.6e-9
452,mc150,3.64e-6,2,150,,112e-9
452,mc_40,3.64e-6,2,-40,,105.8e-9
453,mc150,3.64e-6,3,150,,111.3e-9
453,mc_40,3.64e-6,3,-40,,103.3e-9
454,mc150,3.64e-6,4,150,,113.7e-9
454,mc_40,3.64e-6,4,-40,,108.2e-9
455,mc150,3.64e-6,5,150,,113e-9
455,mc_40,3.64e-6,5,-40,,106.2e-9
456,mc150,3.64e-6,6,150,,103.4e-9
456,mc_40,3.64e-6,6,-40,,98.82e-9
457,mc150,3.64e-6,7,150,,125.7e-9
457,mc_40,3.64e-6,7,-40,,123.8e-9
458,mc150,3.64e-6,8,150,,114.8e-9
458,mc_40,3.64e-6,8,-40,,109.7e-9
459,mc150,3.64e-6,9,150,,114.5e-9
459,mc_40,3.64e-6,9,-40,,107.7e-9
460,mc150,3.64e-6,10,150,,122.1e-9
460,mc_40,3.64e-6,10,-40,,115.8e-9
461,mc150,3.64e-6,11,150,,99.5e-9
461,mc_40,3.64e-6,11,-40,,91.36e-9
462,mc150,3.64e-6,12,150,,105.9e-9
462,mc_40,3.64e-6,12,-40,,99.99e-9
463,mc150,3.64e-6,13,150,,125.9e-9
463,mc_40,3.64e-6,13,-40,,127.2e-9
464,mc150,3.64e-6,14,150,,113.5e-9
464,mc_40,3.64e-6,14,-40,,107.3e-9
465,mc150,3.64e-6,15,150,,111.5e-9
465,mc_40,3.64e-6,15,-40,,104.6e-9
466,mc150,3.64e-6,16,150,,120.7e-9
466,mc_40,3.64e-6,16,-40,,118.7e-9
467,mc150,3.64e-6,17,150,,114.4e-9
467,mc_40,3.64e-6,17,-40,,107.6e-9
468,mc150,3.64e-6,18,150,,97.45e-9
468,mc_40,3.64e-6,18,-40,,90.87e-9
469,mc150,3.64e-6,19,150,,116.6e-9
469,mc_40,3.64e-6,19,-40,,111.3e-9
470,mc150,3.64e-6,20,150,,112.3e-9
470,mc_40,3.64e-6,20,-40,,102.9e-9
471,mc150,3.64e-6,21,150,,117.7e-9
471,mc_40,3.64e-6,21,-40,,112.6e-9
472,mc150,3.64e-6,22,150,,91.7e-9
472,mc_40,3.64e-6,22,-40,,86.26e-9
473,mc150,3.64e-6,23,150,,113.9e-9
473,mc_40,3.64e-6,23,-40,,107.5e-9
474,mc150,3.64e-6,24,150,,122.7e-9
474,mc_40,3.64e-6,24,-40,,116.4e-9
475,mc150,3.64e-6,25,150,,119.8e-9
475,mc_40,3.64e-6,25,-40,,114.8e-9
476,mc150,3.64e-6,26,150,,99.79e-9
476,mc_40,3.64e-6,26,-40,,94.2e-9
477,mc150,3.64e-6,27,150,,116.5e-9
477,mc_40,3.64e-6,27,-40,,109.5e-9
478,mc150,3.64e-6,28,150,,124.6e-9
478,mc_40,3.64e-6,28,-40,,124.7e-9
479,mc150,3.64e-6,29,150,,116.9e-9
479,mc_40,3.64e-6,29,-40,,109.7e-9
480,mc150,3.64e-6,30,150,,100.5e-9
480,mc_40,3.64e-6,30,-40,,93.43e-9
481,mc150,3.64e-6,31,150,,118e-9
481,mc_40,3.64e-6,31,-40,,112.8e-9
482,mc150,3.64e-6,32,150,,106e-9
482,mc_40,3.64e-6,32,-40,,98.73e-9
483,mc150,3.64e-6,33,150,,126e-9
483,mc_40,3.64e-6,33,-40,,121.8e-9
484,mc150,3.64e-6,34,150,,124.2e-9
484,mc_40,3.64e-6,34,-40,,122.4e-9
485,mc150,3.64e-6,35,150,,106.9e-9
485,mc_40,3.64e-6,35,-40,,100e-9
486,mc150,3.64e-6,36,150,,104.3e-9
486,mc_40,3.64e-6,36,-40,,96.07e-9
487,mc150,3.64e-6,37,150,,109.8e-9
487,mc_40,3.64e-6,37,-40,,102e-9
488,mc150,3.64e-6,38,150,,109.5e-9
488,mc_40,3.64e-6,38,-40,,102.2e-9
489,mc150,3.64e-6,39,150,,114.1e-9
489,mc_40,3.64e-6,39,-40,,110e-9
490,mc150,3.64e-6,40,150,,107.7e-9
490,mc_40,3.64e-6,40,-40,,99.79e-9
491,mc150,3.64e-6,41,150,,115e-9
491,mc_40,3.64e-6,41,-40,,110.8e-9
492,mc150,3.64e-6,42,150,,109.5e-9
492,mc_40,3.64e-6,42,-40,,102.5e-9
493,mc150,3.64e-6,43,150,,112.9e-9
493,mc_40,3.64e-6,43,-40,,109.6e-9
494,mc150,3.64e-6,44,150,,106.7e-9
494,mc_40,3.64e-6,44,-40,,99.48e-9
495,mc150,3.64e-6,45,150,,124.3e-9
495,mc_40,3.64e-6,45,-40,,120.2e-9
496,mc150,3.64e-6,46,150,,127.6e-9
496,mc_40,3.64e-6,46,-40,,eval err
497,mc150,3.64e-6,47,150,,106e-9
497,mc_40,3.64e-6,47,-40,,99.59e-9
498,mc150,3.64e-6,48,150,,119.7e-9
498,mc_40,3.64e-6,48,-40,,115.1e-9
499,mc150,3.64e-6,49,150,,100.4e-9
499,mc_40,3.64e-6,49,-40,,94.36e-9
500,mc150,3.64e-6,50,150,,111.5e-9
500,mc_40,3.64e-6,50,-40,,105.2e-9
501,mc150,4.04e-6,1,150,,eval err
501,mc_40,4.04e-6,1,-40,,eval err
502,mc150,4.04e-6,2,150,,124.2e-9
502,mc_40,4.04e-6,2,-40,,119.2e-9
503,mc150,4.04e-6,3,150,,123.2e-9
503,mc_40,4.04e-6,3,-40,,115e-9
504,mc150,4.04e-6,4,150,,126e-9
504,mc_40,4.04e-6,4,-40,,123.2e-9
505,mc150,4.04e-6,5,150,,125.1e-9
505,mc_40,4.04e-6,5,-40,,118.4e-9
506,mc150,4.04e-6,6,150,,115e-9
506,mc_40,4.04e-6,6,-40,,110.6e-9
507,mc150,4.04e-6,7,150,,eval err
507,mc_40,4.04e-6,7,-40,,eval err
508,mc150,4.04e-6,8,150,,127.3e-9
508,mc_40,4.04e-6,8,-40,,126.2e-9
509,mc150,4.04e-6,9,150,,126.7e-9
509,mc_40,4.04e-6,9,-40,,120.2e-9
510,mc150,4.04e-6,10,150,,eval err
510,mc_40,4.04e-6,10,-40,,eval err
511,mc150,4.04e-6,11,150,,110.7e-9
511,mc_40,4.04e-6,11,-40,,101.9e-9
512,mc150,4.04e-6,12,150,,117.6e-9
512,mc_40,4.04e-6,12,-40,,111.9e-9
513,mc150,4.04e-6,13,150,,eval err
513,mc_40,4.04e-6,13,-40,,eval err
514,mc150,4.04e-6,14,150,,125.9e-9
514,mc_40,4.04e-6,14,-40,,121.5e-9
515,mc150,4.04e-6,15,150,,123.4e-9
515,mc_40,4.04e-6,15,-40,,116.4e-9
516,mc150,4.04e-6,16,150,,eval err
516,mc_40,4.04e-6,16,-40,,eval err
517,mc150,4.04e-6,17,150,,126.7e-9
517,mc_40,4.04e-6,17,-40,,120.4e-9
518,mc150,4.04e-6,18,150,,108.6e-9
518,mc_40,4.04e-6,18,-40,,101.5e-9
519,mc150,4.04e-6,19,150,,eval err
519,mc_40,4.04e-6,19,-40,,126.4e-9
520,mc150,4.04e-6,20,150,,124.4e-9
520,mc_40,4.04e-6,20,-40,,114.8e-9
521,mc150,4.04e-6,21,150,,eval err
521,mc_40,4.04e-6,21,-40,,eval err
522,mc150,4.04e-6,22,150,,102.3e-9
522,mc_40,4.04e-6,22,-40,,96.16e-9
523,mc150,4.04e-6,23,150,,126.1e-9
523,mc_40,4.04e-6,23,-40,,120.8e-9
524,mc150,4.04e-6,24,150,,eval err
524,mc_40,4.04e-6,24,-40,,eval err
525,mc150,4.04e-6,25,150,,eval err
525,mc_40,4.04e-6,25,-40,,eval err
526,mc150,4.04e-6,26,150,,111e-9
526,mc_40,4.04e-6,26,-40,,105e-9
527,mc150,4.04e-6,27,150,,eval err
527,mc_40,4.04e-6,27,-40,,123.5e-9
528,mc150,4.04e-6,28,150,,eval err
528,mc_40,4.04e-6,28,-40,,eval err
529,mc150,4.04e-6,29,150,,eval err
529,mc_40,4.04e-6,29,-40,,123.1e-9
530,mc150,4.04e-6,30,150,,111.9e-9
530,mc_40,4.04e-6,30,-40,,104.3e-9
531,mc150,4.04e-6,31,150,,eval err
531,mc_40,4.04e-6,31,-40,,eval err
532,mc150,4.04e-6,32,150,,117.6e-9
532,mc_40,4.04e-6,32,-40,,110e-9
533,mc150,4.04e-6,33,150,,eval err
533,mc_40,4.04e-6,33,-40,,eval err
534,mc150,4.04e-6,34,150,,eval err
534,mc_40,4.04e-6,34,-40,,eval err
535,mc150,4.04e-6,35,150,,118.7e-9
535,mc_40,4.04e-6,35,-40,,111.9e-9
536,mc150,4.04e-6,36,150,,115.7e-9
536,mc_40,4.04e-6,36,-40,,107e-9
537,mc150,4.04e-6,37,150,,121.8e-9
537,mc_40,4.04e-6,37,-40,,114.4e-9
538,mc150,4.04e-6,38,150,,121.4e-9
538,mc_40,4.04e-6,38,-40,,114e-9
539,mc150,4.04e-6,39,150,,126.5e-9
539,mc_40,4.04e-6,39,-40,,126.7e-9
540,mc150,4.04e-6,40,150,,119.4e-9
540,mc_40,4.04e-6,40,-40,,111e-9
541,mc150,4.04e-6,41,150,,127.4e-9
541,mc_40,4.04e-6,41,-40,,125.4e-9
542,mc150,4.04e-6,42,150,,121.4e-9
542,mc_40,4.04e-6,42,-40,,114.5e-9
543,mc150,4.04e-6,43,150,,125.2e-9
543,mc_40,4.04e-6,43,-40,,128.3e-9
544,mc150,4.04e-6,44,150,,118.4e-9
544,mc_40,4.04e-6,44,-40,,110.9e-9
545,mc150,4.04e-6,45,150,,eval err
545,mc_40,4.04e-6,45,-40,,eval err
546,mc150,4.04e-6,46,150,,eval err
546,mc_40,4.04e-6,46,-40,,eval err
547,mc150,4.04e-6,47,150,,117.8e-9
547,mc_40,4.04e-6,47,-40,,111.5e-9
548,mc150,4.04e-6,48,150,,eval err
548,mc_40,4.04e-6,48,-40,,eval err
549,mc150,4.04e-6,49,150,,111.7e-9
549,mc_40,4.04e-6,49,-40,,105.3e-9
550,mc150,4.04e-6,50,150,,123.6e-9
550,mc_40,4.04e-6,50,-40,,117.7e-9
551,mc150,4.44e-6,1,150,,eval err
551,mc_40,4.44e-6,1,-40,,eval err
552,mc150,4.44e-6,2,150,,eval err
552,mc_40,4.44e-6,2,-40,,eval err
553,mc150,4.44e-6,3,150,,eval err
553,mc_40,4.44e-6,3,-40,,128.1e-9
554,mc150,4.44e-6,4,150,,eval err
554,mc_40,4.44e-6,4,-40,,eval err
555,mc150,4.44e-6,5,150,,eval err
555,mc_40,4.44e-6,5,-40,,eval err
556,mc150,4.44e-6,6,150,,126.9e-9
556,mc_40,4.44e-6,6,-40,,126e-9
557,mc150,4.44e-6,7,150,,eval err
557,mc_40,4.44e-6,7,-40,,eval err
558,mc150,4.44e-6,8,150,,eval err
558,mc_40,4.44e-6,8,-40,,eval err
559,mc150,4.44e-6,9,150,,eval err
559,mc_40,4.44e-6,9,-40,,eval err
560,mc150,4.44e-6,10,150,,eval err
560,mc_40,4.44e-6,10,-40,,eval err
561,mc150,4.44e-6,11,150,,122.1e-9
561,mc_40,4.44e-6,11,-40,,112.8e-9
562,mc150,4.44e-6,12,150,,eval err
562,mc_40,4.44e-6,12,-40,,126.8e-9
563,mc150,4.44e-6,13,150,,eval err
563,mc_40,4.44e-6,13,-40,,eval err
564,mc150,4.44e-6,14,150,,eval err
564,mc_40,4.44e-6,14,-40,,eval err
565,mc150,4.44e-6,15,150,,eval err
565,mc_40,4.44e-6,15,-40,,eval err
566,mc150,4.44e-6,16,150,,eval err
566,mc_40,4.44e-6,16,-40,,eval err
567,mc150,4.44e-6,17,150,,eval err
567,mc_40,4.44e-6,17,-40,,eval err
568,mc150,4.44e-6,18,150,,120e-9
568,mc_40,4.44e-6,18,-40,,112.7e-9
569,mc150,4.44e-6,19,150,,eval err
569,mc_40,4.44e-6,19,-40,,eval err
570,mc150,4.44e-6,20,150,,eval err
570,mc_40,4.44e-6,20,-40,,eval err
571,mc150,4.44e-6,21,150,,eval err
571,mc_40,4.44e-6,21,-40,,eval err
572,mc150,4.44e-6,22,150,,113.2e-9
572,mc_40,4.44e-6,22,-40,,106.5e-9
573,mc150,4.44e-6,23,150,,eval err
573,mc_40,4.44e-6,23,-40,,eval err
574,mc150,4.44e-6,24,150,,eval err
574,mc_40,4.44e-6,24,-40,,eval err
575,mc150,4.44e-6,25,150,,eval err
575,mc_40,4.44e-6,25,-40,,eval err
576,mc150,4.44e-6,26,150,,122.4e-9
576,mc_40,4.44e-6,26,-40,,116.4e-9
577,mc150,4.44e-6,27,150,,eval err
577,mc_40,4.44e-6,27,-40,,eval err
578,mc150,4.44e-6,28,150,,eval err
578,mc_40,4.44e-6,28,-40,,eval err
579,mc150,4.44e-6,29,150,,eval err
579,mc_40,4.44e-6,29,-40,,eval err
580,mc150,4.44e-6,30,150,,123.5e-9
580,mc_40,4.44e-6,30,-40,,116.2e-9
581,mc150,4.44e-6,31,150,,eval err
581,mc_40,4.44e-6,31,-40,,eval err
582,mc150,4.44e-6,32,150,,eval err
582,mc_40,4.44e-6,32,-40,,122.6e-9
583,mc150,4.44e-6,33,150,,eval err
583,mc_40,4.44e-6,33,-40,,eval err
584,mc150,4.44e-6,34,150,,eval err
584,mc_40,4.44e-6,34,-40,,eval err
585,mc150,4.44e-6,35,150,,eval err
585,mc_40,4.44e-6,35,-40,,126.7e-9
586,mc150,4.44e-6,36,150,,127.2e-9
586,mc_40,4.44e-6,36,-40,,118.2e-9
587,mc150,4.44e-6,37,150,,eval err
587,mc_40,4.44e-6,37,-40,,eval err
588,mc150,4.44e-6,38,150,,eval err
588,mc_40,4.44e-6,38,-40,,eval err
589,mc150,4.44e-6,39,150,,eval err
589,mc_40,4.44e-6,39,-40,,eval err
590,mc150,4.44e-6,40,150,,eval err
590,mc_40,4.44e-6,40,-40,,123.3e-9
591,mc150,4.44e-6,41,150,,eval err
591,mc_40,4.44e-6,41,-40,,eval err
592,mc150,4.44e-6,42,150,,eval err
592,mc_40,4.44e-6,42,-40,,eval err
593,mc150,4.44e-6,43,150,,eval err
593,mc_40,4.44e-6,43,-40,,eval err
594,mc150,4.44e-6,44,150,,eval err
594,mc_40,4.44e-6,44,-40,,124e-9
595,mc150,4.44e-6,45,150,,eval err
595,mc_40,4.44e-6,45,-40,,eval err
596,mc150,4.44e-6,46,150,,eval err
596,mc_40,4.44e-6,46,-40,,eval err
597,mc150,4.44e-6,47,150,,eval err
597,mc_40,4.44e-6,47,-40,,126.8e-9
598,mc150,4.44e-6,48,150,,eval err
598,mc_40,4.44e-6,48,-40,,eval err
599,mc150,4.44e-6,49,150,,123.2e-9
599,mc_40,4.44e-6,49,-40,,116.9e-9
600,mc150,4.44e-6,50,150,,eval err
600,mc_40,4.44e-6,50,-40,,eval err
601,mc150,4.84e-6,1,150,,eval err
601,mc_40,4.84e-6,1,-40,,eval err
602,mc150,4.84e-6,2,150,,eval err
602,mc_40,4.84e-6,2,-40,,eval err
603,mc150,4.84e-6,3,150,,eval err
603,mc_40,4.84e-6,3,-40,,eval err
604,mc150,4.84e-6,4,150,,eval err
604,mc_40,4.84e-6,4,-40,,eval err
605,mc150,4.84e-6,5,150,,eval err
605,mc_40,4.84e-6,5,-40,,eval err
606,mc150,4.84e-6,6,150,,eval err
606,mc_40,4.84e-6,6,-40,,eval err
607,mc150,4.84e-6,7,150,,eval err
607,mc_40,4.84e-6,7,-40,,eval err
608,mc150,4.84e-6,8,150,,eval err
608,mc_40,4.84e-6,8,-40,,eval err
609,mc150,4.84e-6,9,150,,eval err
609,mc_40,4.84e-6,9,-40,,eval err
610,mc150,4.84e-6,10,150,,eval err
610,mc_40,4.84e-6,10,-40,,eval err
611,mc150,4.84e-6,11,150,,eval err
611,mc_40,4.84e-6,11,-40,,125e-9
612,mc150,4.84e-6,12,150,,eval err
612,mc_40,4.84e-6,12,-40,,eval err
613,mc150,4.84e-6,13,150,,eval err
613,mc_40,4.84e-6,13,-40,,eval err
614,mc150,4.84e-6,14,150,,eval err
614,mc_40,4.84e-6,14,-40,,eval err
615,mc150,4.84e-6,15,150,,eval err
615,mc_40,4.84e-6,15,-40,,eval err
616,mc150,4.84e-6,16,150,,eval err
616,mc_40,4.84e-6,16,-40,,eval err
617,mc150,4.84e-6,17,150,,eval err
617,mc_40,4.84e-6,17,-40,,eval err
618,mc150,4.84e-6,18,150,,eval err
618,mc_40,4.84e-6,18,-40,,126.4e-9
619,mc150,4.84e-6,19,150,,eval err
619,mc_40,4.84e-6,19,-40,,eval err
620,mc150,4.84e-6,20,150,,eval err
620,mc_40,4.84e-6,20,-40,,eval err
621,mc150,4.84e-6,21,150,,eval err
621,mc_40,4.84e-6,21,-40,,eval err
622,mc150,4.84e-6,22,150,,124.2e-9
622,mc_40,4.84e-6,22,-40,,117.1e-9
623,mc150,4.84e-6,23,150,,eval err
623,mc_40,4.84e-6,23,-40,,eval err
624,mc150,4.84e-6,24,150,,eval err
624,mc_40,4.84e-6,24,-40,,eval err
625,mc150,4.84e-6,25,150,,eval err
625,mc_40,4.84e-6,25,-40,,eval err
626,mc150,4.84e-6,26,150,,eval err
626,mc_40,4.84e-6,26,-40,,eval err
627,mc150,4.84e-6,27,150,,eval err
627,mc_40,4.84e-6,27,-40,,eval err
628,mc150,4.84e-6,28,150,,eval err
628,mc_40,4.84e-6,28,-40,,eval err
629,mc150,4.84e-6,29,150,,eval err
629,mc_40,4.84e-6,29,-40,,eval err
630,mc150,4.84e-6,30,150,,eval err
630,mc_40,4.84e-6,30,-40,,eval err
631,mc150,4.84e-6,31,150,,eval err
631,mc_40,4.84e-6,31,-40,,eval err
632,mc150,4.84e-6,32,150,,eval err
632,mc_40,4.84e-6,32,-40,,eval err
633,mc150,4.84e-6,33,150,,eval err
633,mc_40,4.84e-6,33,-40,,eval err
634,mc150,4.84e-6,34,150,,eval err
634,mc_40,4.84e-6,34,-40,,eval err
635,mc150,4.84e-6,35,150,,eval err
635,mc_40,4.84e-6,35,-40,,eval err
636,mc150,4.84e-6,36,150,,eval err
636,mc_40,4.84e-6,36,-40,,eval err
637,mc150,4.84e-6,37,150,,eval err
637,mc_40,4.84e-6,37,-40,,eval err
638,mc150,4.84e-6,38,150,,eval err
638,mc_40,4.84e-6,38,-40,,eval err
639,mc150,4.84e-6,39,150,,eval err
639,mc_40,4.84e-6,39,-40,,eval err
640,mc150,4.84e-6,40,150,,eval err
640,mc_40,4.84e-6,40,-40,,eval err
641,mc150,4.84e-6,41,150,,eval err
641,mc_40,4.84e-6,41,-40,,eval err
642,mc150,4.84e-6,42,150,,eval err
642,mc_40,4.84e-6,42,-40,,eval err
643,mc150,4.84e-6,43,150,,eval err
643,mc_40,4.84e-6,43,-40,,eval err
644,mc150,4.84e-6,44,150,,eval err
644,mc_40,4.84e-6,44,-40,,eval err
645,mc150,4.84e-6,45,150,,eval err
645,mc_40,4.84e-6,45,-40,,eval err
646,mc150,4.84e-6,46,150,,eval err
646,mc_40,4.84e-6,46,-40,,eval err
647,mc150,4.84e-6,47,150,,eval err
647,mc_40,4.84e-6,47,-40,,eval err
648,mc150,4.84e-6,48,150,,eval err
648,mc_40,4.84e-6,48,-40,,eval err
649,mc150,4.84e-6,49,150,,eval err
649,mc_40,4.84e-6,49,-40,,eval err
650,mc150,4.84e-6,50,150,,eval err
650,mc_40,4.84e-6,50,-40,,eval err

