Point,Corner,Vctrl,mc_iteration,Pass/Fail,/Vosc_buff,Freq
1,C4,4.00E-01,1,,,3.25E+07
2,C4,4.00E-01,2,,,4.95E+07
3,C4,4.00E-01,3,,,4.70E+07
4,C4,4.00E-01,4,,,4.83E+07
5,C4,4.00E-01,5,,,4.60E+07
6,C4,4.00E-01,6,,,8.28E+07
7,C4,4.00E-01,7,,,2.82E+07
8,C4,4.00E-01,8,,,4.70E+07
9,C4,4.00E-01,9,,,4.34E+07
10,C4,4.00E-01,10,,,3.06E+07
11,C4,4.00E-01,11,,,7.34E+07
12,C4,4.00E-01,12,,,6.75E+07
13,C4,4.00E-01,13,,,3.02E+07
14,C4,4.00E-01,14,,,4.69E+07
15,C4,4.00E-01,15,,,4.83E+07
16,C4,4.00E-01,16,,,3.81E+07
17,C4,4.00E-01,17,,,4.25E+07
18,C4,4.00E-01,18,,,9.13E+07
19,C4,4.00E-01,19,,,4.14E+07
20,C4,4.00E-01,20,,,4.12E+07
21,C4,4.00E-01,21,,,4.01E+07
22,C4,4.00E-01,22,,,1.17E+08
23,C4,4.00E-01,23,,,4.43E+07
24,C4,4.00E-01,24,,,3.04E+07
25,C4,4.00E-01,25,,,3.66E+07
26,C4,4.00E-01,26,,,8.41E+07
27,C4,4.00E-01,27,,,3.86E+07
28,C4,4.00E-01,28,,,3.17E+07
29,C4,4.00E-01,29,,,3.76E+07
30,C4,4.00E-01,30,,,7.81E+07
31,C4,4.00E-01,31,,,3.89E+07
32,C4,4.00E-01,32,,,6.01E+07
33,C4,4.00E-01,33,,,2.66E+07
34,C4,4.00E-01,34,,,3.07E+07
35,C4,4.00E-01,35,,,6.06E+07
36,C4,4.00E-01,36,,,6.16E+07
37,C4,4.00E-01,37,,,5.17E+07
38,C4,4.00E-01,38,,,5.17E+07
39,C4,4.00E-01,39,,,5.10E+07
40,C4,4.00E-01,40,,,5.43E+07
41,C4,4.00E-01,41,,,4.74E+07
42,C4,4.00E-01,42,,,5.25E+07
43,C4,4.00E-01,43,,,5.67E+07
44,C4,4.00E-01,44,,,5.87E+07
45,C4,4.00E-01,45,,,2.91E+07
46,C4,4.00E-01,46,,,2.68E+07
47,C4,4.00E-01,47,,,6.50E+07
48,C4,4.00E-01,48,,,3.70E+07
49,C4,4.00E-01,49,,,8.03E+07
50,C4,4.00E-01,50,,,5.02E+07
51,C4,4.00E-01,51,,,2.49E+07
52,C4,4.00E-01,52,,,4.51E+07
53,C4,4.00E-01,53,,,3.76E+07
54,C4,4.00E-01,54,,,3.30E+07
55,C4,4.00E-01,55,,,6.54E+07
56,C4,4.00E-01,56,,,4.11E+07
57,C4,4.00E-01,57,,,8.97E+07
58,C4,4.00E-01,58,,,2.99E+07
59,C4,4.00E-01,59,,,5.63E+07
60,C4,4.00E-01,60,,,3.16E+07
61,C4,4.00E-01,61,,,6.88E+07
62,C4,4.00E-01,62,,,4.73E+07
63,C4,4.00E-01,63,,,7.29E+07
64,C4,4.00E-01,64,,,5.63E+07
65,C4,4.00E-01,65,,,4.89E+07
66,C4,4.00E-01,66,,,6.43E+07
67,C4,4.00E-01,67,,,3.51E+07
68,C4,4.00E-01,68,,,7.15E+07
69,C4,4.00E-01,69,,,3.49E+07
70,C4,4.00E-01,70,,,5.34E+07
71,C4,4.00E-01,71,,,4.70E+07
72,C4,4.00E-01,72,,,6.14E+07
73,C4,4.00E-01,73,,,3.43E+07
74,C4,4.00E-01,74,,,4.04E+07
75,C4,4.00E-01,75,,,4.39E+07
76,C4,4.00E-01,76,,,3.67E+07
77,C4,4.00E-01,77,,,4.48E+07
78,C4,4.00E-01,78,,,6.03E+07
79,C4,4.00E-01,79,,,3.27E+07
80,C4,4.00E-01,80,,,5.75E+07
81,C4,4.00E-01,81,,,2.43E+07
82,C4,4.00E-01,82,,,2.54E+07
83,C4,4.00E-01,83,,,5.67E+07
84,C4,4.00E-01,84,,,6.21E+07
85,C4,4.00E-01,85,,,5.98E+07
86,C4,4.00E-01,86,,,5.68E+07
87,C4,4.00E-01,87,,,2.62E+07
88,C4,4.00E-01,88,,,6.90E+07
89,C4,4.00E-01,89,,,5.66E+07
90,C4,4.00E-01,90,,,5.84E+07
91,C4,4.00E-01,91,,,2.61E+07
92,C4,4.00E-01,92,,,6.21E+07
93,C4,4.00E-01,93,,,6.36E+07
94,C4,4.00E-01,94,,,2.72E+07
95,C4,4.00E-01,95,,,6.00E+07
96,C4,4.00E-01,96,,,3.75E+07
97,C4,4.00E-01,97,,,8.93E+07
98,C4,4.00E-01,98,,,3.54E+07
99,C4,4.00E-01,99,,,2.68E+07
100,C4,4.00E-01,100,,,4.82E+07
101,C4,4.00E-01,101,,,4.41E+07
102,C4,4.00E-01,102,,,4.52E+07
103,C4,4.00E-01,103,,,4.38E+07
104,C4,4.00E-01,104,,,4.27E+07
105,C4,4.00E-01,105,,,3.96E+07
106,C4,4.00E-01,106,,,4.15E+07
107,C4,4.00E-01,107,,,3.56E+07
108,C4,4.00E-01,108,,,3.34E+07
109,C4,4.00E-01,109,,,7.31E+07
110,C4,4.00E-01,110,,,3.32E+07
111,C4,4.00E-01,111,,,7.67E+07
112,C4,4.00E-01,112,,,3.99E+07
113,C4,4.00E-01,113,,,4.38E+07
114,C4,4.00E-01,114,,,6.62E+07
115,C4,4.00E-01,115,,,6.00E+07
116,C4,4.00E-01,116,,,3.46E+07
117,C4,4.00E-01,117,,,9.16E+07
118,C4,4.00E-01,118,,,5.04E+07
119,C4,4.00E-01,119,,,4.90E+07
120,C4,4.00E-01,120,,,3.09E+07
121,C4,4.00E-01,121,,,3.08E+07
122,C4,4.00E-01,122,,,5.12E+07
123,C4,4.00E-01,123,,,4.80E+07
124,C4,4.00E-01,124,,,4.36E+07
125,C4,4.00E-01,125,,,4.15E+07
126,C4,4.00E-01,126,,,6.05E+07
127,C4,4.00E-01,127,,,6.41E+07
128,C4,4.00E-01,128,,,3.95E+07
129,C4,4.00E-01,129,,,4.49E+07
130,C4,4.00E-01,130,,,3.84E+07
131,C4,4.00E-01,131,,,4.39E+07
132,C4,4.00E-01,132,,,7.63E+07
133,C4,4.00E-01,133,,,3.50E+07
134,C4,4.00E-01,134,,,9.39E+07
135,C4,4.00E-01,135,,,3.64E+07
136,C4,4.00E-01,136,,,8.52E+07
137,C4,4.00E-01,137,,,3.50E+07
138,C4,4.00E-01,138,,,7.60E+07
139,C4,4.00E-01,139,,,3.92E+07
140,C4,4.00E-01,140,,,3.94E+07
141,C4,4.00E-01,141,,,4.34E+07
142,C4,4.00E-01,142,,,4.02E+07
143,C4,4.00E-01,143,,,4.33E+07
144,C4,4.00E-01,144,,,4.73E+07
145,C4,4.00E-01,145,,,5.07E+07
146,C4,4.00E-01,146,,,2.87E+07
147,C4,4.00E-01,147,,,3.34E+07
148,C4,4.00E-01,148,,,5.97E+07
149,C4,4.00E-01,149,,,6.08E+07
150,C4,4.00E-01,150,,,4.12E+07
151,C4,4.00E-01,151,,,4.05E+07
152,C4,4.00E-01,152,,,7.41E+07
153,C4,4.00E-01,153,,,2.39E+07
154,C4,4.00E-01,154,,,4.47E+07
155,C4,4.00E-01,155,,,4.41E+07
156,C4,4.00E-01,156,,,5.21E+07
157,C4,4.00E-01,157,,,5.67E+07
158,C4,4.00E-01,158,,,3.84E+07
159,C4,4.00E-01,159,,,3.65E+07
160,C4,4.00E-01,160,,,4.55E+07
161,C4,4.00E-01,161,,,4.73E+07
162,C4,4.00E-01,162,,,3.32E+07
163,C4,4.00E-01,163,,,6.90E+07
164,C4,4.00E-01,164,,,3.42E+07
165,C4,4.00E-01,165,,,6.36E+07
166,C4,4.00E-01,166,,,4.95E+07
167,C4,4.00E-01,167,,,4.86E+07
168,C4,4.00E-01,168,,,3.45E+07
169,C4,4.00E-01,169,,,6.66E+07
170,C4,4.00E-01,170,,,4.74E+07
171,C4,4.00E-01,171,,,5.78E+07
172,C4,4.00E-01,172,,,4.69E+07
173,C4,4.00E-01,173,,,4.79E+07
174,C4,4.00E-01,174,,,3.15E+07
175,C4,4.00E-01,175,,,6.95E+07
176,C4,4.00E-01,176,,,2.45E+07
177,C4,4.00E-01,177,,,5.33E+07
178,C4,4.00E-01,178,,,5.31E+07
179,C4,4.00E-01,179,,,5.89E+07
180,C4,4.00E-01,180,,,5.20E+07
181,C4,4.00E-01,181,,,2.16E+07
182,C4,4.00E-01,182,,,5.94E+07
183,C4,4.00E-01,183,,,5.25E+07
184,C4,4.00E-01,184,,,5.85E+07
185,C4,4.00E-01,185,,,2.80E+07
186,C4,4.00E-01,186,,,7.61E+07
187,C4,4.00E-01,187,,,5.65E+07
188,C4,4.00E-01,188,,,2.65E+07
189,C4,4.00E-01,189,,,5.83E+07
190,C4,4.00E-01,190,,,6.25E+07
191,C4,4.00E-01,191,,,6.77E+07
192,C4,4.00E-01,192,,,4.83E+07
193,C4,4.00E-01,193,,,4.89E+07
194,C4,4.00E-01,194,,,4.73E+07
195,C4,4.00E-01,195,,,5.36E+07
196,C4,4.00E-01,196,,,5.80E+07
197,C4,4.00E-01,197,,,2.68E+07
198,C4,4.00E-01,198,,,2.47E+07
199,C4,4.00E-01,199,,,5.79E+07
200,C4,4.00E-01,200,,,6.50E+07
201,C4,4.89E-01,1,,,2.58E+08
202,C4,4.89E-01,2,,,3.83E+08
203,C4,4.89E-01,3,,,3.56E+08
204,C4,4.89E-01,4,,,3.79E+08
205,C4,4.89E-01,5,,,3.44E+08
206,C4,4.89E-01,6,,,5.04E+08
207,C4,4.89E-01,7,,,2.47E+08
208,C4,4.89E-01,8,,,3.72E+08
209,C4,4.89E-01,9,,,3.30E+08
210,C4,4.89E-01,10,,,2.17E+08
211,C4,4.89E-01,11,,,5.45E+08
212,C4,4.89E-01,12,,,4.64E+08
213,C4,4.89E-01,13,,,2.41E+08
214,C4,4.89E-01,14,,,3.77E+08
215,C4,4.89E-01,15,,,3.61E+08
216,C4,4.89E-01,16,,,2.98E+08
217,C4,4.89E-01,17,,,3.35E+08
218,C4,4.89E-01,18,,,5.82E+08
219,C4,4.89E-01,19,,,3.23E+08
220,C4,4.89E-01,20,,,3.42E+08
221,C4,4.89E-01,21,,,3.28E+08
222,C4,4.89E-01,22,,,5.66E+08
223,C4,4.89E-01,23,,,3.51E+08
224,C4,4.89E-01,24,,,1.99E+08
225,C4,4.89E-01,25,,,3.07E+08
226,C4,4.89E-01,26,,,5.03E+08
227,C4,4.89E-01,27,,,3.23E+08
228,C4,4.89E-01,28,,,2.66E+08
229,C4,4.89E-01,29,,,3.07E+08
230,C4,4.89E-01,30,,,5.49E+08
231,C4,4.89E-01,31,,,3.09E+08
232,C4,4.89E-01,32,,,4.45E+08
233,C4,4.89E-01,33,,,1.81E+08
234,C4,4.89E-01,34,,,2.59E+08
235,C4,4.89E-01,35,,,4.63E+08
236,C4,4.89E-01,36,,,4.45E+08
237,C4,4.89E-01,37,,,4.14E+08
238,C4,4.89E-01,38,,,3.96E+08
239,C4,4.89E-01,39,,,3.85E+08
240,C4,4.89E-01,40,,,4.10E+08
241,C4,4.89E-01,41,,,3.45E+08
242,C4,4.89E-01,42,,,4.08E+08
243,C4,4.89E-01,43,,,4.06E+08
244,C4,4.89E-01,44,,,4.38E+08
245,C4,4.89E-01,45,,,2.13E+08
246,C4,4.89E-01,46,,,2.22E+08
247,C4,4.89E-01,47,,,4.76E+08
248,C4,4.89E-01,48,,,2.89E+08
249,C4,4.89E-01,49,,,5.25E+08
250,C4,4.89E-01,50,,,3.76E+08
251,C4,4.89E-01,51,,,1.80E+08
252,C4,4.89E-01,52,,,3.35E+08
253,C4,4.89E-01,53,,,3.24E+08
254,C4,4.89E-01,54,,,2.70E+08
255,C4,4.89E-01,55,,,4.43E+08
256,C4,4.89E-01,56,,,3.14E+08
257,C4,4.89E-01,57,,,5.71E+08
258,C4,4.89E-01,58,,,2.34E+08
259,C4,4.89E-01,59,,,4.05E+08
260,C4,4.89E-01,60,,,2.47E+08
261,C4,4.89E-01,61,,,4.65E+08
262,C4,4.89E-01,62,,,3.52E+08
263,C4,4.89E-01,63,,,4.65E+08
264,C4,4.89E-01,64,,,4.40E+08
265,C4,4.89E-01,65,,,3.72E+08
266,C4,4.89E-01,66,,,4.33E+08
267,C4,4.89E-01,67,,,2.91E+08
268,C4,4.89E-01,68,,,4.72E+08
269,C4,4.89E-01,69,,,2.92E+08
270,C4,4.89E-01,70,,,4.30E+08
271,C4,4.89E-01,71,,,3.61E+08
272,C4,4.89E-01,72,,,4.37E+08
273,C4,4.89E-01,73,,,2.84E+08
274,C4,4.89E-01,74,,,3.13E+08
275,C4,4.89E-01,75,,,3.42E+08
276,C4,4.89E-01,76,,,2.38E+08
277,C4,4.89E-01,77,,,3.50E+08
278,C4,4.89E-01,78,,,4.11E+08
279,C4,4.89E-01,79,,,2.75E+08
280,C4,4.89E-01,80,,,4.42E+08
281,C4,4.89E-01,81,,,1.97E+08
282,C4,4.89E-01,82,,,1.76E+08
283,C4,4.89E-01,83,,,3.98E+08
284,C4,4.89E-01,84,,,4.35E+08
285,C4,4.89E-01,85,,,4.69E+08
286,C4,4.89E-01,86,,,4.31E+08
287,C4,4.89E-01,87,,,1.92E+08
288,C4,4.89E-01,88,,,4.42E+08
289,C4,4.89E-01,89,,,4.47E+08
290,C4,4.89E-01,90,,,4.27E+08
291,C4,4.89E-01,91,,,2.01E+08
292,C4,4.89E-01,92,,,4.57E+08
293,C4,4.89E-01,93,,,4.52E+08
294,C4,4.89E-01,94,,,1.98E+08
295,C4,4.89E-01,95,,,4.86E+08
296,C4,4.89E-01,96,,,3.05E+08
297,C4,4.89E-01,97,,,5.38E+08
298,C4,4.89E-01,98,,,2.74E+08
299,C4,4.89E-01,99,,,2.45E+08
300,C4,4.89E-01,100,,,3.92E+08
301,C4,4.89E-01,101,,,3.51E+08
302,C4,4.89E-01,102,,,3.44E+08
303,C4,4.89E-01,103,,,3.48E+08
304,C4,4.89E-01,104,,,3.49E+08
305,C4,4.89E-01,105,,,3.19E+08
306,C4,4.89E-01,106,,,3.15E+08
307,C4,4.89E-01,107,,,2.41E+08
308,C4,4.89E-01,108,,,2.72E+08
309,C4,4.89E-01,109,,,4.95E+08
310,C4,4.89E-01,110,,,2.53E+08
311,C4,4.89E-01,111,,,5.03E+08
312,C4,4.89E-01,112,,,3.11E+08
313,C4,4.89E-01,113,,,3.54E+08
314,C4,4.89E-01,114,,,4.88E+08
315,C4,4.89E-01,115,,,4.14E+08
316,C4,4.89E-01,116,,,2.93E+08
317,C4,4.89E-01,117,,,4.83E+08
318,C4,4.89E-01,118,,,3.84E+08
319,C4,4.89E-01,119,,,4.08E+08
320,C4,4.89E-01,120,,,2.77E+08
321,C4,4.89E-01,121,,,2.15E+08
322,C4,4.89E-01,122,,,3.87E+08
323,C4,4.89E-01,123,,,3.38E+08
324,C4,4.89E-01,124,,,3.37E+08
325,C4,4.89E-01,125,,,3.49E+08
326,C4,4.89E-01,126,,,4.57E+08
327,C4,4.89E-01,127,,,4.11E+08
328,C4,4.89E-01,128,,,3.03E+08
329,C4,4.89E-01,129,,,3.80E+08
330,C4,4.89E-01,130,,,3.23E+08
331,C4,4.89E-01,131,,,3.33E+08
332,C4,4.89E-01,132,,,5.04E+08
333,C4,4.89E-01,133,,,2.75E+08
334,C4,4.89E-01,134,,,4.89E+08
335,C4,4.89E-01,135,,,3.12E+08
336,C4,4.89E-01,136,,,5.72E+08
337,C4,4.89E-01,137,,,2.78E+08
338,C4,4.89E-01,138,,,4.73E+08
339,C4,4.89E-01,139,,,3.32E+08
340,C4,4.89E-01,140,,,2.83E+08
341,C4,4.89E-01,141,,,3.13E+08
342,C4,4.89E-01,142,,,3.42E+08
343,C4,4.89E-01,143,,,3.32E+08
344,C4,4.89E-01,144,,,3.51E+08
345,C4,4.89E-01,145,,,3.89E+08
346,C4,4.89E-01,146,,,1.94E+08
347,C4,4.89E-01,147,,,2.79E+08
348,C4,4.89E-01,148,,,4.11E+08
349,C4,4.89E-01,149,,,4.54E+08
350,C4,4.89E-01,150,,,3.21E+08
351,C4,4.89E-01,151,,,3.31E+08
352,C4,4.89E-01,152,,,4.00E+08
353,C4,4.89E-01,153,,,1.99E+08
354,C4,4.89E-01,154,,,3.47E+08
355,C4,4.89E-01,155,,,3.52E+08
356,C4,4.89E-01,156,,,3.66E+08
357,C4,4.89E-01,157,,,4.27E+08
358,C4,4.89E-01,158,,,3.17E+08
359,C4,4.89E-01,159,,,2.99E+08
360,C4,4.89E-01,160,,,3.57E+08
361,C4,4.89E-01,161,,,3.46E+08
362,C4,4.89E-01,162,,,2.73E+08
363,C4,4.89E-01,163,,,5.13E+08
364,C4,4.89E-01,164,,,2.83E+08
365,C4,4.89E-01,165,,,4.26E+08
366,C4,4.89E-01,166,,,3.93E+08
367,C4,4.89E-01,167,,,3.63E+08
368,C4,4.89E-01,168,,,2.84E+08
369,C4,4.89E-01,169,,,5.32E+08
370,C4,4.89E-01,170,,,3.70E+08
371,C4,4.89E-01,171,,,3.88E+08
372,C4,4.89E-01,172,,,3.68E+08
373,C4,4.89E-01,173,,,3.44E+08
374,C4,4.89E-01,174,,,2.34E+08
375,C4,4.89E-01,175,,,5.12E+08
376,C4,4.89E-01,176,,,1.88E+08
377,C4,4.89E-01,177,,,3.89E+08
378,C4,4.89E-01,178,,,3.86E+08
379,C4,4.89E-01,179,,,4.40E+08
380,C4,4.89E-01,180,,,3.70E+08
381,C4,4.89E-01,181,,,1.52E+08
382,C4,4.89E-01,182,,,4.57E+08
383,C4,4.89E-01,183,,,3.87E+08
384,C4,4.89E-01,184,,,3.94E+08
385,C4,4.89E-01,185,,,2.04E+08
386,C4,4.89E-01,186,,,5.87E+08
387,C4,4.89E-01,187,,,4.16E+08
388,C4,4.89E-01,188,,,2.03E+08
389,C4,4.89E-01,189,,,4.24E+08
390,C4,4.89E-01,190,,,4.37E+08
391,C4,4.89E-01,191,,,4.71E+08
392,C4,4.89E-01,192,,,3.98E+08
393,C4,4.89E-01,193,,,3.73E+08
394,C4,4.89E-01,194,,,3.60E+08
395,C4,4.89E-01,195,,,4.08E+08
396,C4,4.89E-01,196,,,4.01E+08
397,C4,4.89E-01,197,,,2.13E+08
398,C4,4.89E-01,198,,,1.67E+08
399,C4,4.89E-01,199,,,4.30E+08
400,C4,4.89E-01,200,,,4.43E+08
401,C4,5.78E-01,1,,,8.79E+08
402,C4,5.78E-01,2,,,1.04E+09
403,C4,5.78E-01,3,,,9.92E+08
404,C4,5.78E-01,4,,,1.04E+09
405,C4,5.78E-01,5,,,9.94E+08
406,C4,5.78E-01,6,,,1.25E+09
407,C4,5.78E-01,7,,,8.31E+08
408,C4,5.78E-01,8,,,1.03E+09
409,C4,5.78E-01,9,,,9.71E+08
410,C4,5.78E-01,10,,,8.33E+08
411,C4,5.78E-01,11,,,1.20E+09
412,C4,5.78E-01,12,,,1.17E+09
413,C4,5.78E-01,13,,,8.62E+08
414,C4,5.78E-01,14,,,1.02E+09
415,C4,5.78E-01,15,,,1.01E+09
416,C4,5.78E-01,16,,,9.50E+08
417,C4,5.78E-01,17,,,9.66E+08
418,C4,5.78E-01,18,,,1.29E+09
419,C4,5.78E-01,19,,,9.71E+08
420,C4,5.78E-01,20,,,9.49E+08
421,C4,5.78E-01,21,,,9.61E+08
423,C4,5.78E-01,23,,,9.91E+08
424,C4,5.78E-01,24,,,8.15E+08
425,C4,5.78E-01,25,,,9.23E+08
426,C4,5.78E-01,26,,,9.78E+08
427,C4,5.78E-01,27,,,9.35E+08
428,C4,5.78E-01,28,,,8.80E+08
429,C4,5.78E-01,29,,,9.16E+08
430,C4,5.78E-01,30,,,1.23E+09
431,C4,5.78E-01,31,,,9.45E+08
432,C4,5.78E-01,32,,,1.11E+09
433,C4,5.78E-01,33,,,7.79E+08
434,C4,5.78E-01,34,,,8.61E+08
435,C4,5.78E-01,35,,,1.13E+09
436,C4,5.78E-01,36,,,1.11E+09
437,C4,5.78E-01,37,,,1.06E+09
438,C4,5.78E-01,38,,,1.05E+09
439,C4,5.78E-01,39,,,1.07E+09
440,C4,5.78E-01,40,,,1.06E+09
441,C4,5.78E-01,41,,,1.03E+09
442,C4,5.78E-01,42,,,1.06E+09
443,C4,5.78E-01,43,,,1.11E+09
444,C4,5.78E-01,44,,,1.10E+09
445,C4,5.78E-01,45,,,8.23E+08
446,C4,5.78E-01,46,,,8.11E+08
447,C4,5.78E-01,47,,,1.15E+09
448,C4,5.78E-01,48,,,9.22E+08
449,C4,5.78E-01,49,,,1.24E+09
450,C4,5.78E-01,50,,,1.04E+09
451,C4,5.78E-01,51,,,7.66E+08
452,C4,5.78E-01,52,,,1.00E+09
453,C4,5.78E-01,53,,,9.50E+08
454,C4,5.78E-01,54,,,8.74E+08
455,C4,5.78E-01,55,,,1.15E+09
456,C4,5.78E-01,56,,,9.65E+08
457,C4,5.78E-01,57,,,1.01E+09
458,C4,5.78E-01,58,,,8.40E+08
459,C4,5.78E-01,59,,,1.09E+09
460,C4,5.78E-01,60,,,8.63E+08
461,C4,5.78E-01,61,,,1.17E+09
462,C4,5.78E-01,62,,,1.02E+09
463,C4,5.78E-01,63,,,1.20E+09
464,C4,5.78E-01,64,,,1.06E+09
465,C4,5.78E-01,65,,,1.04E+09
466,C4,5.78E-01,66,,,1.14E+09
467,C4,5.78E-01,67,,,9.02E+08
468,C4,5.78E-01,68,,,1.19E+09
469,C4,5.78E-01,69,,,8.93E+08
470,C4,5.78E-01,70,,,1.08E+09
471,C4,5.78E-01,71,,,1.01E+09
472,C4,5.78E-01,72,,,1.12E+09
473,C4,5.78E-01,73,,,8.87E+08
474,C4,5.78E-01,74,,,9.86E+08
475,C4,5.78E-01,75,,,9.85E+08
476,C4,5.78E-01,76,,,8.75E+08
477,C4,5.78E-01,77,,,9.98E+08
478,C4,5.78E-01,78,,,1.12E+09
479,C4,5.78E-01,79,,,8.75E+08
480,C4,5.78E-01,80,,,1.10E+09
481,C4,5.78E-01,81,,,7.78E+08
482,C4,5.78E-01,82,,,7.64E+08
483,C4,5.78E-01,83,,,1.09E+09
484,C4,5.78E-01,84,,,1.14E+09
485,C4,5.78E-01,85,,,1.11E+09
486,C4,5.78E-01,86,,,1.10E+09
487,C4,5.78E-01,87,,,7.89E+08
488,C4,5.78E-01,88,,,1.19E+09
489,C4,5.78E-01,89,,,1.09E+09
490,C4,5.78E-01,90,,,1.11E+09
491,C4,5.78E-01,91,,,7.96E+08
492,C4,5.78E-01,92,,,1.14E+09
493,C4,5.78E-01,93,,,1.12E+09
494,C4,5.78E-01,94,,,7.99E+08
495,C4,5.78E-01,95,,,1.12E+09
496,C4,5.78E-01,96,,,9.32E+08
497,C4,5.78E-01,97,,,1.28E+09
498,C4,5.78E-01,98,,,8.95E+08
499,C4,5.78E-01,99,,,8.23E+08
500,C4,5.78E-01,100,,,1.02E+09
501,C4,5.78E-01,101,,,1.01E+09
502,C4,5.78E-01,102,,,1.01E+09
503,C4,5.78E-01,103,,,9.64E+08
504,C4,5.78E-01,104,,,9.71E+08
505,C4,5.78E-01,105,,,9.68E+08
506,C4,5.78E-01,106,,,9.75E+08
507,C4,5.78E-01,107,,,8.74E+08
508,C4,5.78E-01,108,,,8.86E+08
509,C4,5.78E-01,109,,,1.20E+09
510,C4,5.78E-01,110,,,8.70E+08
511,C4,5.78E-01,111,,,1.21E+09
512,C4,5.78E-01,112,,,9.35E+08
513,C4,5.78E-01,113,,,9.94E+08
514,C4,5.78E-01,114,,,1.14E+09
515,C4,5.78E-01,115,,,1.13E+09
516,C4,5.78E-01,116,,,9.04E+08
517,C4,5.78E-01,117,,,9.85E+08
518,C4,5.78E-01,118,,,1.03E+09
519,C4,5.78E-01,119,,,1.04E+09
520,C4,5.78E-01,120,,,8.68E+08
521,C4,5.78E-01,121,,,8.33E+08
522,C4,5.78E-01,122,,,1.04E+09
523,C4,5.78E-01,123,,,1.04E+09
524,C4,5.78E-01,124,,,9.75E+08
525,C4,5.78E-01,125,,,9.77E+08
526,C4,5.78E-01,126,,,1.11E+09
527,C4,5.78E-01,127,,,1.15E+09
528,C4,5.78E-01,128,,,9.26E+08
529,C4,5.78E-01,129,,,1.00E+09
530,C4,5.78E-01,130,,,9.54E+08
531,C4,5.78E-01,131,,,9.85E+08
532,C4,5.78E-01,132,,,1.21E+09
533,C4,5.78E-01,133,,,8.95E+08
534,C4,5.78E-01,134,,,9.92E+08
535,C4,5.78E-01,135,,,9.22E+08
536,C4,5.78E-01,136,,,1.26E+09
537,C4,5.78E-01,137,,,8.90E+08
538,C4,5.78E-01,138,,,1.22E+09
539,C4,5.78E-01,139,,,9.49E+08
540,C4,5.78E-01,140,,,9.18E+08
541,C4,5.78E-01,141,,,9.90E+08
542,C4,5.78E-01,142,,,9.67E+08
543,C4,5.78E-01,143,,,9.77E+08
544,C4,5.78E-01,144,,,1.03E+09
545,C4,5.78E-01,145,,,1.04E+09
546,C4,5.78E-01,146,,,8.00E+08
547,C4,5.78E-01,147,,,8.94E+08
548,C4,5.78E-01,148,,,1.12E+09
549,C4,5.78E-01,149,,,1.11E+09
550,C4,5.78E-01,150,,,9.77E+08
551,C4,5.78E-01,151,,,9.44E+08
552,C4,5.78E-01,152,,,9.11E+08
553,C4,5.78E-01,153,,,7.75E+08
554,C4,5.78E-01,154,,,1.01E+09
555,C4,5.78E-01,155,,,9.78E+08
556,C4,5.78E-01,156,,,1.07E+09
557,C4,5.78E-01,157,,,1.08E+09
558,C4,5.78E-01,158,,,9.22E+08
559,C4,5.78E-01,159,,,9.27E+08
560,C4,5.78E-01,160,,,9.99E+08
561,C4,5.78E-01,161,,,1.04E+09
562,C4,5.78E-01,162,,,8.73E+08
563,C4,5.78E-01,163,,,1.18E+09
564,C4,5.78E-01,164,,,8.93E+08
565,C4,5.78E-01,165,,,1.14E+09
566,C4,5.78E-01,166,,,1.04E+09
567,C4,5.78E-01,167,,,9.96E+08
568,C4,5.78E-01,168,,,8.93E+08
569,C4,5.78E-01,169,,,1.16E+09
570,C4,5.78E-01,170,,,1.02E+09
571,C4,5.78E-01,171,,,1.13E+09
572,C4,5.78E-01,172,,,1.01E+09
573,C4,5.78E-01,173,,,1.04E+09
574,C4,5.78E-01,174,,,8.51E+08
575,C4,5.78E-01,175,,,1.18E+09
576,C4,5.78E-01,176,,,7.70E+08
577,C4,5.78E-01,177,,,1.07E+09
578,C4,5.78E-01,178,,,1.06E+09
579,C4,5.78E-01,179,,,1.12E+09
580,C4,5.78E-01,180,,,1.06E+09
581,C4,5.78E-01,181,,,7.14E+08
582,C4,5.78E-01,182,,,1.10E+09
583,C4,5.78E-01,183,,,1.07E+09
584,C4,5.78E-01,184,,,1.10E+09
585,C4,5.78E-01,185,,,8.09E+08
586,C4,5.78E-01,186,,,1.21E+09
587,C4,5.78E-01,187,,,1.10E+09
588,C4,5.78E-01,188,,,8.02E+08
589,C4,5.78E-01,189,,,1.11E+09
590,C4,5.78E-01,190,,,1.12E+09
591,C4,5.78E-01,191,,,1.17E+09
592,C4,5.78E-01,192,,,1.04E+09
593,C4,5.78E-01,193,,,1.03E+09
594,C4,5.78E-01,194,,,1.03E+09
595,C4,5.78E-01,195,,,1.05E+09
596,C4,5.78E-01,196,,,1.11E+09
597,C4,5.78E-01,197,,,8.06E+08
598,C4,5.78E-01,198,,,7.50E+08
599,C4,5.78E-01,199,,,1.10E+09
600,C4,5.78E-01,200,,,1.15E+09
601,C4,6.67E-01,1,,,1.33E+09
602,C4,6.67E-01,2,,,1.52E+09
603,C4,6.67E-01,3,,,1.47E+09
604,C4,6.67E-01,4,,,1.51E+09
605,C4,6.67E-01,5,,,1.47E+09
606,C4,6.67E-01,6,,,1.77E+09
607,C4,6.67E-01,7,,,1.25E+09
608,C4,6.67E-01,8,,,1.50E+09
609,C4,6.67E-01,9,,,1.44E+09
610,C4,6.67E-01,10,,,1.28E+09
611,C4,6.67E-01,11,,,1.71E+09
612,C4,6.67E-01,12,,,1.67E+09
613,C4,6.67E-01,13,,,1.32E+09
614,C4,6.67E-01,14,,,1.49E+09
615,C4,6.67E-01,15,,,1.49E+09
616,C4,6.67E-01,16,,,1.41E+09
617,C4,6.67E-01,17,,,1.44E+09
618,C4,6.67E-01,18,,,1.81E+09
619,C4,6.67E-01,19,,,1.44E+09
620,C4,6.67E-01,20,,,1.41E+09
621,C4,6.67E-01,21,,,1.42E+09
622,C4,6.67E-01,22,,,1.62E+09
623,C4,6.67E-01,23,,,1.46E+09
624,C4,6.67E-01,24,,,1.27E+09
625,C4,6.67E-01,25,,,1.37E+09
626,C4,6.67E-01,26,,,1.78E+09
627,C4,6.67E-01,27,,,1.39E+09
628,C4,6.67E-01,28,,,1.32E+09
629,C4,6.67E-01,29,,,1.38E+09
630,C4,6.67E-01,30,,,1.74E+09
631,C4,6.67E-01,31,,,1.41E+09
632,C4,6.67E-01,32,,,1.61E+09
633,C4,6.67E-01,33,,,1.23E+09
634,C4,6.67E-01,34,,,1.30E+09
635,C4,6.67E-01,35,,,1.62E+09
636,C4,6.67E-01,36,,,1.61E+09
637,C4,6.67E-01,37,,,1.53E+09
638,C4,6.67E-01,38,,,1.53E+09
639,C4,6.67E-01,39,,,1.54E+09
640,C4,6.67E-01,40,,,1.55E+09
641,C4,6.67E-01,41,,,1.51E+09
642,C4,6.67E-01,42,,,1.54E+09
643,C4,6.67E-01,43,,,1.59E+09
644,C4,6.67E-01,44,,,1.60E+09
645,C4,6.67E-01,45,,,1.27E+09
646,C4,6.67E-01,46,,,1.24E+09
647,C4,6.67E-01,47,,,1.65E+09
648,C4,6.67E-01,48,,,1.38E+09
649,C4,6.67E-01,49,,,1.76E+09
650,C4,6.67E-01,50,,,1.53E+09
651,C4,6.67E-01,51,,,1.19E+09
652,C4,6.67E-01,52,,,1.48E+09
653,C4,6.67E-01,53,,,1.38E+09
654,C4,6.67E-01,54,,,1.32E+09
655,C4,6.67E-01,55,,,1.65E+09
656,C4,6.67E-01,56,,,1.44E+09
657,C4,6.67E-01,57,,,1.81E+09
658,C4,6.67E-01,58,,,1.28E+09
659,C4,6.67E-01,59,,,1.58E+09
660,C4,6.67E-01,60,,,1.32E+09
661,C4,6.67E-01,61,,,1.68E+09
662,C4,6.67E-01,62,,,1.50E+09
663,C4,6.67E-01,63,,,1.69E+09
664,C4,6.67E-01,64,,,1.56E+09
665,C4,6.67E-01,65,,,1.52E+09
666,C4,6.67E-01,66,,,1.65E+09
667,C4,6.67E-01,67,,,1.35E+09
668,C4,6.67E-01,68,,,1.70E+09
669,C4,6.67E-01,69,,,1.35E+09
670,C4,6.67E-01,70,,,1.54E+09
671,C4,6.67E-01,71,,,1.49E+09
672,C4,6.67E-01,72,,,1.62E+09
673,C4,6.67E-01,73,,,1.34E+09
674,C4,6.67E-01,74,,,1.45E+09
675,C4,6.67E-01,75,,,1.45E+09
676,C4,6.67E-01,76,,,1.34E+09
677,C4,6.67E-01,77,,,1.47E+09
678,C4,6.67E-01,78,,,1.62E+09
679,C4,6.67E-01,79,,,1.32E+09
680,C4,6.67E-01,80,,,1.59E+09
681,C4,6.67E-01,81,,,1.20E+09
682,C4,6.67E-01,82,,,1.20E+09
683,C4,6.67E-01,83,,,1.59E+09
684,C4,6.67E-01,84,,,1.63E+09
685,C4,6.67E-01,85,,,1.60E+09
686,C4,6.67E-01,86,,,1.59E+09
687,C4,6.67E-01,87,,,1.23E+09
688,C4,6.67E-01,88,,,1.69E+09
689,C4,6.67E-01,89,,,1.57E+09
690,C4,6.67E-01,90,,,1.60E+09
691,C4,6.67E-01,91,,,1.23E+09
692,C4,6.67E-01,92,,,1.63E+09
693,C4,6.67E-01,93,,,1.63E+09
694,C4,6.67E-01,94,,,1.24E+09
695,C4,6.67E-01,95,,,1.60E+09
696,C4,6.67E-01,96,,,1.39E+09
697,C4,6.67E-01,97,,,1.80E+09
698,C4,6.67E-01,98,,,1.36E+09
699,C4,6.67E-01,99,,,1.24E+09
700,C4,6.67E-01,100,,,1.49E+09
701,C4,6.67E-01,101,,,1.47E+09
702,C4,6.67E-01,102,,,1.48E+09
703,C4,6.67E-01,103,,,1.44E+09
704,C4,6.67E-01,104,,,1.44E+09
705,C4,6.67E-01,105,,,1.42E+09
706,C4,6.67E-01,106,,,1.45E+09
707,C4,6.67E-01,107,,,1.34E+09
708,C4,6.67E-01,108,,,1.34E+09
709,C4,6.67E-01,109,,,1.71E+09
710,C4,6.67E-01,110,,,1.33E+09
711,C4,6.67E-01,111,,,1.73E+09
712,C4,6.67E-01,112,,,1.40E+09
713,C4,6.67E-01,113,,,1.45E+09
714,C4,6.67E-01,114,,,1.65E+09
715,C4,6.67E-01,115,,,1.63E+09
716,C4,6.67E-01,116,,,1.35E+09
717,C4,6.67E-01,117,,,1.82E+09
718,C4,6.67E-01,118,,,1.52E+09
719,C4,6.67E-01,119,,,1.50E+09
720,C4,6.67E-01,120,,,1.30E+09
721,C4,6.67E-01,121,,,1.29E+09
722,C4,6.67E-01,122,,,1.53E+09
723,C4,6.67E-01,123,,,1.52E+09
724,C4,6.67E-01,124,,,1.45E+09
725,C4,6.67E-01,125,,,1.43E+09
726,C4,6.67E-01,126,,,1.61E+09
727,C4,6.67E-01,127,,,1.66E+09
728,C4,6.67E-01,128,,,1.39E+09
729,C4,6.67E-01,129,,,1.46E+09
730,C4,6.67E-01,130,,,1.40E+09
731,C4,6.67E-01,131,,,1.46E+09
732,C4,6.67E-01,132,,,1.73E+09
733,C4,6.67E-01,133,,,1.35E+09
734,C4,6.67E-01,134,,,1.82E+09
735,C4,6.67E-01,135,,,1.37E+09
736,C4,6.67E-01,136,,,1.78E+09
737,C4,6.67E-01,137,,,1.35E+09
738,C4,6.67E-01,138,,,1.73E+09
739,C4,6.67E-01,139,,,1.40E+09
740,C4,6.67E-01,140,,,1.39E+09
741,C4,6.67E-01,141,,,1.47E+09
742,C4,6.67E-01,142,,,1.41E+09
743,C4,6.67E-01,143,,,1.45E+09
744,C4,6.67E-01,144,,,1.51E+09
745,C4,6.67E-01,145,,,1.52E+09
746,C4,6.67E-01,146,,,1.24E+09
747,C4,6.67E-01,147,,,1.34E+09
748,C4,6.67E-01,148,,,1.63E+09
749,C4,6.67E-01,149,,,1.61E+09
750,C4,6.67E-01,150,,,1.44E+09
751,C4,6.67E-01,151,,,1.41E+09
752,C4,6.67E-01,152,,,1.73E+09
753,C4,6.67E-01,153,,,1.19E+09
754,C4,6.67E-01,154,,,1.48E+09
755,C4,6.67E-01,155,,,1.45E+09
756,C4,6.67E-01,156,,,1.56E+09
757,C4,6.67E-01,157,,,1.58E+09
758,C4,6.67E-01,158,,,1.38E+09
759,C4,6.67E-01,159,,,1.38E+09
760,C4,6.67E-01,160,,,1.47E+09
761,C4,6.67E-01,161,,,1.51E+09
762,C4,6.67E-01,162,,,1.32E+09
763,C4,6.67E-01,163,,,1.68E+09
764,C4,6.67E-01,164,,,1.34E+09
765,C4,6.67E-01,165,,,1.65E+09
766,C4,6.67E-01,166,,,1.52E+09
767,C4,6.67E-01,167,,,1.48E+09
768,C4,6.67E-01,168,,,1.35E+09
769,C4,6.67E-01,169,,,1.65E+09
770,C4,6.67E-01,170,,,1.49E+09
771,C4,6.67E-01,171,,,1.60E+09
772,C4,6.67E-01,172,,,1.49E+09
773,C4,6.67E-01,173,,,1.52E+09
774,C4,6.67E-01,174,,,1.30E+09
775,C4,6.67E-01,175,,,1.68E+09
776,C4,6.67E-01,176,,,1.19E+09
777,C4,6.67E-01,177,,,1.56E+09
778,C4,6.67E-01,178,,,1.55E+09
779,C4,6.67E-01,179,,,1.60E+09
780,C4,6.67E-01,180,,,1.55E+09
781,C4,6.67E-01,181,,,1.14E+09
782,C4,6.67E-01,182,,,1.59E+09
783,C4,6.67E-01,183,,,1.55E+09
784,C4,6.67E-01,184,,,1.60E+09
785,C4,6.67E-01,185,,,1.25E+09
786,C4,6.67E-01,186,,,1.72E+09
787,C4,6.67E-01,187,,,1.59E+09
788,C4,6.67E-01,188,,,1.24E+09
789,C4,6.67E-01,189,,,1.60E+09
790,C4,6.67E-01,190,,,1.63E+09
791,C4,6.67E-01,191,,,1.67E+09
792,C4,6.67E-01,192,,,1.49E+09
793,C4,6.67E-01,193,,,1.51E+09
794,C4,6.67E-01,194,,,1.50E+09
795,C4,6.67E-01,195,,,1.54E+09
796,C4,6.67E-01,196,,,1.60E+09
797,C4,6.67E-01,197,,,1.23E+09
798,C4,6.67E-01,198,,,1.19E+09
799,C4,6.67E-01,199,,,1.59E+09
800,C4,6.67E-01,200,,,1.66E+09
801,C4,7.56E-01,1,,,1.74E+09
802,C4,7.56E-01,2,,,1.94E+09
803,C4,7.56E-01,3,,,1.92E+09
804,C4,7.56E-01,4,,,1.93E+09
805,C4,7.56E-01,5,,,1.92E+09
806,C4,7.56E-01,6,,,2.23E+09
807,C4,7.56E-01,7,,,1.63E+09
808,C4,7.56E-01,8,,,1.92E+09
809,C4,7.56E-01,9,,,1.88E+09
810,C4,7.56E-01,10,,,1.69E+09
811,C4,7.56E-01,11,,,2.17E+09
812,C4,7.56E-01,12,,,2.12E+09
813,C4,7.56E-01,13,,,1.72E+09
814,C4,7.56E-01,14,,,1.91E+09
815,C4,7.56E-01,15,,,1.94E+09
816,C4,7.56E-01,16,,,1.82E+09
817,C4,7.56E-01,17,,,1.86E+09
818,C4,7.56E-01,18,,,2.29E+09
819,C4,7.56E-01,19,,,1.86E+09
820,C4,7.56E-01,20,,,1.83E+09
821,C4,7.56E-01,21,,,1.84E+09
822,C4,7.56E-01,22,,,2.42E+09
823,C4,7.56E-01,23,,,1.88E+09
824,C4,7.56E-01,24,,,1.69E+09
825,C4,7.56E-01,25,,,1.78E+09
826,C4,7.56E-01,26,,,2.25E+09
827,C4,7.56E-01,27,,,1.81E+09
828,C4,7.56E-01,28,,,1.72E+09
829,C4,7.56E-01,29,,,1.79E+09
830,C4,7.56E-01,30,,,2.19E+09
831,C4,7.56E-01,31,,,1.82E+09
832,C4,7.56E-01,32,,,2.06E+09
833,C4,7.56E-01,33,,,1.63E+09
834,C4,7.56E-01,34,,,1.70E+09
835,C4,7.56E-01,35,,,2.05E+09
836,C4,7.56E-01,36,,,2.07E+09
837,C4,7.56E-01,37,,,1.96E+09
838,C4,7.56E-01,38,,,1.97E+09
839,C4,7.56E-01,39,,,1.97E+09
840,C4,7.56E-01,40,,,2.00E+09
841,C4,7.56E-01,41,,,1.95E+09
842,C4,7.56E-01,42,,,1.98E+09
843,C4,7.56E-01,43,,,2.03E+09
844,C4,7.56E-01,44,,,2.04E+09
845,C4,7.56E-01,45,,,1.68E+09
846,C4,7.56E-01,46,,,1.63E+09
847,C4,7.56E-01,47,,,2.09E+09
848,C4,7.56E-01,48,,,1.81E+09
849,C4,7.56E-01,49,,,2.23E+09
850,C4,7.56E-01,50,,,1.96E+09
851,C4,7.56E-01,51,,,1.58E+09
852,C4,7.56E-01,52,,,1.91E+09
853,C4,7.56E-01,53,,,1.77E+09
854,C4,7.56E-01,54,,,1.72E+09
855,C4,7.56E-01,55,,,2.12E+09
856,C4,7.56E-01,56,,,1.86E+09
857,C4,7.56E-01,57,,,2.29E+09
858,C4,7.56E-01,58,,,1.67E+09
859,C4,7.56E-01,59,,,2.03E+09
860,C4,7.56E-01,60,,,1.74E+09
861,C4,7.56E-01,61,,,2.14E+09
862,C4,7.56E-01,62,,,1.93E+09
863,C4,7.56E-01,63,,,2.11E+09
864,C4,7.56E-01,64,,,2.01E+09
865,C4,7.56E-01,65,,,1.95E+09
866,C4,7.56E-01,66,,,2.12E+09
867,C4,7.56E-01,67,,,1.76E+09
868,C4,7.56E-01,68,,,2.17E+09
869,C4,7.56E-01,69,,,1.75E+09
870,C4,7.56E-01,70,,,1.95E+09
871,C4,7.56E-01,71,,,1.92E+09
872,C4,7.56E-01,72,,,2.08E+09
873,C4,7.56E-01,73,,,1.74E+09
874,C4,7.56E-01,74,,,1.87E+09
875,C4,7.56E-01,75,,,1.88E+09
876,C4,7.56E-01,76,,,1.76E+09
877,C4,7.56E-01,77,,,1.90E+09
878,C4,7.56E-01,78,,,2.08E+09
879,C4,7.56E-01,79,,,1.72E+09
880,C4,7.56E-01,80,,,2.02E+09
881,C4,7.56E-01,81,,,1.58E+09
882,C4,7.56E-01,82,,,1.59E+09
883,C4,7.56E-01,83,,,2.05E+09
884,C4,7.56E-01,84,,,2.08E+09
885,C4,7.56E-01,85,,,2.05E+09
886,C4,7.56E-01,86,,,2.02E+09
887,C4,7.56E-01,87,,,1.62E+09
888,C4,7.56E-01,88,,,2.13E+09
889,C4,7.56E-01,89,,,2.02E+09
890,C4,7.56E-01,90,,,2.04E+09
891,C4,7.56E-01,91,,,1.63E+09
892,C4,7.56E-01,92,,,2.07E+09
893,C4,7.56E-01,93,,,2.10E+09
894,C4,7.56E-01,94,,,1.63E+09
895,C4,7.56E-01,95,,,2.04E+09
896,C4,7.56E-01,96,,,1.80E+09
897,C4,7.56E-01,97,,,2.27E+09
898,C4,7.56E-01,98,,,1.78E+09
899,C4,7.56E-01,99,,,1.61E+09
900,C4,7.56E-01,100,,,1.92E+09
901,C4,7.56E-01,101,,,1.88E+09
902,C4,7.56E-01,102,,,1.91E+09
903,C4,7.56E-01,103,,,1.87E+09
904,C4,7.56E-01,104,,,1.86E+09
905,C4,7.56E-01,105,,,1.83E+09
906,C4,7.56E-01,106,,,1.87E+09
907,C4,7.56E-01,107,,,1.76E+09
908,C4,7.56E-01,108,,,1.74E+09
909,C4,7.56E-01,109,,,2.16E+09
910,C4,7.56E-01,110,,,1.75E+09
911,C4,7.56E-01,111,,,2.20E+09
912,C4,7.56E-01,112,,,1.83E+09
913,C4,7.56E-01,113,,,1.87E+09
914,C4,7.56E-01,114,,,2.11E+09
915,C4,7.56E-01,115,,,2.08E+09
916,C4,7.56E-01,116,,,1.75E+09
917,C4,7.56E-01,117,,,2.28E+09
918,C4,7.56E-01,118,,,1.96E+09
919,C4,7.56E-01,119,,,1.92E+09
920,C4,7.56E-01,120,,,1.69E+09
921,C4,7.56E-01,121,,,1.69E+09
922,C4,7.56E-01,122,,,1.97E+09
923,C4,7.56E-01,123,,,1.96E+09
924,C4,7.56E-01,124,,,1.88E+09
925,C4,7.56E-01,125,,,1.84E+09
926,C4,7.56E-01,126,,,2.06E+09
927,C4,7.56E-01,127,,,2.11E+09
928,C4,7.56E-01,128,,,1.82E+09
929,C4,7.56E-01,129,,,1.87E+09
930,C4,7.56E-01,130,,,1.79E+09
931,C4,7.56E-01,131,,,1.89E+09
932,C4,7.56E-01,132,,,2.20E+09
933,C4,7.56E-01,133,,,1.77E+09
934,C4,7.56E-01,134,,,2.29E+09
935,C4,7.56E-01,135,,,1.77E+09
936,C4,7.56E-01,136,,,2.26E+09
937,C4,7.56E-01,137,,,1.76E+09
938,C4,7.56E-01,138,,,2.20E+09
939,C4,7.56E-01,139,,,1.81E+09
940,C4,7.56E-01,140,,,1.81E+09
941,C4,7.56E-01,141,,,1.90E+09
942,C4,7.56E-01,142,,,1.82E+09
943,C4,7.56E-01,143,,,1.88E+09
944,C4,7.56E-01,144,,,1.93E+09
945,C4,7.56E-01,145,,,1.96E+09
946,C4,7.56E-01,146,,,1.65E+09
947,C4,7.56E-01,147,,,1.74E+09
948,C4,7.56E-01,148,,,2.08E+09
949,C4,7.56E-01,149,,,2.06E+09
950,C4,7.56E-01,150,,,1.86E+09
951,C4,7.56E-01,151,,,1.83E+09
952,C4,7.56E-01,152,,,2.19E+09
953,C4,7.56E-01,153,,,1.56E+09
954,C4,7.56E-01,154,,,1.90E+09
955,C4,7.56E-01,155,,,1.88E+09
956,C4,7.56E-01,156,,,2.00E+09
957,C4,7.56E-01,157,,,2.03E+09
958,C4,7.56E-01,158,,,1.80E+09
959,C4,7.56E-01,159,,,1.79E+09
960,C4,7.56E-01,160,,,1.90E+09
961,C4,7.56E-01,161,,,1.93E+09
962,C4,7.56E-01,162,,,1.73E+09
963,C4,7.56E-01,163,,,2.13E+09
964,C4,7.56E-01,164,,,1.75E+09
965,C4,7.56E-01,165,,,2.11E+09
966,C4,7.56E-01,166,,,1.94E+09
967,C4,7.56E-01,167,,,1.93E+09
968,C4,7.56E-01,168,,,1.75E+09
969,C4,7.56E-01,169,,,2.10E+09
970,C4,7.56E-01,170,,,1.92E+09
971,C4,7.56E-01,171,,,2.02E+09
972,C4,7.56E-01,172,,,1.92E+09
973,C4,7.56E-01,173,,,1.95E+09
974,C4,7.56E-01,174,,,1.71E+09
975,C4,7.56E-01,175,,,2.14E+09
976,C4,7.56E-01,176,,,1.57E+09
977,C4,7.56E-01,177,,,1.99E+09
978,C4,7.56E-01,178,,,1.99E+09
979,C4,7.56E-01,179,,,2.03E+09
980,C4,7.56E-01,180,,,2.00E+09
981,C4,7.56E-01,181,,,1.53E+09
982,C4,7.56E-01,182,,,2.04E+09
983,C4,7.56E-01,183,,,1.99E+09
984,C4,7.56E-01,184,,,2.06E+09
985,C4,7.56E-01,185,,,1.64E+09
986,C4,7.56E-01,186,,,2.19E+09
987,C4,7.56E-01,187,,,2.03E+09
988,C4,7.56E-01,188,,,1.64E+09
989,C4,7.56E-01,189,,,2.04E+09
990,C4,7.56E-01,190,,,2.09E+09
991,C4,7.56E-01,191,,,2.11E+09
992,C4,7.56E-01,192,,,1.91E+09
993,C4,7.56E-01,193,,,1.95E+09
994,C4,7.56E-01,194,,,1.93E+09
995,C4,7.56E-01,195,,,1.99E+09
996,C4,7.56E-01,196,,,2.05E+09
997,C4,7.56E-01,197,,,1.62E+09
998,C4,7.56E-01,198,,,1.59E+09
999,C4,7.56E-01,199,,,2.04E+09
1.00E+03,C4,7.56E-01,200,,,2.11E+09
1.00E+03,C4,8.44E-01,1,,,2.10E+09
1.00E+03,C4,8.44E-01,2,,,2.32E+09
1.00E+03,C4,8.44E-01,3,,,2.31E+09
1.00E+03,C4,8.44E-01,4,,,2.31E+09
1.01E+03,C4,8.44E-01,5,,,2.31E+09
1.01E+03,C4,8.44E-01,6,,,2.63E+09
1.01E+03,C4,8.44E-01,7,,,1.98E+09
1.01E+03,C4,8.44E-01,8,,,2.29E+09
1.01E+03,C4,8.44E-01,9,,,2.27E+09
1.01E+03,C4,8.44E-01,10,,,2.06E+09
1.01E+03,C4,8.44E-01,11,,,2.58E+09
1.01E+03,C4,8.44E-01,12,,,2.52E+09
1.01E+03,C4,8.44E-01,13,,,2.08E+09
1.01E+03,C4,8.44E-01,14,,,2.29E+09
1.02E+03,C4,8.44E-01,15,,,2.33E+09
1.02E+03,C4,8.44E-01,16,,,2.19E+09
1.02E+03,C4,8.44E-01,17,,,2.24E+09
1.02E+03,C4,8.44E-01,18,,,2.70E+09
1.02E+03,C4,8.44E-01,19,,,2.24E+09
1.02E+03,C4,8.44E-01,20,,,2.21E+09
1.02E+03,C4,8.44E-01,21,,,2.21E+09
1.02E+03,C4,8.44E-01,22,,,2.87E+09
1.02E+03,C4,8.44E-01,23,,,2.27E+09
1.02E+03,C4,8.44E-01,24,,,2.06E+09
1.03E+03,C4,8.44E-01,25,,,2.15E+09
1.03E+03,C4,8.44E-01,26,,,2.68E+09
1.03E+03,C4,8.44E-01,27,,,2.18E+09
1.03E+03,C4,8.44E-01,28,,,2.08E+09
1.03E+03,C4,8.44E-01,29,,,2.17E+09
1.03E+03,C4,8.44E-01,30,,,2.60E+09
1.03E+03,C4,8.44E-01,31,,,2.20E+09
1.03E+03,C4,8.44E-01,32,,,2.46E+09
1.03E+03,C4,8.44E-01,33,,,1.99E+09
1.03E+03,C4,8.44E-01,34,,,2.07E+09
1.04E+03,C4,8.44E-01,35,,,2.45E+09
1.04E+03,C4,8.44E-01,36,,,2.48E+09
1.04E+03,C4,8.44E-01,37,,,2.34E+09
1.04E+03,C4,8.44E-01,38,,,2.36E+09
1.04E+03,C4,8.44E-01,39,,,2.36E+09
1.04E+03,C4,8.44E-01,40,,,2.40E+09
1.04E+03,C4,8.44E-01,41,,,2.34E+09
1.04E+03,C4,8.44E-01,42,,,2.37E+09
1.04E+03,C4,8.44E-01,43,,,2.41E+09
1.04E+03,C4,8.44E-01,44,,,2.44E+09
1.05E+03,C4,8.44E-01,45,,,2.04E+09
1.05E+03,C4,8.44E-01,46,,,1.98E+09
1.05E+03,C4,8.44E-01,47,,,2.48E+09
1.05E+03,C4,8.44E-01,48,,,2.18E+09
1.05E+03,C4,8.44E-01,49,,,2.64E+09
1.05E+03,C4,8.44E-01,50,,,2.36E+09
1.05E+03,C4,8.44E-01,51,,,1.94E+09
1.05E+03,C4,8.44E-01,52,,,2.30E+09
1.05E+03,C4,8.44E-01,53,,,2.13E+09
1.05E+03,C4,8.44E-01,54,,,2.08E+09
1.06E+03,C4,8.44E-01,55,,,2.52E+09
1.06E+03,C4,8.44E-01,56,,,2.25E+09
1.06E+03,C4,8.44E-01,57,,,2.71E+09
1.06E+03,C4,8.44E-01,58,,,2.04E+09
1.06E+03,C4,8.44E-01,59,,,2.43E+09
1.06E+03,C4,8.44E-01,60,,,2.11E+09
1.06E+03,C4,8.44E-01,61,,,2.55E+09
1.06E+03,C4,8.44E-01,62,,,2.32E+09
1.06E+03,C4,8.44E-01,63,,,2.49E+09
1.06E+03,C4,8.44E-01,64,,,2.41E+09
1.07E+03,C4,8.44E-01,65,,,2.34E+09
1.07E+03,C4,8.44E-01,66,,,2.52E+09
1.07E+03,C4,8.44E-01,67,,,2.13E+09
1.07E+03,C4,8.44E-01,68,,,2.59E+09
1.07E+03,C4,8.44E-01,69,,,2.12E+09
1.07E+03,C4,8.44E-01,70,,,2.33E+09
1.07E+03,C4,8.44E-01,71,,,2.31E+09
1.07E+03,C4,8.44E-01,72,,,2.49E+09
1.07E+03,C4,8.44E-01,73,,,2.11E+09
1.07E+03,C4,8.44E-01,74,,,2.24E+09
1.08E+03,C4,8.44E-01,75,,,2.26E+09
1.08E+03,C4,8.44E-01,76,,,2.14E+09
1.08E+03,C4,8.44E-01,77,,,2.28E+09
1.08E+03,C4,8.44E-01,78,,,2.48E+09
1.08E+03,C4,8.44E-01,79,,,2.09E+09
1.08E+03,C4,8.44E-01,80,,,2.42E+09
1.08E+03,C4,8.44E-01,81,,,1.93E+09
1.08E+03,C4,8.44E-01,82,,,1.95E+09
1.08E+03,C4,8.44E-01,83,,,2.45E+09
1.08E+03,C4,8.44E-01,84,,,2.47E+09
1.09E+03,C4,8.44E-01,85,,,2.45E+09
1.09E+03,C4,8.44E-01,86,,,2.42E+09
1.09E+03,C4,8.44E-01,87,,,1.98E+09
1.09E+03,C4,8.44E-01,88,,,2.53E+09
1.09E+03,C4,8.44E-01,89,,,2.41E+09
1.09E+03,C4,8.44E-01,90,,,2.44E+09
1.09E+03,C4,8.44E-01,91,,,1.98E+09
1.09E+03,C4,8.44E-01,92,,,2.46E+09
1.09E+03,C4,8.44E-01,93,,,2.51E+09
1.09E+03,C4,8.44E-01,94,,,1.99E+09
1.10E+03,C4,8.44E-01,95,,,2.42E+09
1.10E+03,C4,8.44E-01,96,,,2.17E+09
1.10E+03,C4,8.44E-01,97,,,2.68E+09
1.10E+03,C4,8.44E-01,98,,,2.16E+09
1.10E+03,C4,8.44E-01,99,,,1.96E+09
1.10E+03,C4,8.44E-01,100,,,2.31E+09
1.10E+03,C4,8.44E-01,101,,,2.25E+09
1.10E+03,C4,8.44E-01,102,,,2.30E+09
1.10E+03,C4,8.44E-01,103,,,2.26E+09
1.10E+03,C4,8.44E-01,104,,,2.24E+09
1.11E+03,C4,8.44E-01,105,,,2.19E+09
1.11E+03,C4,8.44E-01,106,,,2.25E+09
1.11E+03,C4,8.44E-01,107,,,2.13E+09
1.11E+03,C4,8.44E-01,108,,,2.11E+09
1.11E+03,C4,8.44E-01,109,,,2.56E+09
1.11E+03,C4,8.44E-01,110,,,2.13E+09
1.11E+03,C4,8.44E-01,111,,,2.62E+09
1.11E+03,C4,8.44E-01,112,,,2.21E+09
1.11E+03,C4,8.44E-01,113,,,2.24E+09
1.11E+03,C4,8.44E-01,114,,,2.52E+09
1.12E+03,C4,8.44E-01,115,,,2.48E+09
1.12E+03,C4,8.44E-01,116,,,2.11E+09
1.12E+03,C4,8.44E-01,117,,,2.70E+09
1.12E+03,C4,8.44E-01,118,,,2.36E+09
1.12E+03,C4,8.44E-01,119,,,2.30E+09
1.12E+03,C4,8.44E-01,120,,,2.04E+09
1.12E+03,C4,8.44E-01,121,,,2.07E+09
1.12E+03,C4,8.44E-01,122,,,2.36E+09
1.12E+03,C4,8.44E-01,123,,,2.35E+09
1.12E+03,C4,8.44E-01,124,,,2.27E+09
1.13E+03,C4,8.44E-01,125,,,2.21E+09
1.13E+03,C4,8.44E-01,126,,,2.47E+09
1.13E+03,C4,8.44E-01,127,,,2.50E+09
1.13E+03,C4,8.44E-01,128,,,2.20E+09
1.13E+03,C4,8.44E-01,129,,,2.25E+09
1.13E+03,C4,8.44E-01,130,,,2.15E+09
1.13E+03,C4,8.44E-01,131,,,2.28E+09
1.13E+03,C4,8.44E-01,132,,,2.61E+09
1.13E+03,C4,8.44E-01,133,,,2.15E+09
1.13E+03,C4,8.44E-01,134,,,2.71E+09
1.14E+03,C4,8.44E-01,135,,,2.14E+09
1.14E+03,C4,8.44E-01,136,,,2.69E+09
1.14E+03,C4,8.44E-01,137,,,2.14E+09
1.14E+03,C4,8.44E-01,138,,,2.61E+09
1.14E+03,C4,8.44E-01,139,,,2.18E+09
1.14E+03,C4,8.44E-01,140,,,2.20E+09
1.14E+03,C4,8.44E-01,141,,,2.29E+09
1.14E+03,C4,8.44E-01,142,,,2.19E+09
1.14E+03,C4,8.44E-01,143,,,2.27E+09
1.14E+03,C4,8.44E-01,144,,,2.32E+09
1.15E+03,C4,8.44E-01,145,,,2.35E+09
1.15E+03,C4,8.44E-01,146,,,2.01E+09
1.15E+03,C4,8.44E-01,147,,,2.10E+09
1.15E+03,C4,8.44E-01,148,,,2.47E+09
1.15E+03,C4,8.44E-01,149,,,2.47E+09
1.15E+03,C4,8.44E-01,150,,,2.23E+09
1.15E+03,C4,8.44E-01,151,,,2.21E+09
1.15E+03,C4,8.44E-01,152,,,2.61E+09
1.15E+03,C4,8.44E-01,153,,,1.91E+09
1.15E+03,C4,8.44E-01,154,,,2.28E+09
1.16E+03,C4,8.44E-01,155,,,2.26E+09
1.16E+03,C4,8.44E-01,156,,,2.39E+09
1.16E+03,C4,8.44E-01,157,,,2.43E+09
1.16E+03,C4,8.44E-01,158,,,2.18E+09
1.16E+03,C4,8.44E-01,159,,,2.15E+09
1.16E+03,C4,8.44E-01,160,,,2.28E+09
1.16E+03,C4,8.44E-01,161,,,2.30E+09
1.16E+03,C4,8.44E-01,162,,,2.10E+09
1.16E+03,C4,8.44E-01,163,,,2.53E+09
1.16E+03,C4,8.44E-01,164,,,2.11E+09
1.17E+03,C4,8.44E-01,165,,,2.52E+09
1.17E+03,C4,8.44E-01,166,,,2.33E+09
1.17E+03,C4,8.44E-01,167,,,2.32E+09
1.17E+03,C4,8.44E-01,168,,,2.12E+09
1.17E+03,C4,8.44E-01,169,,,2.49E+09
1.17E+03,C4,8.44E-01,170,,,2.31E+09
1.17E+03,C4,8.44E-01,171,,,2.39E+09
1.17E+03,C4,8.44E-01,172,,,2.30E+09
1.17E+03,C4,8.44E-01,173,,,2.33E+09
1.17E+03,C4,8.44E-01,174,,,2.08E+09
1.18E+03,C4,8.44E-01,175,,,2.55E+09
1.18E+03,C4,8.44E-01,176,,,1.92E+09
1.18E+03,C4,8.44E-01,177,,,2.39E+09
1.18E+03,C4,8.44E-01,178,,,2.40E+09
1.18E+03,C4,8.44E-01,179,,,2.42E+09
1.18E+03,C4,8.44E-01,180,,,2.39E+09
1.18E+03,C4,8.44E-01,181,,,1.88E+09
1.18E+03,C4,8.44E-01,182,,,2.45E+09
1.18E+03,C4,8.44E-01,183,,,2.38E+09
1.18E+03,C4,8.44E-01,184,,,2.46E+09
1.19E+03,C4,8.44E-01,185,,,2.00E+09
1.19E+03,C4,8.44E-01,186,,,2.61E+09
1.19E+03,C4,8.44E-01,187,,,2.42E+09
1.19E+03,C4,8.44E-01,188,,,2.00E+09
1.19E+03,C4,8.44E-01,189,,,2.44E+09
1.19E+03,C4,8.44E-01,190,,,2.50E+09
1.19E+03,C4,8.44E-01,191,,,2.50E+09
1.19E+03,C4,8.44E-01,192,,,2.28E+09
1.19E+03,C4,8.44E-01,193,,,2.34E+09
1.19E+03,C4,8.44E-01,194,,,2.33E+09
1.20E+03,C4,8.44E-01,195,,,2.39E+09
1.20E+03,C4,8.44E-01,196,,,2.44E+09
1.20E+03,C4,8.44E-01,197,,,1.97E+09
1.20E+03,C4,8.44E-01,198,,,1.95E+09
1.20E+03,C4,8.44E-01,199,,,2.44E+09
1.20E+03,C4,8.44E-01,200,,,2.52E+09
1.20E+03,C4,9.33E-01,1,,,2.44E+09
1.20E+03,C4,9.33E-01,2,,,2.67E+09
1.20E+03,C4,9.33E-01,3,,,2.67E+09
1.20E+03,C4,9.33E-01,4,,,2.65E+09
1.21E+03,C4,9.33E-01,5,,,2.66E+09
1.21E+03,C4,9.33E-01,6,,,3.00E+09
1.21E+03,C4,9.33E-01,7,,,2.30E+09
1.21E+03,C4,9.33E-01,8,,,2.63E+09
1.21E+03,C4,9.33E-01,9,,,2.62E+09
1.21E+03,C4,9.33E-01,10,,,2.39E+09
1.21E+03,C4,9.33E-01,11,,,2.95E+09
1.21E+03,C4,9.33E-01,12,,,2.88E+09
1.21E+03,C4,9.33E-01,13,,,2.41E+09
1.21E+03,C4,9.33E-01,14,,,2.63E+09
1.22E+03,C4,9.33E-01,15,,,2.69E+09
1.22E+03,C4,9.33E-01,16,,,2.53E+09
1.22E+03,C4,9.33E-01,17,,,2.59E+09
1.22E+03,C4,9.33E-01,18,,,3.07E+09
1.22E+03,C4,9.33E-01,19,,,2.58E+09
1.22E+03,C4,9.33E-01,20,,,2.55E+09
1.22E+03,C4,9.33E-01,21,,,2.55E+09
1.22E+03,C4,9.33E-01,22,,,3.27E+09
1.22E+03,C4,9.33E-01,23,,,2.61E+09
1.22E+03,C4,9.33E-01,24,,,2.40E+09
1.23E+03,C4,9.33E-01,25,,,2.48E+09
1.23E+03,C4,9.33E-01,26,,,3.06E+09
1.23E+03,C4,9.33E-01,27,,,2.52E+09
1.23E+03,C4,9.33E-01,28,,,2.41E+09
1.23E+03,C4,9.33E-01,29,,,2.51E+09
1.23E+03,C4,9.33E-01,30,,,2.96E+09
1.23E+03,C4,9.33E-01,31,,,2.54E+09
1.23E+03,C4,9.33E-01,32,,,2.82E+09
1.23E+03,C4,9.33E-01,33,,,2.32E+09
1.23E+03,C4,9.33E-01,34,,,2.40E+09
1.24E+03,C4,9.33E-01,35,,,2.80E+09
1.24E+03,C4,9.33E-01,36,,,2.85E+09
1.24E+03,C4,9.33E-01,37,,,2.68E+09
1.24E+03,C4,9.33E-01,38,,,2.71E+09
1.24E+03,C4,9.33E-01,39,,,2.70E+09
1.24E+03,C4,9.33E-01,40,,,2.76E+09
1.24E+03,C4,9.33E-01,41,,,2.69E+09
1.24E+03,C4,9.33E-01,42,,,2.72E+09
1.24E+03,C4,9.33E-01,43,,,2.75E+09
1.24E+03,C4,9.33E-01,44,,,2.80E+09
1.25E+03,C4,9.33E-01,45,,,2.37E+09
1.25E+03,C4,9.33E-01,46,,,2.30E+09
1.25E+03,C4,9.33E-01,47,,,2.83E+09
1.25E+03,C4,9.33E-01,48,,,2.53E+09
1.25E+03,C4,9.33E-01,49,,,3.02E+09
1.25E+03,C4,9.33E-01,50,,,2.71E+09
1.25E+03,C4,9.33E-01,51,,,2.25E+09
1.25E+03,C4,9.33E-01,52,,,2.64E+09
1.25E+03,C4,9.33E-01,53,,,2.46E+09
1.25E+03,C4,9.33E-01,54,,,2.41E+09
1.26E+03,C4,9.33E-01,55,,,2.88E+09
1.26E+03,C4,9.33E-01,56,,,2.59E+09
1.26E+03,C4,9.33E-01,57,,,3.09E+09
1.26E+03,C4,9.33E-01,58,,,2.36E+09
1.26E+03,C4,9.33E-01,59,,,2.78E+09
1.26E+03,C4,9.33E-01,60,,,2.45E+09
1.26E+03,C4,9.33E-01,61,,,2.91E+09
1.26E+03,C4,9.33E-01,62,,,2.67E+09
1.26E+03,C4,9.33E-01,63,,,2.84E+09
1.26E+03,C4,9.33E-01,64,,,2.77E+09
1.27E+03,C4,9.33E-01,65,,,2.69E+09
1.27E+03,C4,9.33E-01,66,,,2.89E+09
1.27E+03,C4,9.33E-01,67,,,2.46E+09
1.27E+03,C4,9.33E-01,68,,,2.96E+09
1.27E+03,C4,9.33E-01,69,,,2.46E+09
1.27E+03,C4,9.33E-01,70,,,2.66E+09
1.27E+03,C4,9.33E-01,71,,,2.66E+09
1.27E+03,C4,9.33E-01,72,,,2.85E+09
1.27E+03,C4,9.33E-01,73,,,2.45E+09
1.27E+03,C4,9.33E-01,74,,,2.57E+09
1.28E+03,C4,9.33E-01,75,,,2.61E+09
1.28E+03,C4,9.33E-01,76,,,2.47E+09
1.28E+03,C4,9.33E-01,77,,,2.62E+09
1.28E+03,C4,9.33E-01,78,,,2.84E+09
1.28E+03,C4,9.33E-01,79,,,2.42E+09
1.28E+03,C4,9.33E-01,80,,,2.76E+09
1.28E+03,C4,9.33E-01,81,,,2.25E+09
1.28E+03,C4,9.33E-01,82,,,2.27E+09
1.28E+03,C4,9.33E-01,83,,,2.81E+09
1.28E+03,C4,9.33E-01,84,,,2.82E+09
1.29E+03,C4,9.33E-01,85,,,2.80E+09
1.29E+03,C4,9.33E-01,86,,,2.77E+09
1.29E+03,C4,9.33E-01,87,,,2.30E+09
1.29E+03,C4,9.33E-01,88,,,2.88E+09
1.29E+03,C4,9.33E-01,89,,,2.77E+09
1.29E+03,C4,9.33E-01,90,,,2.79E+09
1.29E+03,C4,9.33E-01,91,,,2.31E+09
1.29E+03,C4,9.33E-01,92,,,2.81E+09
1.29E+03,C4,9.33E-01,93,,,2.88E+09
1.29E+03,C4,9.33E-01,94,,,2.32E+09
1.30E+03,C4,9.33E-01,95,,,2.77E+09
1.30E+03,C4,9.33E-01,96,,,2.51E+09
1.30E+03,C4,9.33E-01,97,,,3.05E+09
1.30E+03,C4,9.33E-01,98,,,2.50E+09
1.30E+03,C4,9.33E-01,99,,,2.27E+09
1.30E+03,C4,9.33E-01,100,,,2.65E+09
1.30E+03,C4,9.33E-01,101,,,2.59E+09
1.30E+03,C4,9.33E-01,102,,,2.64E+09
1.30E+03,C4,9.33E-01,103,,,2.60E+09
1.30E+03,C4,9.33E-01,104,,,2.57E+09
1.31E+03,C4,9.33E-01,105,,,2.53E+09
1.31E+03,C4,9.33E-01,106,,,2.59E+09
1.31E+03,C4,9.33E-01,107,,,2.47E+09
1.31E+03,C4,9.33E-01,108,,,2.44E+09
1.31E+03,C4,9.33E-01,109,,,2.92E+09
1.31E+03,C4,9.33E-01,110,,,2.47E+09
1.31E+03,C4,9.33E-01,111,,,3.00E+09
1.31E+03,C4,9.33E-01,112,,,2.56E+09
1.31E+03,C4,9.33E-01,113,,,2.58E+09
1.31E+03,C4,9.33E-01,114,,,2.89E+09
1.32E+03,C4,9.33E-01,115,,,2.83E+09
1.32E+03,C4,9.33E-01,116,,,2.44E+09
1.32E+03,C4,9.33E-01,117,,,3.07E+09
1.32E+03,C4,9.33E-01,118,,,2.71E+09
1.32E+03,C4,9.33E-01,119,,,2.63E+09
1.32E+03,C4,9.33E-01,120,,,2.36E+09
1.32E+03,C4,9.33E-01,121,,,2.40E+09
1.32E+03,C4,9.33E-01,122,,,2.72E+09
1.32E+03,C4,9.33E-01,123,,,2.69E+09
1.32E+03,C4,9.33E-01,124,,,2.61E+09
1.33E+03,C4,9.33E-01,125,,,2.54E+09
1.33E+03,C4,9.33E-01,126,,,2.83E+09
1.33E+03,C4,9.33E-01,127,,,2.86E+09
1.33E+03,C4,9.33E-01,128,,,2.54E+09
1.33E+03,C4,9.33E-01,129,,,2.58E+09
1.33E+03,C4,9.33E-01,130,,,2.48E+09
1.33E+03,C4,9.33E-01,131,,,2.62E+09
1.33E+03,C4,9.33E-01,132,,,2.98E+09
1.33E+03,C4,9.33E-01,133,,,2.49E+09
1.33E+03,C4,9.33E-01,134,,,3.08E+09
1.34E+03,C4,9.33E-01,135,,,2.47E+09
1.34E+03,C4,9.33E-01,136,,,3.06E+09
1.34E+03,C4,9.33E-01,137,,,2.48E+09
1.34E+03,C4,9.33E-01,138,,,2.97E+09
1.34E+03,C4,9.33E-01,139,,,2.51E+09
1.34E+03,C4,9.33E-01,140,,,2.54E+09
1.34E+03,C4,9.33E-01,141,,,2.63E+09
1.34E+03,C4,9.33E-01,142,,,2.52E+09
1.34E+03,C4,9.33E-01,143,,,2.61E+09
1.34E+03,C4,9.33E-01,144,,,2.66E+09
1.35E+03,C4,9.33E-01,145,,,2.70E+09
1.35E+03,C4,9.33E-01,146,,,2.33E+09
1.35E+03,C4,9.33E-01,147,,,2.43E+09
1.35E+03,C4,9.33E-01,148,,,2.83E+09
1.35E+03,C4,9.33E-01,149,,,2.84E+09
1.35E+03,C4,9.33E-01,150,,,2.57E+09
1.35E+03,C4,9.33E-01,151,,,2.55E+09
1.35E+03,C4,9.33E-01,152,,,2.98E+09
1.35E+03,C4,9.33E-01,153,,,2.22E+09
1.35E+03,C4,9.33E-01,154,,,2.62E+09
1.36E+03,C4,9.33E-01,155,,,2.61E+09
1.36E+03,C4,9.33E-01,156,,,2.73E+09
1.36E+03,C4,9.33E-01,157,,,2.78E+09
1.36E+03,C4,9.33E-01,158,,,2.52E+09
1.36E+03,C4,9.33E-01,159,,,2.49E+09
1.36E+03,C4,9.33E-01,160,,,2.63E+09
1.36E+03,C4,9.33E-01,161,,,2.64E+09
1.36E+03,C4,9.33E-01,162,,,2.43E+09
1.36E+03,C4,9.33E-01,163,,,2.89E+09
1.36E+03,C4,9.33E-01,164,,,2.45E+09
1.37E+03,C4,9.33E-01,165,,,2.89E+09
1.37E+03,C4,9.33E-01,166,,,2.67E+09
1.37E+03,C4,9.33E-01,167,,,2.68E+09
1.37E+03,C4,9.33E-01,168,,,2.46E+09
1.37E+03,C4,9.33E-01,169,,,2.84E+09
1.37E+03,C4,9.33E-01,170,,,2.65E+09
1.37E+03,C4,9.33E-01,171,,,2.73E+09
1.37E+03,C4,9.33E-01,172,,,2.65E+09
1.37E+03,C4,9.33E-01,173,,,2.67E+09
1.37E+03,C4,9.33E-01,174,,,2.41E+09
1.38E+03,C4,9.33E-01,175,,,2.91E+09
1.38E+03,C4,9.33E-01,176,,,2.23E+09
1.38E+03,C4,9.33E-01,177,,,2.74E+09
1.38E+03,C4,9.33E-01,178,,,2.75E+09
1.38E+03,C4,9.33E-01,179,,,2.77E+09
1.38E+03,C4,9.33E-01,180,,,2.75E+09
1.38E+03,C4,9.33E-01,181,,,2.19E+09
1.38E+03,C4,9.33E-01,182,,,2.81E+09
1.38E+03,C4,9.33E-01,183,,,2.72E+09
1.38E+03,C4,9.33E-01,184,,,2.83E+09
1.39E+03,C4,9.33E-01,185,,,2.33E+09
1.39E+03,C4,9.33E-01,186,,,2.98E+09
1.39E+03,C4,9.33E-01,187,,,2.77E+09
1.39E+03,C4,9.33E-01,188,,,2.33E+09
1.39E+03,C4,9.33E-01,189,,,2.79E+09
1.39E+03,C4,9.33E-01,190,,,2.87E+09
1.39E+03,C4,9.33E-01,191,,,2.85E+09
1.39E+03,C4,9.33E-01,192,,,2.62E+09
1.39E+03,C4,9.33E-01,193,,,2.69E+09
1.39E+03,C4,9.33E-01,194,,,2.67E+09
1.40E+03,C4,9.33E-01,195,,,2.74E+09
1.40E+03,C4,9.33E-01,196,,,2.80E+09
1.40E+03,C4,9.33E-01,197,,,2.29E+09
1.40E+03,C4,9.33E-01,198,,,2.28E+09
1.40E+03,C4,9.33E-01,199,,,2.80E+09
1.40E+03,C4,9.33E-01,200,,,2.88E+09
1.40E+03,C4,1.022,1,,,2.74E+09
1.40E+03,C4,1.022,2,,,2.98E+09
1.40E+03,C4,1.022,3,,,2.98E+09
1.40E+03,C4,1.022,4,,,2.96E+09
1.41E+03,C4,1.022,5,,,2.98E+09
1.41E+03,C4,1.022,6,,,3.32E+09
1.41E+03,C4,1.022,7,,,2.58E+09
1.41E+03,C4,1.022,8,,,2.94E+09
1.41E+03,C4,1.022,9,,,2.93E+09
1.41E+03,C4,1.022,10,,,2.69E+09
1.41E+03,C4,1.022,11,,,3.28E+09
1.41E+03,C4,1.022,12,,,3.20E+09
1.41E+03,C4,1.022,13,,,2.71E+09
1.41E+03,C4,1.022,14,,,2.93E+09
1.42E+03,C4,1.022,15,,,3.01E+09
1.42E+03,C4,1.022,16,,,2.83E+09
1.42E+03,C4,1.022,17,,,2.90E+09
1.42E+03,C4,1.022,18,,,3.40E+09
1.42E+03,C4,1.022,19,,,2.89E+09
1.42E+03,C4,1.022,20,,,2.85E+09
1.42E+03,C4,1.022,21,,,2.85E+09
1.42E+03,C4,1.022,22,,,3.63E+09
1.42E+03,C4,1.022,23,,,2.92E+09
1.42E+03,C4,1.022,24,,,2.71E+09
1.43E+03,C4,1.022,25,,,2.78E+09
1.43E+03,C4,1.022,26,,,3.40E+09
1.43E+03,C4,1.022,27,,,2.82E+09
1.43E+03,C4,1.022,28,,,2.70E+09
1.43E+03,C4,1.022,29,,,2.81E+09
1.43E+03,C4,1.022,30,,,3.28E+09
1.43E+03,C4,1.022,31,,,2.84E+09
1.43E+03,C4,1.022,32,,,3.15E+09
1.43E+03,C4,1.022,33,,,2.62E+09
1.43E+03,C4,1.022,34,,,2.69E+09
1.44E+03,C4,1.022,35,,,3.11E+09
1.44E+03,C4,1.022,36,,,3.18E+09
1.44E+03,C4,1.022,37,,,2.98E+09
1.44E+03,C4,1.022,38,,,3.03E+09
1.44E+03,C4,1.022,39,,,3.01E+09
1.44E+03,C4,1.022,40,,,3.08E+09
1.44E+03,C4,1.022,41,,,3.01E+09
1.44E+03,C4,1.022,42,,,3.03E+09
1.44E+03,C4,1.022,43,,,3.06E+09
1.44E+03,C4,1.022,44,,,3.12E+09
1.45E+03,C4,1.022,45,,,2.67E+09
1.45E+03,C4,1.022,46,,,2.59E+09
1.45E+03,C4,1.022,47,,,3.15E+09
1.45E+03,C4,1.022,48,,,2.83E+09
1.45E+03,C4,1.022,49,,,3.35E+09
1.45E+03,C4,1.022,50,,,3.02E+09
1.45E+03,C4,1.022,51,,,2.54E+09
1.45E+03,C4,1.022,52,,,2.96E+09
1.45E+03,C4,1.022,53,,,2.74E+09
1.45E+03,C4,1.022,54,,,2.70E+09
1.46E+03,C4,1.022,55,,,3.21E+09
1.46E+03,C4,1.022,56,,,2.90E+09
1.46E+03,C4,1.022,57,,,3.43E+09
1.46E+03,C4,1.022,58,,,2.65E+09
1.46E+03,C4,1.022,59,,,3.10E+09
1.46E+03,C4,1.022,60,,,2.76E+09
1.46E+03,C4,1.022,61,,,3.24E+09
1.46E+03,C4,1.022,62,,,2.99E+09
1.46E+03,C4,1.022,63,,,3.14E+09
1.46E+03,C4,1.022,64,,,3.09E+09
1.47E+03,C4,1.022,65,,,3.00E+09
1.47E+03,C4,1.022,66,,,3.22E+09
1.47E+03,C4,1.022,67,,,2.76E+09
1.47E+03,C4,1.022,68,,,3.29E+09
1.47E+03,C4,1.022,69,,,2.76E+09
1.47E+03,C4,1.022,70,,,2.96E+09
1.47E+03,C4,1.022,71,,,2.97E+09
1.47E+03,C4,1.022,72,,,3.17E+09
1.47E+03,C4,1.022,73,,,2.74E+09
1.47E+03,C4,1.022,74,,,2.88E+09
1.48E+03,C4,1.022,75,,,2.92E+09
1.48E+03,C4,1.022,76,,,2.78E+09
1.48E+03,C4,1.022,77,,,2.93E+09
1.48E+03,C4,1.022,78,,,3.17E+09
1.48E+03,C4,1.022,79,,,2.71E+09
1.48E+03,C4,1.022,80,,,3.08E+09
1.48E+03,C4,1.022,81,,,2.53E+09
1.48E+03,C4,1.022,82,,,2.56E+09
1.48E+03,C4,1.022,83,,,3.14E+09
1.48E+03,C4,1.022,84,,,3.14E+09
1.49E+03,C4,1.022,85,,,3.12E+09
1.49E+03,C4,1.022,86,,,3.09E+09
1.49E+03,C4,1.022,87,,,2.59E+09
1.49E+03,C4,1.022,88,,,3.20E+09
1.49E+03,C4,1.022,89,,,3.08E+09
1.49E+03,C4,1.022,90,,,3.11E+09
1.49E+03,C4,1.022,91,,,2.60E+09
1.49E+03,C4,1.022,92,,,3.13E+09
1.49E+03,C4,1.022,93,,,3.21E+09
1.49E+03,C4,1.022,94,,,2.61E+09
1.50E+03,C4,1.022,95,,,3.08E+09
1.50E+03,C4,1.022,96,,,2.81E+09
1.50E+03,C4,1.022,97,,,3.37E+09
1.50E+03,C4,1.022,98,,,2.81E+09
1.50E+03,C4,1.022,99,,,2.55E+09
1.50E+03,C4,1.022,100,,,2.96E+09
1.50E+03,C4,1.022,101,,,2.89E+09
1.50E+03,C4,1.022,102,,,2.95E+09
1.50E+03,C4,1.022,103,,,2.91E+09
1.50E+03,C4,1.022,104,,,2.88E+09
1.51E+03,C4,1.022,105,,,2.83E+09
1.51E+03,C4,1.022,106,,,2.90E+09
1.51E+03,C4,1.022,107,,,2.78E+09
1.51E+03,C4,1.022,108,,,2.74E+09
1.51E+03,C4,1.022,109,,,3.25E+09
1.51E+03,C4,1.022,110,,,2.78E+09
1.51E+03,C4,1.022,111,,,3.33E+09
1.51E+03,C4,1.022,112,,,2.87E+09
1.51E+03,C4,1.022,113,,,2.88E+09
1.51E+03,C4,1.022,114,,,3.22E+09
1.52E+03,C4,1.022,115,,,3.15E+09
1.52E+03,C4,1.022,116,,,2.73E+09
1.52E+03,C4,1.022,117,,,3.40E+09
1.52E+03,C4,1.022,118,,,3.03E+09
1.52E+03,C4,1.022,119,,,2.93E+09
1.52E+03,C4,1.022,120,,,2.65E+09
1.52E+03,C4,1.022,121,,,2.70E+09
1.52E+03,C4,1.022,122,,,3.03E+09
1.52E+03,C4,1.022,123,,,3.01E+09
1.52E+03,C4,1.022,124,,,2.93E+09
1.53E+03,C4,1.022,125,,,2.83E+09
1.53E+03,C4,1.022,126,,,3.15E+09
1.53E+03,C4,1.022,127,,,3.18E+09
1.53E+03,C4,1.022,128,,,2.85E+09
1.53E+03,C4,1.022,129,,,2.88E+09
1.53E+03,C4,1.022,130,,,2.77E+09
1.53E+03,C4,1.022,131,,,2.94E+09
1.53E+03,C4,1.022,132,,,3.32E+09
1.53E+03,C4,1.022,133,,,2.79E+09
1.53E+03,C4,1.022,134,,,3.41E+09
1.54E+03,C4,1.022,135,,,2.76E+09
1.54E+03,C4,1.022,136,,,3.40E+09
1.54E+03,C4,1.022,137,,,2.79E+09
1.54E+03,C4,1.022,138,,,3.30E+09
1.54E+03,C4,1.022,139,,,2.81E+09
1.54E+03,C4,1.022,140,,,2.85E+09
1.54E+03,C4,1.022,141,,,2.95E+09
1.54E+03,C4,1.022,142,,,2.81E+09
1.54E+03,C4,1.022,143,,,2.93E+09
1.54E+03,C4,1.022,144,,,2.98E+09
1.55E+03,C4,1.022,145,,,3.02E+09
1.55E+03,C4,1.022,146,,,2.62E+09
1.55E+03,C4,1.022,147,,,2.72E+09
1.55E+03,C4,1.022,148,,,3.15E+09
1.55E+03,C4,1.022,149,,,3.16E+09
1.55E+03,C4,1.022,150,,,2.87E+09
1.55E+03,C4,1.022,151,,,2.86E+09
1.55E+03,C4,1.022,152,,,3.31E+09
1.55E+03,C4,1.022,153,,,2.50E+09
1.55E+03,C4,1.022,154,,,2.93E+09
1.56E+03,C4,1.022,155,,,2.92E+09
1.56E+03,C4,1.022,156,,,3.05E+09
1.56E+03,C4,1.022,157,,,3.10E+09
1.56E+03,C4,1.022,158,,,2.82E+09
1.56E+03,C4,1.022,159,,,2.78E+09
1.56E+03,C4,1.022,160,,,2.93E+09
1.56E+03,C4,1.022,161,,,2.95E+09
1.56E+03,C4,1.022,162,,,2.73E+09
1.56E+03,C4,1.022,163,,,3.21E+09
1.56E+03,C4,1.022,164,,,2.74E+09
1.57E+03,C4,1.022,165,,,3.22E+09
1.57E+03,C4,1.022,166,,,2.98E+09
1.57E+03,C4,1.022,167,,,3.01E+09
1.57E+03,C4,1.022,168,,,2.76E+09
1.57E+03,C4,1.022,169,,,3.15E+09
1.57E+03,C4,1.022,170,,,2.96E+09
1.57E+03,C4,1.022,171,,,3.03E+09
1.57E+03,C4,1.022,172,,,2.96E+09
1.57E+03,C4,1.022,173,,,2.98E+09
1.57E+03,C4,1.022,174,,,2.71E+09
1.58E+03,C4,1.022,175,,,3.23E+09
1.58E+03,C4,1.022,176,,,2.50E+09
1.58E+03,C4,1.022,177,,,3.05E+09
1.58E+03,C4,1.022,178,,,3.08E+09
1.58E+03,C4,1.022,179,,,3.08E+09
1.58E+03,C4,1.022,180,,,3.07E+09
1.58E+03,C4,1.022,181,,,2.48E+09
1.58E+03,C4,1.022,182,,,3.13E+09
1.58E+03,C4,1.022,183,,,3.04E+09
1.58E+03,C4,1.022,184,,,3.15E+09
1.59E+03,C4,1.022,185,,,2.62E+09
1.59E+03,C4,1.022,186,,,3.31E+09
1.59E+03,C4,1.022,187,,,3.09E+09
1.59E+03,C4,1.022,188,,,2.63E+09
1.59E+03,C4,1.022,189,,,3.11E+09
1.59E+03,C4,1.022,190,,,3.19E+09
1.59E+03,C4,1.022,191,,,3.16E+09
1.59E+03,C4,1.022,192,,,2.91E+09
1.59E+03,C4,1.022,193,,,3.00E+09
1.59E+03,C4,1.022,194,,,2.98E+09
1.60E+03,C4,1.022,195,,,3.06E+09
1.60E+03,C4,1.022,196,,,3.12E+09
1.60E+03,C4,1.022,197,,,2.57E+09
1.60E+03,C4,1.022,198,,,2.58E+09
1.60E+03,C4,1.022,199,,,3.12E+09
1.60E+03,C4,1.022,200,,,3.20E+09
1.60E+03,C4,1.111,1,,,3.00E+09
1.60E+03,C4,1.111,2,,,3.22E+09
1.60E+03,C4,1.111,3,,,3.26E+09
1.60E+03,C4,1.111,4,,,3.20E+09
1.61E+03,C4,1.111,5,,,3.25E+09
1.61E+03,C4,1.111,6,,,3.56E+09
1.61E+03,C4,1.111,7,,,2.80E+09
1.61E+03,C4,1.111,8,,,3.18E+09
1.61E+03,C4,1.111,9,,,3.20E+09
1.61E+03,C4,1.111,10,,,2.95E+09
1.61E+03,C4,1.111,11,,,3.54E+09
1.61E+03,C4,1.111,12,,,3.45E+09
1.61E+03,C4,1.111,13,,,2.97E+09
1.61E+03,C4,1.111,14,,,3.18E+09
1.62E+03,C4,1.111,15,,,3.28E+09
1.62E+03,C4,1.111,16,,,3.08E+09
1.62E+03,C4,1.111,17,,,3.16E+09
1.62E+03,C4,1.111,18,,,3.64E+09
1.62E+03,C4,1.111,19,,,3.14E+09
1.62E+03,C4,1.111,20,,,3.10E+09
1.62E+03,C4,1.111,21,,,3.10E+09
1.62E+03,C4,1.111,22,,,3.91E+09
1.62E+03,C4,1.111,23,,,3.17E+09
1.62E+03,C4,1.111,24,,,2.98E+09
1.63E+03,C4,1.111,25,,,3.03E+09
1.63E+03,C4,1.111,26,,,3.67E+09
1.63E+03,C4,1.111,27,,,3.07E+09
1.63E+03,C4,1.111,28,,,2.95E+09
1.63E+03,C4,1.111,29,,,3.07E+09
1.63E+03,C4,1.111,30,,,3.52E+09
1.63E+03,C4,1.111,31,,,3.09E+09
1.63E+03,C4,1.111,32,,,3.41E+09
1.63E+03,C4,1.111,33,,,2.88E+09
1.63E+03,C4,1.111,34,,,2.94E+09
1.64E+03,C4,1.111,35,,,3.36E+09
1.64E+03,C4,1.111,36,,,3.46E+09
1.64E+03,C4,1.111,37,,,3.22E+09
1.64E+03,C4,1.111,38,,,3.28E+09
1.64E+03,C4,1.111,39,,,3.26E+09
1.64E+03,C4,1.111,40,,,3.35E+09
1.64E+03,C4,1.111,41,,,3.27E+09
1.64E+03,C4,1.111,42,,,3.28E+09
1.64E+03,C4,1.111,43,,,3.30E+09
1.64E+03,C4,1.111,44,,,3.38E+09
1.65E+03,C4,1.111,45,,,2.93E+09
1.65E+03,C4,1.111,46,,,2.83E+09
1.65E+03,C4,1.111,47,,,3.39E+09
1.65E+03,C4,1.111,48,,,3.10E+09
1.65E+03,C4,1.111,49,,,3.60E+09
1.65E+03,C4,1.111,50,,,3.29E+09
1.65E+03,C4,1.111,51,,,2.78E+09
1.65E+03,C4,1.111,52,,,3.22E+09
1.65E+03,C4,1.111,53,,,2.96E+09
1.65E+03,C4,1.111,54,,,2.94E+09
1.66E+03,C4,1.111,55,,,3.47E+09
1.66E+03,C4,1.111,56,,,3.17E+09
1.66E+03,C4,1.111,57,,,3.68E+09
1.66E+03,C4,1.111,58,,,2.89E+09
1.66E+03,C4,1.111,59,,,3.36E+09
1.66E+03,C4,1.111,60,,,3.03E+09
1.66E+03,C4,1.111,61,,,3.50E+09
1.66E+03,C4,1.111,62,,,3.25E+09
1.66E+03,C4,1.111,63,,,3.34E+09
1.66E+03,C4,1.111,64,,,3.36E+09
1.67E+03,C4,1.111,65,,,3.26E+09
1.67E+03,C4,1.111,66,,,3.48E+09
1.67E+03,C4,1.111,67,,,3.01E+09
1.67E+03,C4,1.111,68,,,3.56E+09
1.67E+03,C4,1.111,69,,,3.01E+09
1.67E+03,C4,1.111,70,,,3.18E+09
1.67E+03,C4,1.111,71,,,3.23E+09
1.67E+03,C4,1.111,72,,,3.44E+09
1.67E+03,C4,1.111,73,,,2.99E+09
1.67E+03,C4,1.111,74,,,3.12E+09
1.68E+03,C4,1.111,75,,,3.17E+09
1.68E+03,C4,1.111,76,,,3.04E+09
1.68E+03,C4,1.111,77,,,3.19E+09
1.68E+03,C4,1.111,78,,,3.43E+09
1.68E+03,C4,1.111,79,,,2.96E+09
1.68E+03,C4,1.111,80,,,3.32E+09
1.68E+03,C4,1.111,81,,,2.78E+09
1.68E+03,C4,1.111,82,,,2.81E+09
1.68E+03,C4,1.111,83,,,3.42E+09
1.68E+03,C4,1.111,84,,,3.38E+09
1.69E+03,C4,1.111,85,,,3.37E+09
1.69E+03,C4,1.111,86,,,3.34E+09
1.69E+03,C4,1.111,87,,,2.84E+09
1.69E+03,C4,1.111,88,,,3.44E+09
1.69E+03,C4,1.111,89,,,3.34E+09
1.69E+03,C4,1.111,90,,,3.36E+09
1.69E+03,C4,1.111,91,,,2.85E+09
1.69E+03,C4,1.111,92,,,3.37E+09
1.69E+03,C4,1.111,93,,,3.49E+09
1.69E+03,C4,1.111,94,,,2.86E+09
1.70E+03,C4,1.111,95,,,3.31E+09
1.70E+03,C4,1.111,96,,,3.07E+09
1.70E+03,C4,1.111,97,,,3.61E+09
1.70E+03,C4,1.111,98,,,3.07E+09
1.70E+03,C4,1.111,99,,,2.78E+09
1.70E+03,C4,1.111,100,,,3.21E+09
1.70E+03,C4,1.111,101,,,3.13E+09
1.70E+03,C4,1.111,102,,,3.21E+09
1.70E+03,C4,1.111,103,,,3.18E+09
1.70E+03,C4,1.111,104,,,3.13E+09
1.71E+03,C4,1.111,105,,,3.07E+09
1.71E+03,C4,1.111,106,,,3.16E+09
1.71E+03,C4,1.111,107,,,3.04E+09
1.71E+03,C4,1.111,108,,,2.99E+09
1.71E+03,C4,1.111,109,,,3.49E+09
1.71E+03,C4,1.111,110,,,3.05E+09
1.71E+03,C4,1.111,111,,,3.60E+09
1.71E+03,C4,1.111,112,,,3.13E+09
1.71E+03,C4,1.111,113,,,3.12E+09
1.71E+03,C4,1.111,114,,,3.49E+09
1.72E+03,C4,1.111,115,,,3.41E+09
1.72E+03,C4,1.111,116,,,2.97E+09
1.72E+03,C4,1.111,117,,,3.64E+09
1.72E+03,C4,1.111,118,,,3.30E+09
1.72E+03,C4,1.111,119,,,3.16E+09
1.72E+03,C4,1.111,120,,,2.88E+09
1.72E+03,C4,1.111,121,,,2.96E+09
1.72E+03,C4,1.111,122,,,3.30E+09
1.72E+03,C4,1.111,123,,,3.26E+09
1.72E+03,C4,1.111,124,,,3.19E+09
1.73E+03,C4,1.111,125,,,3.07E+09
1.73E+03,C4,1.111,126,,,3.41E+09
1.73E+03,C4,1.111,127,,,3.43E+09
1.73E+03,C4,1.111,128,,,3.12E+09
1.73E+03,C4,1.111,129,,,3.11E+09
1.73E+03,C4,1.111,130,,,3.00E+09
1.73E+03,C4,1.111,131,,,3.20E+09
1.73E+03,C4,1.111,132,,,3.58E+09
1.73E+03,C4,1.111,133,,,3.06E+09
1.73E+03,C4,1.111,134,,,3.65E+09
1.74E+03,C4,1.111,135,,,3.00E+09
1.74E+03,C4,1.111,136,,,3.67E+09
1.74E+03,C4,1.111,137,,,3.05E+09
1.74E+03,C4,1.111,138,,,3.55E+09
1.74E+03,C4,1.111,139,,,3.05E+09
1.74E+03,C4,1.111,140,,,3.12E+09
1.74E+03,C4,1.111,141,,,3.21E+09
1.74E+03,C4,1.111,142,,,3.04E+09
1.74E+03,C4,1.111,143,,,3.19E+09
1.74E+03,C4,1.111,144,,,3.23E+09
1.75E+03,C4,1.111,145,,,3.28E+09
1.75E+03,C4,1.111,146,,,2.87E+09
1.75E+03,C4,1.111,147,,,2.96E+09
1.75E+03,C4,1.111,148,,,3.41E+09
1.75E+03,C4,1.111,149,,,3.43E+09
1.75E+03,C4,1.111,150,,,3.12E+09
1.75E+03,C4,1.111,151,,,3.11E+09
1.75E+03,C4,1.111,152,,,3.57E+09
1.75E+03,C4,1.111,153,,,2.73E+09
1.75E+03,C4,1.111,154,,,3.18E+09
1.76E+03,C4,1.111,155,,,3.17E+09
1.76E+03,C4,1.111,156,,,3.31E+09
1.76E+03,C4,1.111,157,,,3.37E+09
1.76E+03,C4,1.111,158,,,3.07E+09
1.76E+03,C4,1.111,159,,,3.03E+09
1.76E+03,C4,1.111,160,,,3.19E+09
1.76E+03,C4,1.111,161,,,3.19E+09
1.76E+03,C4,1.111,162,,,2.99E+09
1.76E+03,C4,1.111,163,,,3.46E+09
1.76E+03,C4,1.111,164,,,2.99E+09
1.77E+03,C4,1.111,165,,,3.48E+09
1.77E+03,C4,1.111,166,,,3.23E+09
1.77E+03,C4,1.111,167,,,3.29E+09
1.77E+03,C4,1.111,168,,,3.01E+09
1.77E+03,C4,1.111,169,,,3.39E+09
1.77E+03,C4,1.111,170,,,3.21E+09
1.77E+03,C4,1.111,171,,,3.25E+09
1.77E+03,C4,1.111,172,,,3.22E+09
1.77E+03,C4,1.111,173,,,3.22E+09
1.77E+03,C4,1.111,174,,,2.97E+09
1.78E+03,C4,1.111,175,,,3.49E+09
1.78E+03,C4,1.111,176,,,2.74E+09
1.78E+03,C4,1.111,177,,,3.31E+09
1.78E+03,C4,1.111,178,,,3.35E+09
1.78E+03,C4,1.111,179,,,3.32E+09
1.78E+03,C4,1.111,180,,,3.34E+09
1.78E+03,C4,1.111,181,,,2.72E+09
1.78E+03,C4,1.111,182,,,3.39E+09
1.78E+03,C4,1.111,183,,,3.29E+09
1.78E+03,C4,1.111,184,,,3.42E+09
1.79E+03,C4,1.111,185,,,2.87E+09
1.79E+03,C4,1.111,186,,,3.58E+09
1.79E+03,C4,1.111,187,,,3.34E+09
1.79E+03,C4,1.111,188,,,2.88E+09
1.79E+03,C4,1.111,189,,,3.37E+09
1.79E+03,C4,1.111,190,,,3.47E+09
1.79E+03,C4,1.111,191,,,3.39E+09
1.79E+03,C4,1.111,192,,,3.14E+09
1.79E+03,C4,1.111,193,,,3.26E+09
1.79E+03,C4,1.111,194,,,3.24E+09
1.80E+03,C4,1.111,195,,,3.33E+09
1.80E+03,C4,1.111,196,,,3.37E+09
1.80E+03,C4,1.111,197,,,2.81E+09
1.80E+03,C4,1.111,198,,,2.84E+09
1.80E+03,C4,1.111,199,,,3.38E+09
1.80E+03,C4,1.111,200,,,3.46E+09
1.80E+03,C4,1.2,1,,,3.16E+09
1.80E+03,C4,1.2,2,,,3.37E+09
1.80E+03,C4,1.2,3,,,3.44E+09
1.80E+03,C4,1.2,4,,,3.34E+09
1.81E+03,C4,1.2,5,,,3.43E+09
1.81E+03,C4,1.2,6,,,3.70E+09
1.81E+03,C4,1.2,7,,,2.94E+09
1.81E+03,C4,1.2,8,,,3.32E+09
1.81E+03,C4,1.2,9,,,3.38E+09
1.81E+03,C4,1.2,10,,,3.13E+09
1.81E+03,C4,1.2,11,,,3.70E+09
1.81E+03,C4,1.2,12,,,3.59E+09
1.81E+03,C4,1.2,13,,,3.14E+09
1.81E+03,C4,1.2,14,,,3.33E+09
1.82E+03,C4,1.2,15,,,3.46E+09
1.82E+03,C4,1.2,16,,,3.23E+09
1.82E+03,C4,1.2,17,,,3.32E+09
1.82E+03,C4,1.2,18,,,3.78E+09
1.82E+03,C4,1.2,19,,,3.30E+09
1.82E+03,C4,1.2,20,,,3.26E+09
1.82E+03,C4,1.2,21,,,3.25E+09
1.82E+03,C4,1.2,22,,,4.08E+09
1.82E+03,C4,1.2,23,,,3.33E+09
1.82E+03,C4,1.2,24,,,3.18E+09
1.83E+03,C4,1.2,25,,,3.18E+09
1.83E+03,C4,1.2,26,,,3.83E+09
1.83E+03,C4,1.2,27,,,3.23E+09
1.83E+03,C4,1.2,28,,,3.10E+09
1.83E+03,C4,1.2,29,,,3.23E+09
1.83E+03,C4,1.2,30,,,3.67E+09
1.83E+03,C4,1.2,31,,,3.25E+09
1.83E+03,C4,1.2,32,,,3.57E+09
1.83E+03,C4,1.2,33,,,3.07E+09
1.83E+03,C4,1.2,34,,,3.10E+09
1.84E+03,C4,1.2,35,,,3.50E+09
1.84E+03,C4,1.2,36,,,3.64E+09
1.84E+03,C4,1.2,37,,,3.36E+09
1.84E+03,C4,1.2,38,,,3.45E+09
1.84E+03,C4,1.2,39,,,3.41E+09
1.84E+03,C4,1.2,40,,,3.52E+09
1.84E+03,C4,1.2,41,,,3.44E+09
1.84E+03,C4,1.2,42,,,3.44E+09
1.84E+03,C4,1.2,43,,,3.44E+09
1.84E+03,C4,1.2,44,,,3.54E+09
1.85E+03,C4,1.2,45,,,3.11E+09
1.85E+03,C4,1.2,46,,,2.99E+09
1.85E+03,C4,1.2,47,,,3.52E+09
1.85E+03,C4,1.2,48,,,3.27E+09
1.85E+03,C4,1.2,49,,,3.76E+09
1.85E+03,C4,1.2,50,,,3.45E+09
1.85E+03,C4,1.2,51,,,2.94E+09
1.85E+03,C4,1.2,52,,,3.39E+09
1.85E+03,C4,1.2,53,,,3.09E+09
1.85E+03,C4,1.2,54,,,3.09E+09
1.86E+03,C4,1.2,55,,,3.63E+09
1.86E+03,C4,1.2,56,,,3.33E+09
1.86E+03,C4,1.2,57,,,3.84E+09
1.86E+03,C4,1.2,58,,,3.05E+09
1.86E+03,C4,1.2,59,,,3.52E+09
1.86E+03,C4,1.2,60,,,3.21E+09
1.86E+03,C4,1.2,61,,,3.66E+09
1.86E+03,C4,1.2,62,,,3.41E+09
1.86E+03,C4,1.2,63,,,3.47E+09
1.86E+03,C4,1.2,64,,,3.54E+09
1.87E+03,C4,1.2,65,,,3.42E+09
1.87E+03,C4,1.2,66,,,3.65E+09
1.87E+03,C4,1.2,67,,,3.16E+09
1.87E+03,C4,1.2,68,,,3.72E+09
1.87E+03,C4,1.2,69,,,3.17E+09
1.87E+03,C4,1.2,70,,,3.30E+09
1.87E+03,C4,1.2,71,,,3.39E+09
1.87E+03,C4,1.2,72,,,3.60E+09
1.87E+03,C4,1.2,73,,,3.15E+09
1.87E+03,C4,1.2,74,,,3.27E+09
1.88E+03,C4,1.2,75,,,3.34E+09
1.88E+03,C4,1.2,76,,,3.23E+09
1.88E+03,C4,1.2,77,,,3.35E+09
1.88E+03,C4,1.2,78,,,3.59E+09
1.88E+03,C4,1.2,79,,,3.11E+09
1.88E+03,C4,1.2,80,,,3.46E+09
1.88E+03,C4,1.2,81,,,2.93E+09
1.88E+03,C4,1.2,82,,,2.99E+09
1.88E+03,C4,1.2,83,,,3.59E+09
1.88E+03,C4,1.2,84,,,3.53E+09
1.89E+03,C4,1.2,85,,,3.53E+09
1.89E+03,C4,1.2,86,,,3.49E+09
1.89E+03,C4,1.2,87,,,3.01E+09
1.89E+03,C4,1.2,88,,,3.58E+09
1.89E+03,C4,1.2,89,,,3.50E+09
1.89E+03,C4,1.2,90,,,3.51E+09
1.89E+03,C4,1.2,91,,,3.02E+09
1.89E+03,C4,1.2,92,,,3.51E+09
1.89E+03,C4,1.2,93,,,3.67E+09
1.89E+03,C4,1.2,94,,,3.02E+09
1.90E+03,C4,1.2,95,,,3.45E+09
1.90E+03,C4,1.2,96,,,3.23E+09
1.90E+03,C4,1.2,97,,,3.75E+09
1.90E+03,C4,1.2,98,,,3.25E+09
1.90E+03,C4,1.2,99,,,2.92E+09
1.90E+03,C4,1.2,100,,,3.36E+09
1.90E+03,C4,1.2,101,,,3.28E+09
1.90E+03,C4,1.2,102,,,3.37E+09
1.90E+03,C4,1.2,103,,,3.36E+09
1.90E+03,C4,1.2,104,,,3.29E+09
1.91E+03,C4,1.2,105,,,3.21E+09
1.91E+03,C4,1.2,106,,,3.32E+09
1.91E+03,C4,1.2,107,,,3.22E+09
1.91E+03,C4,1.2,108,,,3.15E+09
1.91E+03,C4,1.2,109,,,3.64E+09
1.91E+03,C4,1.2,110,,,3.23E+09
1.91E+03,C4,1.2,111,,,3.76E+09
1.91E+03,C4,1.2,112,,,3.31E+09
1.91E+03,C4,1.2,113,,,3.26E+09
1.91E+03,C4,1.2,114,,,3.67E+09
1.92E+03,C4,1.2,115,,,3.57E+09
1.92E+03,C4,1.2,116,,,3.12E+09
1.92E+03,C4,1.2,117,,,3.78E+09
1.92E+03,C4,1.2,118,,,3.47E+09
1.92E+03,C4,1.2,119,,,3.30E+09
1.92E+03,C4,1.2,120,,,3.02E+09
1.92E+03,C4,1.2,121,,,3.14E+09
1.92E+03,C4,1.2,122,,,3.47E+09
1.92E+03,C4,1.2,123,,,3.42E+09
1.92E+03,C4,1.2,124,,,3.36E+09
1.93E+03,C4,1.2,125,,,3.21E+09
1.93E+03,C4,1.2,126,,,3.58E+09
1.93E+03,C4,1.2,127,,,3.58E+09
1.93E+03,C4,1.2,128,,,3.30E+09
1.93E+03,C4,1.2,129,,,3.25E+09
1.93E+03,C4,1.2,130,,,3.14E+09
1.93E+03,C4,1.2,131,,,3.37E+09
1.93E+03,C4,1.2,132,,,3.73E+09
1.93E+03,C4,1.2,133,,,3.23E+09
1.93E+03,C4,1.2,134,,,3.80E+09
1.94E+03,C4,1.2,135,,,3.14E+09
1.94E+03,C4,1.2,136,,,3.83E+09
1.94E+03,C4,1.2,137,,,3.23E+09
1.94E+03,C4,1.2,138,,,3.70E+09
1.94E+03,C4,1.2,139,,,3.19E+09
1.94E+03,C4,1.2,140,,,3.30E+09
1.94E+03,C4,1.2,141,,,3.38E+09
1.94E+03,C4,1.2,142,,,3.18E+09
1.94E+03,C4,1.2,143,,,3.36E+09
1.94E+03,C4,1.2,144,,,3.38E+09
1.95E+03,C4,1.2,145,,,3.45E+09
1.95E+03,C4,1.2,146,,,3.05E+09
1.95E+03,C4,1.2,147,,,3.11E+09
1.95E+03,C4,1.2,148,,,3.57E+09
1.95E+03,C4,1.2,149,,,3.60E+09
1.95E+03,C4,1.2,150,,,3.28E+09
1.95E+03,C4,1.2,151,,,3.28E+09
1.95E+03,C4,1.2,152,,,3.73E+09
1.95E+03,C4,1.2,153,,,2.88E+09
1.95E+03,C4,1.2,154,,,3.34E+09
1.96E+03,C4,1.2,155,,,3.34E+09
1.96E+03,C4,1.2,156,,,3.46E+09
1.96E+03,C4,1.2,157,,,3.54E+09
1.96E+03,C4,1.2,158,,,3.24E+09
1.96E+03,C4,1.2,159,,,3.18E+09
1.96E+03,C4,1.2,160,,,3.34E+09
1.96E+03,C4,1.2,161,,,3.33E+09
1.96E+03,C4,1.2,162,,,3.16E+09
1.96E+03,C4,1.2,163,,,3.61E+09
1.96E+03,C4,1.2,164,,,3.15E+09
1.97E+03,C4,1.2,165,,,3.65E+09
1.97E+03,C4,1.2,166,,,3.38E+09
1.97E+03,C4,1.2,167,,,3.48E+09
1.97E+03,C4,1.2,168,,,3.17E+09
1.97E+03,C4,1.2,169,,,3.53E+09
1.97E+03,C4,1.2,170,,,3.36E+09
1.97E+03,C4,1.2,171,,,3.37E+09
1.97E+03,C4,1.2,172,,,3.38E+09
1.97E+03,C4,1.2,173,,,3.37E+09
1.97E+03,C4,1.2,174,,,3.14E+09
1.98E+03,C4,1.2,175,,,3.64E+09
1.98E+03,C4,1.2,176,,,2.89E+09
1.98E+03,C4,1.2,177,,,3.46E+09
1.98E+03,C4,1.2,178,,,3.52E+09
1.98E+03,C4,1.2,179,,,3.46E+09
1.98E+03,C4,1.2,180,,,3.51E+09
1.98E+03,C4,1.2,181,,,2.90E+09
1.98E+03,C4,1.2,182,,,3.56E+09
1.98E+03,C4,1.2,183,,,3.44E+09
1.98E+03,C4,1.2,184,,,3.59E+09
1.99E+03,C4,1.2,185,,,3.04E+09
1.99E+03,C4,1.2,186,,,3.75E+09
1.99E+03,C4,1.2,187,,,3.49E+09
1.99E+03,C4,1.2,188,,,3.06E+09
1.99E+03,C4,1.2,189,,,3.52E+09
1.99E+03,C4,1.2,190,,,3.63E+09
1.99E+03,C4,1.2,191,,,3.53E+09
1.99E+03,C4,1.2,192,,,3.27E+09
1.99E+03,C4,1.2,193,,,3.43E+09
1.99E+03,C4,1.2,194,,,3.40E+09
2.00E+03,C4,1.2,195,,,3.51E+09
2.00E+03,C4,1.2,196,,,3.53E+09
2.00E+03,C4,1.2,197,,,2.96E+09
2.00E+03,C4,1.2,198,,,3.03E+09
2.00E+03,C4,1.2,199,,,3.54E+09
2.00E+03,C4,1.2,200,,,3.62E+09
